cohort,instance_id,token_routed_ecr,token_routed_depth,token_routed_two_qubit_depth,token_logical_cx,penalty_row_xy_routed_ecr,penalty_row_xy_routed_depth,penalty_row_xy_routed_two_qubit_depth,penalty_row_xy_logical_cx
frozen,0000_sparse_grid_502,3113.0,8583.0,2005.0,1049.0,2645.5,3171.5,682.0,1224.0
frozen,0001_dense_grid_503,4907.0,13419.0,3132.5,1525.0,3046.0,3483.5,726.5,1584.0
frozen,0003_dense_grid_line_505,4273.0,11608.5,2734.0,1373.0,3046.0,3483.5,726.5,1584.0
frozen,0005_dense_grid_lshape_507,3955.5,10609.0,2497.5,1273.0,3072.0,3844.0,831.5,1464.0
frozen,0006_sparse_grid_510,4313.5,11837.0,2805.0,1377.0,2930.0,3394.5,716.0,1464.0
frozen,0007_dense_grid_511,4907.0,13419.0,3132.5,1525.0,3046.0,3483.5,726.5,1584.0
frozen,0009_dense_grid_line_513,4273.0,11608.5,2734.0,1373.0,3046.0,3483.5,726.5,1584.0
frozen,0011_dense_grid_lshape_515,4334.0,11433.5,2747.0,1385.0,3046.0,3483.5,726.5,1584.0
frozen,0012_sparse_grid_518,3055.5,8769.0,2045.5,1049.0,2715.5,3395.0,723.5,1224.0
frozen,0013_dense_grid_519,4907.0,13419.0,3132.5,1525.0,3046.0,3483.5,726.5,1584.0
frozen,0015_dense_grid_line_521,3436.0,9268.5,2198.0,1101.0,2772.5,3048.0,663.0,1344.0
frozen,0017_dense_grid_lshape_523,4088.0,11068.0,2616.5,1305.0,2958.0,3621.0,763.0,1464.0
frozen,0018_sparse_grid_526,3017.0,7781.0,1851.0,1025.0,2670.5,3379.0,711.0,1224.0
frozen,0019_dense_grid_527,4907.0,13419.0,3132.5,1525.0,3046.0,3483.5,726.5,1584.0
frozen,0021_dense_grid_line_529,4273.0,11608.5,2734.0,1373.0,3046.0,3483.5,726.5,1584.0
frozen,0023_dense_grid_lshape_531,4334.0,11433.5,2747.0,1385.0,3046.0,3483.5,726.5,1584.0
frozen,0024_sparse_grid_534,3821.0,10407.5,2485.0,1277.0,2921.0,3719.5,795.0,1344.0
frozen,0025_dense_grid_535,4907.0,13419.0,3132.5,1525.0,3046.0,3483.5,726.5,1584.0
frozen,0027_dense_grid_line_537,4273.0,11608.5,2734.0,1373.0,3046.0,3483.5,726.5,1584.0
frozen,0029_dense_grid_lshape_539,4334.0,11433.5,2747.0,1385.0,3046.0,3483.5,726.5,1584.0
frozen,0030_sparse_grid_542,3864.5,10456.5,2490.5,1257.0,2824.5,3464.0,731.5,1344.0
frozen,0031_dense_grid_543,4907.0,13419.0,3132.5,1525.0,3046.0,3483.5,726.5,1584.0
frozen,0033_dense_grid_line_545,4273.0,11608.5,2734.0,1373.0,3046.0,3483.5,726.5,1584.0
frozen,0035_dense_grid_lshape_547,4334.0,11433.5,2747.0,1385.0,3046.0,3483.5,726.5,1584.0
frozen,0036_sparse_grid_550,3821.0,10178.0,2416.5,1205.0,2788.5,3362.5,707.0,1344.0
frozen,0037_dense_grid_551,4907.0,13419.0,3132.5,1525.0,3046.0,3483.5,726.5,1584.0
frozen,0039_dense_grid_line_553,4273.0,11608.5,2734.0,1373.0,3046.0,3483.5,726.5,1584.0
frozen,0041_dense_grid_lshape_555,4334.0,11433.5,2747.0,1385.0,3046.0,3483.5,726.5,1584.0
frozen,0042_sparse_grid_558,4232.5,11584.0,2793.5,1377.0,2958.0,3621.0,763.0,1464.0
frozen,0043_dense_grid_559,4313.5,11837.0,2805.0,1377.0,2930.0,3394.5,716.0,1464.0
frozen,0045_dense_grid_line_561,4273.0,11608.5,2734.0,1373.0,3046.0,3483.5,726.5,1584.0
frozen,0047_dense_grid_lshape_563,4334.0,11433.5,2747.0,1385.0,3046.0,3483.5,726.5,1584.0
fresh,fresh4_dense_grid_904100,4930.0,13319.0,3118.5,1525.0,3046.0,3483.5,726.5,1584.0
fresh,fresh4_dense_grid_904101,4288.5,11443.0,2749.5,1389.0,3004.5,3625.5,765.0,1464.0
fresh,fresh4_dense_grid_904102,4930.0,13319.0,3118.5,1525.0,3046.0,3483.5,726.5,1584.0
fresh,fresh4_dense_grid_904103,4930.0,13319.0,3118.5,1525.0,3046.0,3483.5,726.5,1584.0
fresh,fresh4_dense_grid_904104,4930.0,13319.0,3118.5,1525.0,3046.0,3483.5,726.5,1584.0
fresh,fresh4_dense_grid_904105,4930.0,13319.0,3118.5,1525.0,3046.0,3483.5,726.5,1584.0
fresh,fresh4_dense_grid_line_904300,3838.0,10614.5,2534.0,1229.0,3072.0,3844.0,831.5,1464.0
fresh,fresh4_dense_grid_line_904301,4324.5,11836.0,2839.5,1373.0,3046.0,3483.5,726.5,1584.0
fresh,fresh4_dense_grid_line_904302,3838.0,10614.5,2534.0,1229.0,3072.0,3844.0,831.5,1464.0
fresh,fresh4_dense_grid_line_904303,4324.5,11836.0,2839.5,1373.0,3046.0,3483.5,726.5,1584.0
fresh,fresh4_dense_grid_line_904304,4324.5,11836.0,2839.5,1373.0,3046.0,3483.5,726.5,1584.0
fresh,fresh4_dense_grid_line_904305,3756.0,10435.0,2470.5,1209.0,2948.0,3396.5,726.0,1464.0
fresh,fresh4_dense_grid_lshape_904500,4323.0,11846.5,2815.5,1385.0,3046.0,3483.5,726.5,1584.0
fresh,fresh4_dense_grid_lshape_904501,4323.0,11846.5,2815.5,1385.0,3046.0,3483.5,726.5,1584.0
fresh,fresh4_dense_grid_lshape_904502,4323.0,11846.5,2815.5,1385.0,3046.0,3483.5,726.5,1584.0
fresh,fresh4_dense_grid_lshape_904503,4323.0,11846.5,2815.5,1385.0,3046.0,3483.5,726.5,1584.0
fresh,fresh4_dense_grid_lshape_904504,4323.0,11846.5,2815.5,1385.0,3046.0,3483.5,726.5,1584.0
fresh,fresh4_dense_grid_lshape_904505,3944.0,10729.0,2559.5,1273.0,2930.0,3394.5,716.0,1464.0
fresh,fresh4_sparse_grid_904000,3201.0,8948.0,2121.5,1077.0,2598.5,3086.0,677.5,1224.0
fresh,fresh4_sparse_grid_904001,3840.0,10371.5,2452.0,1265.0,2894.5,3607.0,766.5,1344.0
fresh,fresh4_sparse_grid_904002,4930.0,13319.0,3118.5,1525.0,3046.0,3483.5,726.5,1584.0
fresh,fresh4_sparse_grid_904003,4192.5,11501.5,2753.0,1377.0,2930.0,3394.5,716.0,1464.0
fresh,fresh4_sparse_grid_904004,2990.0,8640.0,2027.0,1061.0,2671.0,3418.0,729.5,1224.0
fresh,fresh4_sparse_grid_904005,3795.0,10268.5,2402.0,1205.0,2788.5,3362.5,707.0,1344.0
fresh,fresh4_sparse_grid_line_904200,2962.0,8180.0,1938.5,1037.0,2670.5,3379.0,711.0,1224.0
fresh,fresh4_sparse_grid_line_904201,3392.0,9209.0,2199.0,1125.0,2741.0,3195.5,671.5,1344.0
fresh,fresh4_sparse_grid_line_904202,3452.5,9733.5,2287.0,1141.0,2848.0,3451.0,729.5,1344.0
fresh,fresh4_sparse_grid_line_904203,3318.5,9510.5,2222.5,1105.0,2852.0,3541.0,751.5,1344.0
fresh,fresh4_sparse_grid_line_904204,3913.0,10875.5,2572.0,1277.0,3012.0,3744.5,820.0,1464.0
fresh,fresh4_sparse_grid_line_904205,3914.5,10753.0,2521.5,1261.0,3004.5,3625.5,765.0,1464.0
fresh,fresh4_sparse_grid_lshape_904400,3988.5,10935.5,2625.0,1273.0,3072.0,3844.0,831.5,1464.0
fresh,fresh4_sparse_grid_lshape_904401,4323.0,11846.5,2815.5,1385.0,3046.0,3483.5,726.5,1584.0
fresh,fresh4_sparse_grid_lshape_904402,2936.0,8401.5,1977.5,1001.0,2727.5,3372.0,732.5,1224.0
fresh,fresh4_sparse_grid_lshape_904403,3321.5,8449.5,1949.0,1113.0,2895.0,3599.0,785.5,1344.0
fresh,fresh4_sparse_grid_lshape_904404,4323.0,11846.5,2815.5,1385.0,3046.0,3483.5,726.5,1584.0
fresh,fresh4_sparse_grid_lshape_904405,2870.0,8387.0,1952.0,997.0,2715.5,3395.0,723.5,1224.0
