cells,method,budget,mean_expected_best_hpwl,mean_expected_best_ratio
4,token,1,25.18479315499575,1.3123096809437962
4,token,8,20.83988718236834,1.0672577326610742
4,token,32,20.084280047485617,1.023148468965593
4,token,128,19.886102285471413,1.0120424396530392
4,token,512,19.77403547390566,1.0056476607350318
4,penalty_row_xy,1,30.96454722226574,1.6341706528668578
4,penalty_row_xy,8,23.95069053097364,1.2319681442375165
4,penalty_row_xy,32,21.113967790639677,1.0803252761065054
4,penalty_row_xy,128,20.089973113932093,1.0241046044094548
4,penalty_row_xy,512,19.76086147868457,1.004393800253135
4,uniform_feasible,1,27.48099537037032,1.4409946701622889
4,uniform_feasible,8,22.49846939664344,1.164165443021476
4,uniform_feasible,32,20.600272980068738,1.0564315935258153
4,uniform_feasible,128,19.792860140583226,1.0068902696955375
4,uniform_feasible,512,19.68986798876342,1.0000098520441765
4,greedy,1,33.81768518518519,1.80652024949939
4,greedy,8,24.690462962962965,1.2748308905477166
4,greedy,32,20.079444444444448,1.026876000177093
4,greedy,128,19.737314814814816,1.0049703357615163
4,greedy,512,19.737314814814816,1.0049703357615163
5,token,1,50.5738190279528,1.4071439511168748
5,token,8,42.363051083381556,1.164445360153873
5,token,32,40.34902662525093,1.1018495456865807
5,token,128,39.394985921951985,1.0735087919390123
5,token,512,38.84600570789079,1.0567070722433654
5,penalty_row_xy,1,62.74724828590701,1.7637078730586777
5,penalty_row_xy,8,52.65664514107766,1.4543147509066816
5,penalty_row_xy,32,44.74016774617542,1.2301279008981651
5,penalty_row_xy,128,40.79035489657736,1.1206277134808529
5,penalty_row_xy,512,38.771992328350365,1.060969338585813
5,uniform_feasible,1,53.64076741622559,1.4925627652555018
5,uniform_feasible,8,44.88105019479986,1.241756786581325
5,uniform_feasible,32,41.133130216876445,1.1325812236724067
5,uniform_feasible,128,38.70166314154084,1.0584945443970077
5,uniform_feasible,512,37.334263960978426,1.012930394731512
5,greedy,1,65.34027777777777,1.8462557106956412
5,greedy,8,50.641111111111115,1.407820502986997
5,greedy,32,41.9136111111111,1.1583721997061207
5,greedy,128,37.14527777777778,1.0117116070505083
5,greedy,512,37.14527777777778,1.0117116070505083
