sites,numerator,denominator,instances,first_median,reference_median,relative_median,wins,ties,losses
6,gray_l1,gray_zero,12,228.0,286.0,-0.2763453937366981,12,0,0
6,gray_zero,beam_zero,12,286.0,471.0,-0.38422546634225463,12,0,0
6,library_zero,gray_zero,12,310.0,286.0,0.08733790999237223,0,0,12
6,library_l1,gray_l1,12,297.0,228.0,0.32194960212201595,1,0,11
8,gray_l1,gray_zero,12,286.0,286.0,0.0,0,12,0
8,gray_zero,beam_zero,12,286.0,478.0,-0.39871667874092587,12,0,0
8,library_zero,gray_zero,12,310.0,286.0,0.08391608391608396,0,0,12
8,library_l1,gray_l1,12,310.0,286.0,0.08391608391608396,0,0,12
9,gray_l1,gray_zero,12,552.0,1214.0,-0.5387149917627677,12,0,0
9,gray_zero,beam_zero,12,1214.0,1863.0,-0.3532313069564725,12,0,0
9,library_zero,gray_zero,12,1270.0,1214.0,0.04612850082372333,0,0,12
9,library_l1,gray_l1,12,1241.0,552.0,1.0695589073757321,0,0,12
12,gray_l1,gray_zero,12,939.0,1214.0,-0.21334431630971995,12,0,0
12,gray_zero,beam_zero,12,1214.0,1878.0,-0.35298062107719846,12,0,0
12,library_zero,gray_zero,12,1270.0,1214.0,0.04612850082372333,0,0,12
12,library_l1,gray_l1,12,1259.0,939.0,0.3099870552700741,0,0,12
16,gray_l1,gray_zero,12,1333.0,1333.0,0.0,0,12,0
16,gray_zero,beam_zero,12,1333.0,2081.0,-0.35492457852706305,12,0,0
16,library_zero,gray_zero,12,1397.0,1333.0,0.047135777234420084,0,0,12
16,library_l1,gray_l1,12,1397.0,1333.0,0.047135777234420084,0,0,12
