cohort,cells,training,instances,token,complete,ring,ring_legal,delta,ci_low,ci_high,token_wins,closure,ring_competitive,ring_wins
confirmation,4,analytic,36,0.15579118466829386,0.03734363019197802,0.04884689612158001,0.4473496561060109,0.10694428854671385,0.08373887645820612,0.130480645306248,33,0.09711695594274278,False,False
gap_fixed,4,analytic,12,0.057129781916972606,0.011119919716126336,0.01938579915680782,0.3903872668814874,0.03774398276016479,0.007130845867718617,0.06553529971750723,10,0.17965451416912626,False,False
gap_fixed,4,finite2048,12,0.02636532602103977,0.006266359800125497,0.014695505131795959,0.37615883631279623,0.01166982088924381,-0.007114015012054432,0.029036911966451008,9,0.4193820338331327,False,False
gap_fixed,5,analytic,12,0.00044676109699764717,0.0007027706140579386,1.9933067282451427e-05,0.3675713542426202,0.0004268280297151957,9.159500635758448e-05,0.0008889826644506011,8,,False,False
gap_fixed,6,analytic,12,0.0001884321727205052,0.00041374260518077695,3.5338214084481745e-06,0.2323136330221407,0.00018489835131205702,1.3817676761177828e-05,0.0004452726229526673,4,,False,False
gap_calibrated,4,analytic,12,0.057129781916972606,0.01304031578129022,0.014157313377971107,0.4118647914346696,0.042972468539001496,0.01906336499581856,0.06667243139899856,11,0.025334795237560853,False,False
gap_calibrated,4,finite2048,12,0.02636532602103977,0.015587490490125495,0.015325992171465153,0.3958804742354962,0.011039333849574616,-0.009181209128767576,0.029079736363671754,10,-0.024262600585273464,False,False
gap_calibrated,5,analytic,12,0.00044676109699764717,0.0008211761617647831,3.81657259493096e-06,0.4767200311697286,0.0004429445244027162,0.00010542318989873475,0.0009037226604860677,9,,False,False
gap_calibrated,6,analytic,12,0.0001884321727205052,4.338547803957906e-05,1.78440493628704e-05,0.3481553109974858,0.00017058812335763482,1.6356121430772024e-05,0.0004005546270326882,6,-0.17609107696590204,False,False
