corpus,synthesis,sites,family,instance_id,free_fraction,zero_cx,l1_cx,reduction
Historical,mask,6,compact,0,0.4375,516,280,0.45736434108527135
Historical,mask,6,compact,1,0.4375,492,252,0.4878048780487805
Historical,mask,6,compact,2,0.4375,564,292,0.4822695035460993
Historical,mask,6,compact,3,0.4375,564,272,0.5177304964539007
Historical,mask,6,compact,4,0.4375,516,288,0.4418604651162791
Historical,mask,6,line,0,0.4375,480,296,0.3833333333333333
Historical,mask,6,line,1,0.4375,468,276,0.41025641025641024
Historical,mask,6,line,2,0.4375,564,272,0.5177304964539007
Historical,mask,6,line,3,0.4375,576,284,0.5069444444444444
Historical,mask,6,line,4,0.4375,612,372,0.3921568627450981
Historical,mask,6,l_shape,0,0.4375,660,204,0.6909090909090909
Historical,mask,6,l_shape,1,0.4375,636,272,0.5723270440251572
Historical,mask,6,l_shape,2,0.4375,612,312,0.4901960784313726
Historical,mask,6,l_shape,3,0.4375,588,216,0.6326530612244898
Historical,mask,6,l_shape,4,0.4375,660,252,0.6181818181818182
Historical,mask,6,sparse_scatter,0,0.4375,636,396,0.37735849056603776
Historical,mask,6,sparse_scatter,1,0.4375,684,408,0.4035087719298246
Historical,mask,6,sparse_scatter,2,0.4375,660,360,0.4545454545454546
Historical,mask,6,sparse_scatter,3,0.4375,588,348,0.40816326530612246
Historical,mask,6,sparse_scatter,4,0.4375,636,396,0.37735849056603776
Historical,mask,8,compact,0,0.0,104,104,0.0
Historical,mask,8,compact,1,0.0,444,444,0.0
Historical,mask,8,compact,2,0.0,380,380,0.0
Historical,mask,8,compact,3,0.0,420,420,0.0
Historical,mask,8,compact,4,0.0,516,516,0.0
Historical,mask,8,line,0,0.0,332,332,0.0
Historical,mask,8,line,1,0.0,612,612,0.0
Historical,mask,8,line,2,0.0,584,584,0.0
Historical,mask,8,line,3,0.0,540,540,0.0
Historical,mask,8,line,4,0.0,636,636,0.0
Historical,mask,8,l_shape,0,0.0,252,252,0.0
Historical,mask,8,l_shape,1,0.0,588,588,0.0
Historical,mask,8,l_shape,2,0.0,584,584,0.0
Historical,mask,8,l_shape,3,0.0,540,540,0.0
Historical,mask,8,l_shape,4,0.0,528,528,0.0
Historical,mask,8,sparse_scatter,0,0.0,660,660,0.0
Historical,mask,8,sparse_scatter,1,0.0,684,684,0.0
Historical,mask,8,sparse_scatter,2,0.0,636,636,0.0
Historical,mask,8,sparse_scatter,3,0.0,680,680,0.0
Historical,mask,8,sparse_scatter,4,0.0,684,684,0.0
Historical,mask,9,compact,0,0.68359375,2616,756,0.7110091743119267
Historical,mask,9,compact,1,0.68359375,2544,912,0.6415094339622642
Historical,mask,9,compact,2,0.68359375,2748,948,0.6550218340611353
Historical,mask,9,compact,3,0.68359375,2772,948,0.6580086580086579
Historical,mask,9,compact,4,0.68359375,2712,744,0.7256637168141593
Historical,mask,9,line,0,0.68359375,2520,396,0.8428571428571429
Historical,mask,9,line,1,0.68359375,2592,816,0.6851851851851851
Historical,mask,9,line,2,0.68359375,2856,924,0.6764705882352942
Historical,mask,9,line,3,0.68359375,2844,900,0.6835443037974683
Historical,mask,9,line,4,0.68359375,2796,840,0.6995708154506437
Historical,mask,9,l_shape,0,0.68359375,2628,840,0.680365296803653
Historical,mask,9,l_shape,1,0.68359375,2592,864,0.6666666666666667
Historical,mask,9,l_shape,2,0.68359375,2880,864,0.7
Historical,mask,9,l_shape,3,0.68359375,2796,924,0.6695278969957081
Historical,mask,9,l_shape,4,0.68359375,2796,840,0.6995708154506437
Historical,mask,9,sparse_scatter,0,0.68359375,2940,900,0.6938775510204082
Historical,mask,9,sparse_scatter,1,0.68359375,2892,948,0.6721991701244814
Historical,mask,9,sparse_scatter,2,0.68359375,2868,936,0.6736401673640167
Historical,mask,9,sparse_scatter,3,0.68359375,2940,960,0.6734693877551021
Historical,mask,9,sparse_scatter,4,0.68359375,2892,900,0.6887966804979253
Historical,mask,12,compact,0,0.4375,2172,128,0.9410681399631676
Historical,mask,12,compact,1,0.4375,2676,1344,0.4977578475336323
Historical,mask,12,compact,2,0.4375,2568,1272,0.5046728971962617
Historical,mask,12,compact,3,0.4375,2604,1416,0.45622119815668205
Historical,mask,12,compact,4,0.4375,2652,1560,0.4117647058823529
Historical,mask,12,line,0,0.4375,2268,836,0.6313932980599648
Historical,mask,12,line,1,0.4375,2616,1740,0.3348623853211009
Historical,mask,12,line,2,0.4375,2796,1584,0.4334763948497854
Historical,mask,12,line,3,0.4375,2700,1668,0.38222222222222224
Historical,mask,12,line,4,0.4375,2844,1536,0.45991561181434604
Historical,mask,12,l_shape,0,0.4375,2364,1020,0.5685279187817258
Historical,mask,12,l_shape,1,0.4375,2568,1668,0.35046728971962615
Historical,mask,12,l_shape,2,0.4375,2772,1356,0.5108225108225108
Historical,mask,12,l_shape,3,0.4375,2784,1608,0.4224137931034483
Historical,mask,12,l_shape,4,0.4375,2820,1536,0.4553191489361702
Historical,mask,12,sparse_scatter,0,0.4375,2964,1644,0.44534412955465585
Historical,mask,12,sparse_scatter,1,0.4375,2964,1692,0.42914979757085026
Historical,mask,12,sparse_scatter,2,0.4375,2964,1776,0.4008097165991903
Historical,mask,12,sparse_scatter,3,0.4375,2940,1704,0.42040816326530617
Historical,mask,12,sparse_scatter,4,0.4375,2916,1716,0.411522633744856
Historical,mask,16,compact,0,0.0,184,184,0.0
Historical,mask,16,compact,1,0.0,2508,2508,0.0
Historical,mask,16,compact,2,0.0,2508,2508,0.0
Historical,mask,16,compact,3,0.0,2424,2424,0.0
Historical,mask,16,compact,4,0.0,2304,2304,0.0
Historical,mask,16,line,0,0.0,872,872,0.0
Historical,mask,16,line,1,0.0,2892,2892,0.0
Historical,mask,16,line,2,0.0,2880,2880,0.0
Historical,mask,16,line,3,0.0,2844,2844,0.0
Historical,mask,16,line,4,0.0,2844,2844,0.0
Historical,mask,16,l_shape,0,0.0,756,756,0.0
Historical,mask,16,l_shape,1,0.0,2796,2796,0.0
Historical,mask,16,l_shape,2,0.0,2904,2904,0.0
Historical,mask,16,l_shape,3,0.0,2796,2796,0.0
Historical,mask,16,l_shape,4,0.0,2844,2844,0.0
Historical,mask,16,sparse_scatter,0,0.0,2916,2916,0.0
Historical,mask,16,sparse_scatter,1,0.0,2940,2940,0.0
Historical,mask,16,sparse_scatter,2,0.0,2964,2964,0.0
Historical,mask,16,sparse_scatter,3,0.0,2964,2964,0.0
Historical,mask,16,sparse_scatter,4,0.0,2940,2940,0.0
Fresh,beam,12,compact,phase_12_compact_0,0.4375,1846,1106,0.40086673889490787
Fresh,beam,12,compact,phase_12_compact_1,0.4375,1416,984,0.30508474576271183
Fresh,beam,12,compact,phase_12_compact_2,0.4375,1734,1224,0.2941176470588235
Fresh,beam,12,l_shape,phase_12_l_shape_0,0.4375,2156,1348,0.3747680890538033
Fresh,beam,12,l_shape,phase_12_l_shape_1,0.4375,1894,1242,0.34424498416050686
Fresh,beam,12,l_shape,phase_12_l_shape_2,0.4375,1880,1314,0.301063829787234
Fresh,beam,12,line,phase_12_line_0,0.4375,1880,1300,0.3085106382978723
Fresh,beam,12,line,phase_12_line_1,0.4375,1892,1314,0.3054968287526427
Fresh,beam,12,line,phase_12_line_2,0.4375,1894,1230,0.3505807814149947
Fresh,beam,12,scatter,phase_12_scatter_0,0.4375,2254,1556,0.30967169476486245
Fresh,beam,12,scatter,phase_12_scatter_1,0.4375,1462,1040,0.28864569083447333
Fresh,beam,12,scatter,phase_12_scatter_2,0.4375,1504,1020,0.32180851063829785
Fresh,beam,16,compact,phase_16_compact_0,0.0,2220,2220,0.0
Fresh,beam,16,compact,phase_16_compact_1,0.0,2254,2254,0.0
Fresh,beam,16,compact,phase_16_compact_2,0.0,1864,1864,0.0
Fresh,beam,16,l_shape,phase_16_l_shape_0,0.0,1946,1946,0.0
Fresh,beam,16,l_shape,phase_16_l_shape_1,0.0,1562,1562,0.0
Fresh,beam,16,l_shape,phase_16_l_shape_2,0.0,1894,1894,0.0
Fresh,beam,16,line,phase_16_line_0,0.0,2254,2254,0.0
Fresh,beam,16,line,phase_16_line_1,0.0,2254,2254,0.0
Fresh,beam,16,line,phase_16_line_2,0.0,1532,1532,0.0
Fresh,beam,16,scatter,phase_16_scatter_0,0.0,1864,1864,0.0
Fresh,beam,16,scatter,phase_16_scatter_1,0.0,2254,2254,0.0
Fresh,beam,16,scatter,phase_16_scatter_2,0.0,2254,2254,0.0
Fresh,beam,6,compact,phase_6_compact_0,0.4375,440,294,0.3318181818181818
Fresh,beam,6,compact,phase_6_compact_1,0.4375,508,292,0.4251968503937008
Fresh,beam,6,compact,phase_6_compact_2,0.4375,412,202,0.5097087378640777
Fresh,beam,6,l_shape,phase_6_l_shape_0,0.4375,436,314,0.2798165137614679
Fresh,beam,6,l_shape,phase_6_l_shape_1,0.4375,382,248,0.3507853403141361
Fresh,beam,6,l_shape,phase_6_l_shape_2,0.4375,548,274,0.5
Fresh,beam,6,line,phase_6_line_0,0.4375,462,278,0.3982683982683982
Fresh,beam,6,line,phase_6_line_1,0.4375,468,266,0.43162393162393164
Fresh,beam,6,line,phase_6_line_2,0.4375,540,296,0.45185185185185184
Fresh,beam,6,scatter,phase_6_scatter_0,0.4375,474,304,0.3586497890295358
Fresh,beam,6,scatter,phase_6_scatter_1,0.4375,522,380,0.27203065134099613
Fresh,beam,6,scatter,phase_6_scatter_2,0.4375,478,300,0.37238493723849375
Fresh,beam,8,compact,phase_8_compact_0,0.0,508,508,0.0
Fresh,beam,8,compact,phase_8_compact_1,0.0,488,488,0.0
Fresh,beam,8,compact,phase_8_compact_2,0.0,374,374,0.0
Fresh,beam,8,l_shape,phase_8_l_shape_0,0.0,490,490,0.0
Fresh,beam,8,l_shape,phase_8_l_shape_1,0.0,566,566,0.0
Fresh,beam,8,l_shape,phase_8_l_shape_2,0.0,392,392,0.0
Fresh,beam,8,line,phase_8_line_0,0.0,300,300,0.0
Fresh,beam,8,line,phase_8_line_1,0.0,542,542,0.0
Fresh,beam,8,line,phase_8_line_2,0.0,478,478,0.0
Fresh,beam,8,scatter,phase_8_scatter_0,0.0,478,478,0.0
Fresh,beam,8,scatter,phase_8_scatter_1,0.0,478,478,0.0
Fresh,beam,8,scatter,phase_8_scatter_2,0.0,468,468,0.0
Fresh,beam,9,compact,phase_9_compact_0,0.68359375,1770,592,0.6655367231638418
Fresh,beam,9,compact,phase_9_compact_1,0.68359375,2146,970,0.5479962721342031
Fresh,beam,9,compact,phase_9_compact_2,0.68359375,2218,778,0.6492335437330929
Fresh,beam,9,l_shape,phase_9_l_shape_0,0.68359375,1874,912,0.5133404482390609
Fresh,beam,9,l_shape,phase_9_l_shape_1,0.68359375,1564,566,0.6381074168797953
Fresh,beam,9,l_shape,phase_9_l_shape_2,0.68359375,1854,584,0.6850053937432579
Fresh,beam,9,line,phase_9_line_0,0.68359375,1512,650,0.5701058201058201
Fresh,beam,9,line,phase_9_line_1,0.68359375,1854,692,0.6267529665587919
Fresh,beam,9,line,phase_9_line_2,0.68359375,1894,860,0.5459345300950369
Fresh,beam,9,scatter,phase_9_scatter_0,0.68359375,1910,782,0.5905759162303665
Fresh,beam,9,scatter,phase_9_scatter_1,0.68359375,1920,726,0.621875
Fresh,beam,9,scatter,phase_9_scatter_2,0.68359375,1140,510,0.5526315789473684
Fresh,gray,12,compact,phase_12_compact_0,0.4375,1214,874,0.2800658978583196
Fresh,gray,12,compact,phase_12_compact_1,0.4375,958,766,0.20041753653444672
Fresh,gray,12,compact,phase_12_compact_2,0.4375,1156,884,0.23529411764705888
Fresh,gray,12,l_shape,phase_12_l_shape_0,0.4375,1442,1056,0.26768377253814146
Fresh,gray,12,l_shape,phase_12_l_shape_1,0.4375,1214,930,0.23393739703459637
Fresh,gray,12,l_shape,phase_12_l_shape_2,0.4375,1214,948,0.21911037891268537
Fresh,gray,12,line,phase_12_line_0,0.4375,1214,948,0.21911037891268537
Fresh,gray,12,line,phase_12_line_1,0.4375,1214,978,0.19439868204283361
Fresh,gray,12,line,phase_12_line_2,0.4375,1214,962,0.20757825370675453
Fresh,gray,12,scatter,phase_12_scatter_0,0.4375,1454,1166,0.1980742778541953
Fresh,gray,12,scatter,phase_12_scatter_1,0.4375,974,810,0.16837782340862428
Fresh,gray,12,scatter,phase_12_scatter_2,0.4375,974,804,0.17453798767967144
Fresh,gray,16,compact,phase_16_compact_0,0.0,1452,1452,0.0
Fresh,gray,16,compact,phase_16_compact_1,0.0,1454,1454,0.0
Fresh,gray,16,compact,phase_16_compact_2,0.0,1214,1214,0.0
Fresh,gray,16,l_shape,phase_16_l_shape_0,0.0,1214,1214,0.0
Fresh,gray,16,l_shape,phase_16_l_shape_1,0.0,974,974,0.0
Fresh,gray,16,l_shape,phase_16_l_shape_2,0.0,1214,1214,0.0
Fresh,gray,16,line,phase_16_line_0,0.0,1454,1454,0.0
Fresh,gray,16,line,phase_16_line_1,0.0,1454,1454,0.0
Fresh,gray,16,line,phase_16_line_2,0.0,974,974,0.0
Fresh,gray,16,scatter,phase_16_scatter_0,0.0,1214,1214,0.0
Fresh,gray,16,scatter,phase_16_scatter_1,0.0,1454,1454,0.0
Fresh,gray,16,scatter,phase_16_scatter_2,0.0,1454,1454,0.0
Fresh,gray,6,compact,phase_6_compact_0,0.4375,342,232,0.32163742690058483
Fresh,gray,6,compact,phase_6_compact_1,0.4375,342,242,0.29239766081871343
Fresh,gray,6,compact,phase_6_compact_2,0.4375,276,170,0.3840579710144928
Fresh,gray,6,l_shape,phase_6_l_shape_0,0.4375,266,208,0.21804511278195493
Fresh,gray,6,l_shape,phase_6_l_shape_1,0.4375,230,164,0.28695652173913044
Fresh,gray,6,l_shape,phase_6_l_shape_2,0.4375,340,192,0.43529411764705883
Fresh,gray,6,line,phase_6_line_0,0.4375,276,232,0.1594202898550725
Fresh,gray,6,line,phase_6_line_1,0.4375,286,224,0.21678321678321677
Fresh,gray,6,line,phase_6_line_2,0.4375,342,238,0.30409356725146197
Fresh,gray,6,scatter,phase_6_scatter_0,0.4375,286,210,0.26573426573426573
Fresh,gray,6,scatter,phase_6_scatter_1,0.4375,342,290,0.15204678362573099
Fresh,gray,6,scatter,phase_6_scatter_2,0.4375,286,234,0.18181818181818177
Fresh,gray,8,compact,phase_8_compact_0,0.0,342,342,0.0
Fresh,gray,8,compact,phase_8_compact_1,0.0,286,286,0.0
Fresh,gray,8,compact,phase_8_compact_2,0.0,228,228,0.0
Fresh,gray,8,l_shape,phase_8_l_shape_0,0.0,342,342,0.0
Fresh,gray,8,l_shape,phase_8_l_shape_1,0.0,342,342,0.0
Fresh,gray,8,l_shape,phase_8_l_shape_2,0.0,230,230,0.0
Fresh,gray,8,line,phase_8_line_0,0.0,174,174,0.0
Fresh,gray,8,line,phase_8_line_1,0.0,342,342,0.0
Fresh,gray,8,line,phase_8_line_2,0.0,286,286,0.0
Fresh,gray,8,scatter,phase_8_scatter_0,0.0,286,286,0.0
Fresh,gray,8,scatter,phase_8_scatter_1,0.0,286,286,0.0
Fresh,gray,8,scatter,phase_8_scatter_2,0.0,286,286,0.0
Fresh,gray,9,compact,phase_9_compact_0,0.68359375,1184,436,0.6317567567567568
Fresh,gray,9,compact,phase_9_compact_1,0.68359375,1442,722,0.49930651872399445
Fresh,gray,9,compact,phase_9_compact_2,0.68359375,1454,624,0.5708390646492434
Fresh,gray,9,l_shape,phase_9_l_shape_0,0.68359375,1214,724,0.40362438220757824
Fresh,gray,9,l_shape,phase_9_l_shape_1,0.68359375,974,438,0.5503080082135523
Fresh,gray,9,l_shape,phase_9_l_shape_2,0.68359375,1214,370,0.6952224052718287
Fresh,gray,9,line,phase_9_line_0,0.68359375,974,522,0.46406570841889117
Fresh,gray,9,line,phase_9_line_1,0.68359375,1214,566,0.5337726523887973
Fresh,gray,9,line,phase_9_line_2,0.68359375,1214,646,0.46787479406919275
Fresh,gray,9,scatter,phase_9_scatter_0,0.68359375,1214,550,0.5469522240527183
Fresh,gray,9,scatter,phase_9_scatter_1,0.68359375,1214,554,0.5436573311367381
Fresh,gray,9,scatter,phase_9_scatter_2,0.68359375,734,354,0.5177111716621253
