method,p,n,mean,ci_low,ci_high,mean_calls
complete,1,12,0.012700387058830021,0.0021555620000587253,0.02726101030740793,14.444444444444445
complete,2,12,0.01885825941544772,0.006536441922666776,0.03425444328286908,51.94444444444444
complete,3,12,0.011119919716126336,0.003735982407173982,0.022724268704253904,103.80555555555556
complete,4,12,0.008937672653252616,0.0038491363941283692,0.01436791219849402,146.31944444444446
complete,5,12,0.009156625735398168,0.004231843742246301,0.014276079345190434,168.52777777777777
complete,6,12,0.017980735916037195,0.007031450087572877,0.031013486674273966,183.48611111111111
random_token,3,12,0.040628821411955354,0.019118133954387065,0.07076904128768848,138.625
ring,1,12,0.029106455076542248,0.0003588228235638258,0.08324556853094664,14.152777777777779
ring,2,12,0.014699328283761491,0.0011030215898708332,0.04046690357334368,46.97222222222222
ring,3,12,0.01938579915680782,0.0013398873848538412,0.05344915941238151,97.59722222222223
ring,4,12,0.01957710465096911,0.0024990193973720883,0.042076224035905406,144.125
ring,6,12,0.026982614352029668,0.0017621348805436903,0.05254081763662339,186.33333333333334
token,1,12,0.008436222059800724,0.00256377270378141,0.016282492789091586,14.48611111111111
token,2,12,0.03005635213886687,0.0156970161621002,0.04616060276754187,58.52777777777778
token,3,12,0.057129781916972606,0.03814407693991243,0.07505402102696408,141.18055555555554
token,4,12,0.06588318270000681,0.04039164530159127,0.08870370225190488,157.68055555555554
token,6,12,0.07501478056737645,0.04368578429745059,0.10504162932147323,168.73611111111111
