cohort,flow,sites,n,norm,relative,q25,q75,wins,ties,losses
historical,mask,6,20,0.004110998001826571,0.06628787878787878,0.0,0.2694444444444444,0,9,11
historical,mask,9,20,0.06565588091793106,0.1209415584415584,0.0,0.2772368421052632,1,6,13
historical,mask,12,20,0.10821359190518143,0.21644936983920027,0.0,0.36098800834202294,0,6,14
gap,beam,6,12,0.10465630010445748,0.11644736842105263,0.0,0.22074042595740423,1,3,8
gap,beam,9,12,0.08869200006489242,0.17040763673890602,0.06649484536082467,0.2769076496991691,0,3,9
gap,beam,12,12,0.08523840099291813,0.17082997582594683,0.07164634146341459,0.2571078431372549,0,3,9
gap,gray,6,12,0.10465630010445748,0.1004273504273504,0.0,0.19020418084589208,1,3,8
gap,gray,9,12,0.08869200006489242,0.16303388077398528,0.02077562326869803,0.2891284403669725,0,3,9
gap,gray,12,12,0.08523840099291813,0.14625944352312503,0.048955613577023493,0.18798716807434257,0,3,9
