cohort,sites,policy,n,max_residual,solve_seconds,solve_seconds_q25,solve_seconds_q75,synthesis_seconds,synthesis_seconds_q25,synthesis_seconds_q75,terms,terms_q25,terms_q75,weighted_norm,weighted_norm_q25,weighted_norm_q75,one_qubit,one_qubit_q25,one_qubit_q75,rz,rz_q25,rz_q75,two_qubit,two_qubit_q25,two_qubit_q75,depth,depth_q25,depth_q75
historical,6,zero,20,0.0,0.00022085406817495823,0.0002012202749028802,0.0002250520046800375,0.021010056138038635,0.020034997607581317,0.021663900814019144,55.0,50.0,59.0,27.955624999999987,21.34921874999999,61.86898437499999,278.0,260.0,300.0,278.0,260.0,300.0,329.0,316.0,342.0,548.0,520.0,574.25
historical,6,l1,20,8.881784197001252e-16,0.02698630653321743,0.025676576769910753,0.028118608403019607,0.01511688414029777,0.014615619438700378,0.016125305322930217,22.0,20.0,25.25,17.050000000000004,15.424375000000003,44.3128125,108.0,104.0,128.25,108.0,104.0,128.25,238.0,235.5,262.5,313.0,302.5,366.75
historical,6,virtual,20,0.0,0.0003096414729952812,0.00028932210989296436,0.0003501161700114608,0.021063121501356363,0.020075328764505684,0.02148548502009362,53.0,46.5,61.5,30.199374999999982,25.3809375,67.280390625,270.0,226.0,313.0,270.0,226.0,313.0,342.0,321.0,342.0,537.5,500.75,581.75
historical,6,nearest,20,0.0,0.00038379989564418793,0.00032436836045235395,0.00042266782838851213,0.01820862339809537,0.016481384402140975,0.021194550092332065,43.0,31.0,61.5,21.678124999999994,17.93312499999999,57.581562499999976,218.0,162.0,313.0,218.0,162.0,313.0,305.0,256.0,342.0,462.5,375.0,581.0
historical,6,mean,20,4.440892098500626e-15,0.00035069300793111324,0.0003247492713853717,0.0003977888263761997,0.020746656693518162,0.019059272133745253,0.021583496709354222,55.0,50.0,59.0,24.158055555555546,18.908923611111106,57.133124999999986,278.0,260.0,300.0,278.0,260.0,300.0,329.0,316.0,342.0,548.0,520.0,574.25
historical,8,zero,20,0.0,0.00023042247630655766,0.0002052100608125329,0.00023420201614499092,0.020771424053236842,0.0181983164511621,0.021749213919974864,51.0,38.0,57.5,35.841249999999995,26.061249999999998,80.18226562499999,258.0,196.0,297.0,258.0,196.0,297.0,323.0,272.5,342.0,520.0,430.75,572.5
historical,8,l1,20,0.0,0.00033744308166205883,0.0002972995862364769,0.0003734504571184516,0.020615947665646672,0.017812434933148324,0.022040579351596534,51.0,38.0,57.5,35.841249999999995,26.061249999999998,80.18226562499999,258.0,196.0,297.0,258.0,196.0,297.0,323.0,272.5,342.0,520.0,430.75,572.5
historical,8,virtual,20,0.0,0.0003843361046165228,0.0003402328584343195,0.0004220738774165511,0.020912443986162543,0.018030008766800165,0.021796211483888328,51.0,38.0,57.5,35.841249999999995,26.061249999999998,80.18226562499999,258.0,196.0,297.0,258.0,196.0,297.0,323.0,272.5,342.0,520.0,430.75,572.5
historical,8,nearest,20,0.0,0.00033772876486182213,0.00032724556513130665,0.000369631452485919,0.020764571148902178,0.017793193575926125,0.02193912211805582,51.0,38.0,57.5,35.841249999999995,26.061249999999998,80.18226562499999,258.0,196.0,297.0,258.0,196.0,297.0,323.0,272.5,342.0,520.0,430.75,572.5
historical,8,mean,20,0.0,0.00034930999390780926,0.0003238196950405836,0.00038407789543271065,0.020645779324695468,0.0178113526199013,0.021751994267106056,51.0,38.0,57.5,35.841249999999995,26.061249999999998,80.18226562499999,258.0,196.0,297.0,258.0,196.0,297.0,323.0,272.5,342.0,520.0,430.75,572.5
historical,9,zero,20,0.0,0.0003949911333620548,0.00036252266727387905,0.0005280730547383428,0.1113444787915796,0.11012278776615858,0.11296279029920697,241.0,225.5,245.5,94.87859375000014,69.81687500000015,181.70566406250023,1326.0,1233.0,1359.0,1326.0,1233.0,1359.0,1454.0,1439.0,1454.0,2635.5,2560.75,2682.75
historical,9,l1,20,4.973799150320701e-14,0.05211546923965216,0.04909759957809001,0.05498955165967345,0.038470024010166526,0.03500989603344351,0.03965263068675995,74.0,66.5,76.0,55.13624999999996,35.97421874999999,110.79421875,382.5,345.0,397.0,382.5,345.0,397.0,655.0,619.0,673.0,933.0,890.25,970.0
historical,9,virtual,20,0.0,0.0006775360088795424,0.0006426929030567408,0.0007600499084219337,0.11417168914340436,0.1123877993086353,0.1157324172090739,237.0,233.0,253.5,115.6671093750002,97.19710937500022,220.21755859375006,1302.0,1278.0,1401.0,1302.0,1278.0,1401.0,1454.0,1452.5,1454.0,2616.0,2600.25,2721.0
historical,9,nearest,20,0.0,0.0006589461117982864,0.0006440482102334499,0.0007046137470752001,0.1144225497264415,0.09704613813664764,0.11540063505526632,255.0,208.5,255.0,94.26949218750019,58.034941406250184,170.1250585937494,1410.0,1201.0,1410.0,1410.0,1201.0,1410.0,1454.0,1306.5,1454.0,2730.0,2442.25,2730.0
historical,9,mean,20,3.019806626980426e-14,0.0006025393959134817,0.0005899615352973342,0.0006194519810378551,0.11620785156264901,0.11531682836357504,0.11798392527271062,255.0,255.0,255.0,81.62969328703704,61.51874999999999,163.61654610339502,1410.0,1410.0,1410.0,1410.0,1410.0,1410.0,1454.0,1454.0,1454.0,2730.0,2730.0,2730.0
historical,12,zero,20,0.0,0.00041942624375224113,0.00038849597331136465,0.0005529827903956175,0.11297302809543908,0.10942945373244584,0.11424668226391077,235.0,222.5,246.5,143.0214062500002,73.46914062500014,280.3947070312501,1290.0,1225.0,1365.0,1290.0,1225.0,1365.0,1454.0,1430.0,1454.0,2600.5,2549.0,2679.0
historical,12,l1,20,2.6201263381153694e-14,0.09007592569105327,0.08581315726041794,0.09709552128333598,0.06806201813742518,0.06310773536097258,0.07479673658963293,125.5,111.5,133.25,106.82015625000011,59.19414062499997,224.74234375000006,670.0,594.75,718.75,670.0,594.75,718.75,1095.0,991.0,1164.5,1663.5,1503.75,1778.0
historical,12,virtual,20,0.0,0.0007372074760496616,0.0007076016627252102,0.0008006044663488865,0.11356953415088356,0.10533270030282438,0.11501364654395729,239.0,199.0,251.0,158.16625000000028,93.28468750000006,332.3853710937501,1314.0,1104.0,1386.0,1314.0,1104.0,1386.0,1453.0,1398.5,1454.0,2620.5,2392.5,2706.75
historical,12,nearest,20,0.0,0.0007083339150995016,0.0006845219759270549,0.0007372199324890971,0.11427806178107858,0.10316125897224993,0.11622347647789866,255.0,214.5,255.0,134.39324218750005,80.56367187500001,290.92052734375034,1410.0,1169.0,1410.0,1410.0,1169.0,1410.0,1454.0,1372.5,1454.0,2730.0,2396.25,2730.0
historical,12,mean,20,2.842170943040401e-14,0.0006862420123070478,0.000651461654342711,0.0007023423677310348,0.11299079353921115,0.11093530233483762,0.11577590857632458,235.0,222.5,246.5,135.75885416666688,69.68345486111122,267.7330381944446,1290.0,1225.0,1365.0,1290.0,1225.0,1365.0,1454.0,1430.0,1454.0,2600.5,2549.0,2679.0
historical,16,zero,20,0.0,0.0004753668326884508,0.0004591592587530613,0.0005943219875916839,0.11477071000263095,0.10654640989378095,0.11668169253971428,245.0,211.0,249.5,257.79968750000023,98.28093750000012,432.29197265624987,1350.0,1174.0,1383.0,1350.0,1174.0,1383.0,1454.0,1401.0,1454.0,2677.5,2466.75,2704.5
historical,16,l1,20,0.0,0.0005931670311838388,0.0005519328406080604,0.0006292371544986963,0.1158759540412575,0.10847862926311791,0.11862925160676241,245.0,211.0,249.5,257.79968750000023,98.28093750000012,432.29197265624987,1350.0,1174.0,1383.0,1350.0,1174.0,1383.0,1454.0,1401.0,1454.0,2677.5,2466.75,2704.5
historical,16,virtual,20,0.0,0.0007359548471868038,0.00071612314786762,0.0007512876763939857,0.11603683489374816,0.10767588065937161,0.11816444282885641,245.0,211.0,249.5,257.79968750000023,98.28093750000012,432.29197265624987,1350.0,1174.0,1383.0,1350.0,1174.0,1383.0,1454.0,1401.0,1454.0,2677.5,2466.75,2704.5
historical,16,nearest,20,0.0,0.0007124908734112978,0.000686751795001328,0.0007250093622133136,0.11682229698635638,0.10858708049636334,0.11949520208872855,245.0,211.0,249.5,257.79968750000023,98.28093750000012,432.29197265624987,1350.0,1174.0,1383.0,1350.0,1174.0,1383.0,1454.0,1401.0,1454.0,2677.5,2466.75,2704.5
historical,16,mean,20,0.0,0.0007496655452996492,0.000733276130631566,0.0007892142748460174,0.11700158240273595,0.10761972155887634,0.1189764478476718,245.0,211.0,249.5,257.79968750000023,98.28093750000012,432.29197265624987,1350.0,1174.0,1383.0,1350.0,1174.0,1383.0,1454.0,1401.0,1454.0,2677.5,2466.75,2704.5
fresh,6,zero,12,0.0,0.00023559690453112125,0.0002011896576732397,0.00024139857850968838,0.01939887786284089,0.01848338556010276,0.021664103376679122,59.0,56.5,60.25,62.70046874999998,48.50874999999999,99.22429687499998,260.5,240.5,286.0,260.5,240.5,286.0,286.0,276.0,342.0,484.0,461.25,557.75
fresh,6,l1,12,0.0,0.028219265630468726,0.024279449717141688,0.029823510674759746,0.015160312876105309,0.01463377382606268,0.01579759956803173,30.0,25.75,31.5,44.61,36.029062499999995,77.829375,128.5,119.0,139.75,128.5,119.0,139.75,228.0,204.0,235.0,302.0,287.5,323.0
fresh,6,virtual,12,0.0,0.00031441543251276016,0.0002999412827193737,0.00033016514498740435,0.01941004814580083,0.01876315101981163,0.02103830873966217,63.0,59.0,63.0,68.53687499999998,51.36132812499997,104.604453125,273.0,257.5,313.0,273.0,257.5,313.0,286.0,286.0,342.0,493.0,473.0,581.0
fresh,6,nearest,12,0.0,0.00037016486749053,0.00032441364601254463,0.0004194430075585842,0.01905829319730401,0.018550812383182347,0.020033731940202415,63.0,56.0,63.0,57.83093749999996,53.96890624999997,92.16632812500002,273.0,257.25,285.25,273.0,257.25,285.25,286.0,286.0,324.0,488.5,485.0,527.0
fresh,6,mean,12,7.105427357601002e-15,0.0003261223901063204,0.0003095135325565934,0.0003678208449855447,0.018803900573402643,0.01824664103332907,0.02083585795480758,59.0,56.5,61.0,57.63652777777776,44.79194444444443,92.45197916666665,263.0,239.5,286.0,263.0,239.5,286.0,286.0,276.0,342.0,484.0,461.25,557.75
fresh,8,zero,12,0.0,0.0002119776327162981,0.0002087870379909873,0.00024917267728596926,0.019441181793808937,0.018472526222467422,0.02157359872944653,62.0,60.5,63.0,91.01296875000006,62.882109374999985,149.39445312499996,273.0,253.25,289.0,273.0,253.25,289.0,286.0,272.0,342.0,500.0,467.0,561.75
fresh,8,l1,12,0.0,0.0002660900354385376,0.0002571684308350086,0.00032618967816233635,0.019413835601881146,0.01847329712472856,0.021854476537555456,62.0,60.5,63.0,91.01296875000006,62.882109374999985,149.39445312499996,273.0,253.25,289.0,273.0,253.25,289.0,286.0,272.0,342.0,500.0,467.0,561.75
fresh,8,virtual,12,0.0,0.0002458975650370121,0.00024052197113633156,0.0002530155470594764,0.019221259281039238,0.0182338145095855,0.02149583795107901,62.0,60.5,63.0,91.01296875000006,62.882109374999985,149.39445312499996,273.0,253.25,289.0,273.0,253.25,289.0,286.0,272.0,342.0,500.0,467.0,561.75
fresh,8,nearest,12,0.0,0.00022779242135584354,0.00022419344168156385,0.00023411470465362072,0.019527679309248924,0.018156409147195518,0.021942817722447217,62.0,60.5,63.0,91.01296875000006,62.882109374999985,149.39445312499996,273.0,253.25,289.0,273.0,253.25,289.0,286.0,272.0,342.0,500.0,467.0,561.75
fresh,8,mean,12,0.0,0.0002455259673297405,0.00023844244424253702,0.00025042297784239054,0.0195554515812546,0.018193987663835287,0.022304754005745053,62.0,60.5,63.0,91.01296875000006,62.882109374999985,149.39445312499996,273.0,253.25,289.0,273.0,253.25,289.0,286.0,272.0,342.0,500.0,467.0,561.75
fresh,9,zero,12,0.0,0.0003867959603667259,0.00035252957604825497,0.0004012836143374443,0.09175012446939945,0.08149626466911286,0.09469203639309853,252.0,250.5,253.0,229.2498437499999,123.84109375000018,421.28496093749976,1170.0,1021.75,1181.25,1170.0,1021.75,1181.25,1214.0,1131.5,1214.0,2263.5,2059.25,2293.75
fresh,9,l1,12,5.684341886080802e-14,0.05117489630356431,0.049664753838442266,0.056855448638089,0.0320304271299392,0.027426373795606196,0.03458920191042125,75.5,68.25,78.25,172.5278125000001,71.91367187499998,256.8771093749999,323.5,278.5,348.25,323.5,278.5,348.25,552.0,437.5,629.5,797.5,606.5,880.75
fresh,9,virtual,12,0.0,0.0007010314147919416,0.0006287985015660524,0.0008324631489813328,0.09229595982469618,0.08742899214848876,0.09964455349836498,250.0,234.0,255.0,267.9213671875,140.8501953125002,473.79863281250016,1112.5,975.75,1157.5,1112.5,975.75,1157.5,1214.0,1131.5,1214.0,2235.5,2021.5,2275.0
fresh,9,nearest,12,0.0,0.0006601044442504644,0.0006291790632531047,0.000682851648889482,0.09358317009173334,0.08190900029148906,0.09657013334799558,255.0,255.0,255.0,240.10277343749982,99.11613281250034,407.48183593750065,1185.0,1063.5,1185.0,1185.0,1063.5,1185.0,1214.0,1154.0,1214.0,2290.5,2160.25,2296.0
fresh,9,mean,12,3.552713678800501e-14,0.0006168235559016466,0.0005890389438718557,0.000648497836664319,0.09350658138282597,0.08212729496881366,0.09714512515347451,255.0,255.0,255.0,211.42678240740742,113.75823784722225,363.60875000000004,1185.0,1125.75,1185.0,1185.0,1125.75,1185.0,1214.0,1154.0,1214.0,2294.0,2160.25,2296.0
fresh,12,zero,12,0.0,0.0004193175118416548,0.00038237543776631355,0.0005290881963446736,0.08726806496270001,0.07703796541318297,0.09577355964574963,255.0,238.25,255.0,322.5094921875002,189.64935546874995,549.4196484374995,1185.0,1021.5,1185.0,1185.0,1021.5,1185.0,1214.0,1110.5,1214.0,2263.5,2026.0,2296.0
fresh,12,l1,12,4.529709940470639e-14,0.09118206007406116,0.08648190135136247,0.09339181694667786,0.058187262853607535,0.052986552240327,0.06200660567265004,136.0,124.75,138.25,260.93390625000006,136.17867187500013,449.6233593750002,607.5,515.5,621.25,607.5,515.5,621.25,939.0,858.0,966.0,1459.0,1274.0,1486.25
fresh,12,virtual,12,0.0,0.0007032507564872503,0.0006614692974835634,0.0007353252731263638,0.08825199794955552,0.08245339698623866,0.09670867479871958,255.0,253.0,255.0,355.5811328124999,194.45847656249975,683.0099804687504,1185.0,1076.25,1185.0,1185.0,1076.25,1185.0,1214.0,1154.0,1214.0,2266.0,2112.25,2296.0
fresh,12,nearest,12,0.0,0.0007004404906183481,0.0006682497914880514,0.0007417548913508654,0.08875455684028566,0.08228640852030367,0.09347838943358511,255.0,250.5,255.0,314.4949609375002,160.09347656249975,589.6209570312494,1185.0,1098.75,1185.0,1185.0,1098.75,1185.0,1214.0,1139.0,1214.0,2263.5,2141.5,2273.5
fresh,12,mean,12,3.197442310920451e-14,0.0006769711617380381,0.000631562783382833,0.0007105238037183881,0.09114141366444528,0.07806683017406613,0.10123633092734963,255.0,238.5,255.0,307.07411458333354,180.4316840277777,526.2726736111107,1185.0,1025.25,1185.0,1185.0,1025.25,1185.0,1214.0,1110.5,1214.0,2263.5,2029.0,2296.0
fresh,16,zero,12,0.0,0.00047906464897096157,0.00046437280252575874,0.0005630523664876819,0.10705334623344243,0.08996153809130192,0.11726286518387496,255.0,252.5,255.0,591.5164062499998,354.96367187500005,857.4623828124999,1265.5,1157.5,1410.0,1265.5,1157.5,1410.0,1333.0,1214.0,1454.0,2483.0,2246.75,2730.0
fresh,16,l1,12,0.0,0.0005950722843408585,0.0005500051192939281,0.0006084453780204058,0.10831571696326137,0.08998270519077778,0.11911519803106785,255.0,252.5,255.0,591.5164062499998,354.96367187500005,857.4623828124999,1265.5,1157.5,1410.0,1265.5,1157.5,1410.0,1333.0,1214.0,1454.0,2483.0,2246.75,2730.0
fresh,16,virtual,12,0.0,0.0007386619690805674,0.0006992458365857601,0.0007453018333762884,0.10906269960105419,0.09181388875003904,0.11917787103448063,255.0,252.5,255.0,591.5164062499998,354.96367187500005,857.4623828124999,1265.5,1157.5,1410.0,1265.5,1157.5,1410.0,1333.0,1214.0,1454.0,2483.0,2246.75,2730.0
fresh,16,nearest,12,0.0,0.0007179630920290947,0.0006907919887453318,0.0007881391793489456,0.10986579256132245,0.09008818597067147,0.11976949370000511,255.0,252.5,255.0,591.5164062499998,354.96367187500005,857.4623828124999,1265.5,1157.5,1410.0,1265.5,1157.5,1410.0,1333.0,1214.0,1454.0,2483.0,2246.75,2730.0
fresh,16,mean,12,0.0,0.0007539812941104174,0.0007282524602487683,0.0007723000599071383,0.10922916699200869,0.09043323085643351,0.11991650541312993,255.0,252.5,255.0,591.5164062499998,354.96367187500005,857.4623828124999,1265.5,1157.5,1410.0,1265.5,1157.5,1410.0,1333.0,1214.0,1454.0,2483.0,2246.75,2730.0
