instance_id,family,sites,policy,synthesis,parameter_policy,gamma,logical_cx,logical_depth,raw_cx,symbolic_parameters,valid_distance_max_error,circuit_sha256,runtime_seconds
phase_12_line_0,line,12,zero,beam,symbolic,,1880,3116,3044,1,0.0,db69de96687bbe34f087a6b4246022e112e346fc33a00d6c3a64b867b3fbbd70,0.5777902971021831
phase_12_line_0,line,12,zero,beam,numeric,0.17,1878,3027,3044,0,0.0,5eec32c0498faa52d3f0819aebecd50a5f9c30c8d1d82bf4169d6484b6bd7aa3,0.08501063194125891
phase_12_line_0,line,12,zero,beam,numeric,0.371,1878,3026,3044,0,0.0,1dd9d4ca0948a7af47efce7cb0128f686f5bd05d1ec96ca909c05f03d54ef248,0.08575129183009267
phase_12_line_0,line,12,zero,beam,numeric,1.03,1878,3026,3044,0,0.0,3147b17086af1e02a264204fcc9b92dc1e0084b05847d0945ddfab6be9a34988,0.1324153277091682
phase_12_line_0,line,12,zero,gray,symbolic,,1214,2266,1214,1,0.0,a82c3d43f5ec4d2963c717165a393223684591f54d6506bf9adac41fe4d0db10,0.08317493880167603
phase_12_line_0,line,12,zero,gray,numeric,0.17,1214,2266,1214,0,0.0,8f2d8301f260bf45e9cc459723d0164c928e3cc62dd84ebf10a1a63977586faa,0.0922710201703012
phase_12_line_0,line,12,zero,gray,numeric,0.371,1214,2266,1214,0,0.0,b160670ac711adecb4180c522c85c1b5eb1d03d9b300329c2b3745b7e6fc94b6,0.0909520867280662
phase_12_line_0,line,12,zero,gray,numeric,1.03,1214,2266,1214,0,0.0,2a7a1c6cb4bcb1f64666e64125d21e6fc8f1152b62e3a8c3da8e8b5b534b6bd8,0.09257873706519604
phase_12_line_0,line,12,zero,library,numeric,0.17,1270,2375,0,0,0.0,c5e76765c698b1e9b7859d9a7a91956616bbd278c8a6a29054fdd130c69e8eca,0.09267160203307867
phase_12_line_0,line,12,zero,library,numeric,0.371,1270,2375,0,0,0.0,0463fc314615370bb5ec06df8df5c20553b8ffdc30e0134c84656590ef62c832,0.09193044202402234
phase_12_line_0,line,12,zero,library,numeric,1.03,1270,2375,0,0,0.0,fb92daeb8bc41a04a4ea6dc24f8478ba08a4de6b7b93b8134b4386331329e72d,0.09145208401605487
phase_12_line_0,line,12,l1,beam,symbolic,,1300,1924,1914,1,0.0,4289b158f4248ea58acbb09ac66f597b3d311f653ced06396aa512aaabc429a1,0.07360853580757976
phase_12_line_0,line,12,l1,beam,numeric,0.17,1298,1875,1914,0,0.0,c90a1ebd4d37aab6f73586cdddec15016bf13fc7df0e10f134c66278aa49731f,0.19888981292024255
phase_12_line_0,line,12,l1,beam,numeric,0.371,1298,1875,1914,0,0.0,d6a1056559965dc7dec287569aaef9f02561bed6fec307102387d473bf356f6d,0.06575432419776917
phase_12_line_0,line,12,l1,beam,numeric,1.03,1298,1875,1914,0,0.0,62d5d268d571cf951a067b051a516eb2a48143ae97b9e435b1de529baf9e5251,0.06477996613830328
phase_12_line_0,line,12,l1,gray,symbolic,,948,1483,948,1,0.0,a318aa3ff3ea72da3ce0dc5a168e79f01c95128acf08edc05eb99aa42643cb7a,0.058581280056387186
phase_12_line_0,line,12,l1,gray,numeric,0.17,948,1483,948,0,0.0,630fb40936dee8bac5444df4133bc68aea7eb3c087d893e4cb912fe9076500ca,0.06245463527739048
phase_12_line_0,line,12,l1,gray,numeric,0.371,948,1483,948,0,0.0,7c0347075bc6c6be1481cf85c5ef764f6454ea45f335bd6e4e84ba4c362135c8,0.06299534905701876
phase_12_line_0,line,12,l1,gray,numeric,1.03,948,1483,948,0,0.0,ed78b72200f7b2a20d0627d77b0fef0e47ac375c878064935cb0ff182abb1e15,0.06269903294742107
phase_12_line_0,line,12,l1,library,numeric,0.17,1266,2333,0,0,0.0,13b75b0f2241351e2e3583de2819584fb1fd23815f70d8ac3db5d160fa1eb0b8,0.10437014512717724
phase_12_line_0,line,12,l1,library,numeric,0.371,1260,2333,0,0,0.0,2193453ba08b73334f9b643c6c3c01cbedfb8f9bb017a50daaa125c8d6712402,0.10705101257190108
phase_12_line_0,line,12,l1,library,numeric,1.03,1260,2332,0,0,0.0,00ae403eb3a069700843c7c1f35449bd92375739f325636bd44ae1c9bfea3547,0.10517201898619533
