window_id,design,selection_stratum,development_split,config,graph,schedule,p,objective,budget,token_edges_per_layer,edge_layers,seed,initial_hpwl_dbu,exact_hpwl_dbu,exact_opportunity_dbu,expected_hpwl_dbu,cvar_0.25_hpwl_dbu,probability_beating_initial,optimal_probability,expected_best_256_hpwl_dbu,expected_best_256_gap_closure,objective_evaluations,optimizer_success,optimizer_message,optimizer_runtime_seconds,parameters,method,solution_assignment,best_hpwl_dbu,expected_best_64_hpwl_dbu,expected_best_4096_hpwl_dbu,sampled_best_4096_hpwl_dbu,expected_best_64_gap_closure,expected_best_4096_gap_closure,sampled_best_4096_gap_closure,sampled_exact_hit_4096
gcd_w0000,gcd,low_connectivity,sealed_holdout,selected_ring_p3_beat,ring,reversed,3,beat_initial,40,6,18,11,48554.0,48554.0,0.0,73783.64379929818,54325.93745761514,0.0,0.08214628654705834,48554.00000217525,,25,True,Optimization terminated successfully.,0.01691889762878418,"[3.1422765089348568, 0.41989403250492335, 1.5952907483666152, 0.1861433993136087, 1.0412381609744688, 0.1203520100389062]",selected_token_qaoa,"[0, 1, 2, 3]",48554.0,48584.819744221124,48554.0,48554.0,,,,True
gcd_w0000,gcd,low_connectivity,sealed_holdout,selected_ring_p3_beat,ring,reversed,3,beat_initial,40,6,18,17,48554.0,48554.0,0.0,72664.58096362995,53532.90847127821,0.0,0.09768768141158653,48554.000000027474,,25,True,Optimization terminated successfully.,0.016331195831298828,"[3.1636179026599103, 0.3994677072316477, 1.5599968964898265, 0.1711447037123134, 1.0093051257998125, 0.13127245971924043]",selected_token_qaoa,"[0, 1, 2, 3]",48554.0,48564.30377412581,48554.0,48554.0,,,,True
gcd_w0001,gcd,low_connectivity,sealed_holdout,selected_ring_p3_beat,ring,reversed,3,beat_initial,40,6,18,11,116508.0,113778.0,2730.0,117065.65884298326,114426.40794503159,0.3076120129909827,0.0008144151159896883,113834.82179876528,0.979186154298434,40,False,Maximum number of function evaluations has been exceeded.,0.025946378707885742,"[3.1407951430175314, 0.39104653672073847, 1.8576596106070185, 0.14225351328285357, 1.2977214165604805, 0.1413618528650374]",selected_token_qaoa,"[1, 0, 4, 3]",113778.0,113846.43361033835,113780.48753387478,113778.0,0.9749327434658044,0.9990888154304833,1.0,True
gcd_w0001,gcd,low_connectivity,sealed_holdout,selected_ring_p3_beat,ring,reversed,3,beat_initial,40,6,18,17,116508.0,113778.0,2730.0,117060.97493485334,114429.39923625239,0.3075957931520734,0.0007996208341130521,113835.03758452124,0.9791071118969816,40,False,Maximum number of function evaluations has been exceeded.,0.023575544357299805,"[3.164025577585407, 0.39022103017704574, 1.8299891179893557, 0.12597161947132127, 1.2553746217432336, 0.15694759302235264]",selected_token_qaoa,"[1, 0, 4, 3]",113778.0,113846.48641334515,113780.64306209427,113778.0,0.9749134017050739,0.9990318453867142,1.0,True
gcd_w0002,gcd,low_connectivity,sealed_holdout,selected_ring_p3_beat,ring,reversed,3,beat_initial,40,6,18,11,106526.0,106456.0,70.0,114375.87700388618,107201.3265406692,0.006764221234419103,0.006764221234419103,106468.31688962737,0.8240444338947003,40,False,Maximum number of function evaluations has been exceeded.,0.026466846466064453,"[3.1446722946975814, 0.2780123876663926, 1.9315266451609354, 0.19033849644414264, 1.348618148136374, 0.3627590542491508]",selected_token_qaoa,"[0, 5, 2, 3]",106456.0,106501.33895684374,106456.00000000006,106456.0,0.352300616517979,0.9999999999991684,1.0,True
gcd_w0002,gcd,low_connectivity,sealed_holdout,selected_ring_p3_beat,ring,reversed,3,beat_initial,40,6,18,17,106526.0,106456.0,70.0,114169.01223727992,107066.61274949627,0.006773467663960236,0.006773467663960236,106468.28757074985,0.8244632750021992,40,False,Maximum number of function evaluations has been exceeded.,0.024695396423339844,"[3.1458708772860966, 0.2935414795899366, 1.8717512499192999, 0.17898774287582644, 1.392971017720603, 0.34478562771080734]",selected_token_qaoa,"[0, 5, 2, 3]",106456.0,106501.31065820936,106456.00000000007,106456.0,0.35270488272342065,0.9999999999989606,1.0,True
gcd_w0003,gcd,low_connectivity,sealed_holdout,selected_ring_p3_beat,ring,reversed,3,beat_initial,40,6,18,11,118619.0,118279.0,340.0,123091.98124716697,118409.11666364563,0.15432598261350697,0.15432598261350697,118279.0,1.0,40,False,Maximum number of function evaluations has been exceeded.,0.025562524795532227,"[3.1232425582687764, 0.3623418225197415, 1.8710972309165308, -0.14122947706450337, 1.3281278611666822, 0.3773454233715206]",selected_token_qaoa,"[5, 1, 2, 3]",118279.0,118279.00745538568,118279.0,118279.0,0.99997807239505,1.0,1.0,True
gcd_w0003,gcd,low_connectivity,sealed_holdout,selected_ring_p3_beat,ring,reversed,3,beat_initial,40,6,18,17,118619.0,118279.0,340.0,122940.10546256804,118416.8218484399,0.14866040555890686,0.14866040555890686,118279.0,1.0,40,False,Maximum number of function evaluations has been exceeded.,0.025490283966064453,"[3.123810973734745, 0.31448060095378577, 1.846545761130936, -0.0729166951436937, 1.3017734217365753, 0.34577525931096065]",selected_token_qaoa,"[5, 1, 2, 3]",118279.0,118279.01143036707,118279.0,118279.0,0.9999663812733214,1.0,1.0,True
gcd_w0004,gcd,medium_connectivity,sealed_holdout,selected_ring_p3_beat,ring,reversed,3,beat_initial,40,6,18,11,163540.0,157255.0,6285.0,168927.27761315816,160983.49467381655,0.2803027969083577,0.016092326963999603,157272.33945429762,0.9972411369454867,40,False,Maximum number of function evaluations has been exceeded.,0.02570319175720215,"[3.1476940831504896, 0.5895385582229875, 1.8864888534751907, 0.618267287540664, 1.1596191411498131, 0.8851692389168966]",selected_token_qaoa,"[4, 0, 5, 3]",157255.0,158005.61673785854,157255.0,157255.0,0.8805701292190075,1.0,1.0,True
gcd_w0004,gcd,medium_connectivity,sealed_holdout,selected_ring_p3_beat,ring,reversed,3,beat_initial,40,6,18,17,163540.0,157255.0,6285.0,168932.00115356536,160975.07263241053,0.28034249366099756,0.01617957384293427,157272.04002982375,0.9972887780710022,40,False,Maximum number of function evaluations has been exceeded.,0.026593923568725586,"[3.1636179026599103, 0.5882247620394276, 1.8615674974476575, 0.623797557048787, 1.1450527204580507, 0.8860319565602788]",selected_token_qaoa,"[4, 0, 5, 3]",157255.0,158001.21754563344,157255.0,157255.0,0.8812700802492542,1.0,1.0,True
gcd_w0005,gcd,medium_connectivity,sealed_holdout,selected_ring_p3_beat,ring,reversed,3,beat_initial,40,6,18,11,179500.0,156361.0,23139.0,185387.62499037618,172980.3416179614,0.2096397324414309,0.0026391287684481984,161395.4478238243,0.7824258687141059,40,False,Maximum number of function evaluations has been exceeded.,0.02586674690246582,"[3.1307641204553835, 0.25839969378872935, 1.8546509645536067, 0.0637628633561686, 1.3630213227248558, 0.23955682567260322]",selected_token_qaoa,"[0, 2, 3, 1]",156361.0,167450.3298699372,156361.01556334607,156361.0,0.5207515506315221,0.9999993273976374,1.0,True
gcd_w0005,gcd,medium_connectivity,sealed_holdout,selected_ring_p3_beat,ring,reversed,3,beat_initial,40,6,18,17,179500.0,156361.0,23139.0,185328.42535201114,173036.1103390703,0.20730263819234565,0.0028801188285423125,161138.43133626916,0.7935333706612576,40,False,Maximum number of function evaluations has been exceeded.,0.025997161865234375,"[3.177272263961916, 0.23731579563675353, 1.8315990182724837, 0.10751909865144017, 1.2832721944882557, 0.2018494416161096]",selected_token_qaoa,"[0, 2, 3, 1]",156361.0,167307.33486568788,156361.00587207868,156361.0,0.5269313770825066,0.9999997462259097,1.0,True
gcd_w0006,gcd,medium_connectivity,sealed_holdout,selected_ring_p3_beat,ring,reversed,3,beat_initial,40,6,18,11,136808.0,135057.0,1751.0,153280.61955034122,141854.76075157983,0.06333194992497243,0.06265932106942018,135057.00019805224,0.9999998868919271,40,False,Maximum number of function evaluations has been exceeded.,0.023888587951660156,"[3.1422765089348568, 0.7544035826258317, 1.3274957240011516, 1.2770592475573126, 1.0973302967142848, 0.23126903667135232]",selected_token_qaoa,"[0, 4, 2, 1]",135057.0,135133.69177218183,135057.0,135057.0,0.9562011580914724,1.0,1.0,True
gcd_w0006,gcd,medium_connectivity,sealed_holdout,selected_ring_p3_beat,ring,reversed,3,beat_initial,40,6,18,17,136808.0,135057.0,1751.0,153318.87664154326,141833.68927300954,0.06381005965671246,0.06321423012777674,135057.00017291843,0.9999999012458998,40,False,Maximum number of function evaluations has been exceeded.,0.024557828903198242,"[3.2044732045619972, 0.7558484422935255, 1.3211415884614366, 1.275328298588789, 1.2423154024941236, 0.25118517007783797]",selected_token_qaoa,"[0, 4, 2, 1]",135057.0,135131.41012028448,135057.0,135057.0,0.9575042145719727,1.0,1.0,True
gcd_w0007,gcd,medium_connectivity,sealed_holdout,selected_ring_p3_beat,ring,reversed,3,beat_initial,40,6,18,11,131960.0,130976.0,984.0,144605.8790429109,131915.11288302974,0.02857896972831365,0.028497229049964753,130976.59379410128,0.9993965507100796,40,False,Maximum number of function evaluations has been exceeded.,0.025465965270996094,"[3.1131817109748074, 0.5732866007544732, 1.9059732205029636, -0.1776004120706186, 1.3724257973333083, 0.19251891595263382]",selected_token_qaoa,"[0, 1, 2, 5]",130976.0,131130.2241430984,130976.0,130976.0,0.843268147257724,1.0,1.0,True
gcd_w0007,gcd,medium_connectivity,sealed_holdout,selected_ring_p3_beat,ring,reversed,3,beat_initial,40,6,18,17,131960.0,130976.0,984.0,144496.04572280825,131836.785246898,0.034091648403838166,0.03129758559814175,130976.19292583558,0.9998039371589621,40,False,Maximum number of function evaluations has been exceeded.,0.03027963638305664,"[3.2167125133272223, 0.5692050664013556, 1.8925386373423654, -0.4740450057915694, 1.387854442661085, 0.3477655714809296]",selected_token_qaoa,"[0, 1, 2, 5]",130976.0,131091.25201985647,130976.0,130976.0,0.8828739635604935,1.0,1.0,True
gcd_w0008,gcd,high_connectivity,sealed_holdout,selected_ring_p3_beat,ring,reversed,3,beat_initial,40,6,18,11,255787.0,255787.0,0.0,340510.8844978203,276251.56305774924,0.0,0.06670795875998506,255787.00037193543,,25,True,Optimization terminated successfully.,0.01863574981689453,"[3.1422765089348568, 0.41989403250492335, 1.5952907483666152, 0.1861433993136087, 1.0412381609744688, 0.1203520100389062]",selected_token_qaoa,"[0, 1, 2, 3]",255787.0,256026.83570458373,255787.0,255787.0,,,,True
gcd_w0008,gcd,high_connectivity,sealed_holdout,selected_ring_p3_beat,ring,reversed,3,beat_initial,40,6,18,17,255787.0,255787.0,0.0,336868.5527557567,273647.7739484106,0.0,0.08117421117601997,255787.00000688317,,25,True,Optimization terminated successfully.,0.01774311065673828,"[3.1636179026599103, 0.3994677072316477, 1.5599968964898265, 0.1711447037123134, 1.0093051257998125, 0.13127245971924043]",selected_token_qaoa,"[0, 1, 2, 3]",255787.0,255875.53143095045,255787.0,255787.0,,,,True
gcd_w0009,gcd,high_connectivity,sealed_holdout,selected_ring_p3_beat,ring,reversed,3,beat_initial,40,6,18,11,136075.0,119790.0,16285.0,147066.95313151693,133767.62072947074,0.16165776622911193,0.00047886385054038687,129042.0932535774,0.43186409250369023,40,False,Maximum number of function evaluations has been exceeded.,0.027202129364013672,"[3.2031732506324473, 0.40199888286371865, 1.8717596265792127, -0.2948246700047594, 1.3963333537219524, 0.4555393262485463]",selected_token_qaoa,"[2, 1, 0, 3]",119790.0,130276.21584278657,120846.41137188653,119790.0,0.3560813114653629,0.9351297898749447,1.0,True
gcd_w0009,gcd,high_connectivity,sealed_holdout,selected_ring_p3_beat,ring,reversed,3,beat_initial,40,6,18,17,136075.0,119790.0,16285.0,148791.1692567235,133842.2018061059,0.1609069652466705,0.0005339005011008054,128864.67178832513,0.4427588708427924,40,False,Maximum number of function evaluations has been exceeded.,0.02603459358215332,"[3.0720528484597605, 0.5331749796629403, 1.8383055479707247, -0.43795385136304876, 1.3924406650205698, 0.3982289840030292]",selected_token_qaoa,"[2, 1, 0, 3]",119790.0,130228.04554358327,120619.69042765911,119790.0,0.3590392665899128,0.9490518619797907,1.0,True
gcd_w0010,gcd,high_connectivity,sealed_holdout,selected_ring_p3_beat,ring,reversed,3,beat_initial,40,6,18,11,78843.0,78843.0,0.0,92044.8758118967,80534.39605684733,0.0,0.10277854172056723,78843.00000000134,,25,True,Optimization terminated successfully.,0.016329288482666016,"[3.1422765089348568, 0.41989403250492335, 1.5952907483666152, 0.1861433993136087, 1.0412381609744688, 0.1203520100389062]",selected_token_qaoa,"[0, 1, 2, 3]",78843.0,78845.03705561826,78843.0,78843.0,,,,True
gcd_w0010,gcd,high_connectivity,sealed_holdout,selected_ring_p3_beat,ring,reversed,3,beat_initial,40,6,18,17,78843.0,78843.0,0.0,91474.71629490996,80201.54877571155,0.0,0.11943337874463175,78843.00000000001,,25,True,Optimization terminated successfully.,0.015726327896118164,"[3.1636179026599103, 0.3994677072316477, 1.5599968964898265, 0.1711447037123134, 1.0093051257998125, 0.13127245971924043]",selected_token_qaoa,"[0, 1, 2, 3]",78843.0,78843.61117256724,78843.0,78843.0,,,,True
gcd_w0011,gcd,high_connectivity,sealed_holdout,selected_ring_p3_beat,ring,reversed,3,beat_initial,40,6,18,11,197788.0,191978.0,5810.0,204274.43541141384,193468.22897638922,0.3152618973385578,1.3738253900679993e-07,192496.99853468745,0.910671508659648,40,False,Maximum number of function evaluations has been exceeded.,0.023782014846801758,"[3.200241487557779, 0.30904376861633004, 1.8768092115515638, -0.008038630478388124, 1.280196535958175, 0.34660450151302247]",selected_token_qaoa,"[0, 1, 2, 5]",192497.0,192530.6353214775,192496.70803103724,192497.0,0.9048820444961297,0.9107215092879104,0.910671256454389,False
gcd_w0011,gcd,high_connectivity,sealed_holdout,selected_ring_p3_beat,ring,reversed,3,beat_initial,40,6,18,17,197788.0,191978.0,5810.0,204628.80735310525,193424.05935497026,0.3191340064372245,6.758658815866565e-06,192496.10469953495,0.9108253529199748,40,False,Maximum number of function evaluations has been exceeded.,0.02437591552734375,"[3.030839627161061, 0.3500412702242139, 1.8580743352896838, -0.045253717118669434, 1.3369639443964572, 0.3770150663615582]",selected_token_qaoa,"[0, 1, 2, 5]",192497.0,192516.31052822867,192482.8292852451,192497.0,0.9073475855028106,0.9131102779268334,0.910671256454389,False
aes_w0000,aes,low_connectivity,sealed_holdout,selected_ring_p3_beat,ring,reversed,3,beat_initial,40,6,18,11,554563.0,554563.0,0.0,558850.5213687263,554563.0,0.0,0.26279455705842264,554563.0,,25,True,Optimization terminated successfully.,0.015315771102905273,"[3.1422765089348568, 0.41989403250492335, 1.5952907483666152, 0.1861433993136087, 1.0412381609744688, 0.1203520100389062]",selected_token_qaoa,"[0, 1, 2, 3]",554563.0,554563.0000037279,554563.0,554563.0,,,,True
aes_w0000,aes,low_connectivity,sealed_holdout,selected_ring_p3_beat,ring,reversed,3,beat_initial,40,6,18,17,554563.0,554563.0,0.0,558652.5562286485,554563.0,0.0,0.2855952916012738,554563.0,,25,True,Optimization terminated successfully.,0.01573491096496582,"[3.1636179026599103, 0.3994677072316477, 1.5599968964898265, 0.1711447037123134, 1.0093051257998125, 0.13127245971924043]",selected_token_qaoa,"[0, 1, 2, 3]",554563.0,554563.000000501,554563.0,554563.0,,,,True
aes_w0001,aes,low_connectivity,sealed_holdout,selected_ring_p3_beat,ring,reversed,3,beat_initial,40,6,18,11,392606.0,392606.0,0.0,410924.53475854726,394499.5246371965,0.0,0.0990940577807257,392606.0000000017,,25,True,Optimization terminated successfully.,0.016541242599487305,"[3.1422765089348568, 0.41989403250492335, 1.5952907483666152, 0.1861433993136087, 1.0412381609744688, 0.1203520100389062]",selected_token_qaoa,"[0, 1, 2, 3]",392606.0,392606.87692961073,392606.0,392606.0,,,,True
aes_w0001,aes,low_connectivity,sealed_holdout,selected_ring_p3_beat,ring,reversed,3,beat_initial,40,6,18,17,392606.0,392606.0,0.0,410009.74977380194,394005.7206939847,0.0,0.11606090328880479,392606.0,,25,True,Optimization terminated successfully.,0.01626300811767578,"[3.1636179026599103, 0.3994677072316477, 1.5599968964898265, 0.1711447037123134, 1.0093051257998125, 0.13127245971924043]",selected_token_qaoa,"[0, 1, 2, 3]",392606.0,392606.2574742032,392606.0,392606.0,,,,True
aes_w0002,aes,low_connectivity,sealed_holdout,selected_ring_p3_beat,ring,reversed,3,beat_initial,40,6,18,11,367983.0,365916.0,2067.0,372087.75300336664,367634.8181355246,0.1565992785678644,5.840958452794523e-07,366661.9037283313,0.6391370448324515,40,False,Maximum number of function evaluations has been exceeded.,0.025673866271972656,"[3.1834345567659525, 0.44608342306819315, 1.871046403206888, 0.029455675106223385, 1.3154556242766395, 0.21960448640900365]",selected_token_qaoa,"[0, 3, 1, 2]",366662.0,366709.3757341801,366660.21736016363,366662.0,0.6161704237154835,0.6399528978405267,0.6390904692791485,False
aes_w0002,aes,low_connectivity,sealed_holdout,selected_ring_p3_beat,ring,reversed,3,beat_initial,40,6,18,17,367983.0,365916.0,2067.0,372317.5821378875,367628.6732597746,0.15472347907008013,2.1805698464411835e-06,366661.59771715256,0.639285090879265,40,False,Maximum number of function evaluations has been exceeded.,0.025185108184814453,"[3.183010160916594, 0.43339756732971246, 1.8481672144466785, 0.05205675346922725, 1.2728712793219374, 0.23747689851251377]",selected_token_qaoa,"[0, 3, 1, 2]",366662.0,366706.3347011041,366655.36667589843,366662.0,0.6176416540376924,0.6422996246258187,0.6390904692791485,False
aes_w0003,aes,low_connectivity,sealed_holdout,selected_ring_p3_beat,ring,reversed,3,beat_initial,40,6,18,11,135108.0,134842.0,266.0,149451.55816372196,137379.53094853027,0.017585257730359932,0.017585257730359932,134844.86755091284,0.989219733410387,40,False,Maximum number of function evaluations has been exceeded.,0.02443695068359375,"[3.120708529829414, 0.3823524639668314, 1.9564155021313887, 0.2681274766840041, 1.4403285870050233, 0.412915601731278]",selected_token_qaoa,"[4, 1, 2, 3]",134842.0,135049.64385569407,134842.0,134842.0,0.21938400115011195,1.0,1.0,True
aes_w0003,aes,low_connectivity,sealed_holdout,selected_ring_p3_beat,ring,reversed,3,beat_initial,40,6,18,17,135108.0,134842.0,266.0,149821.23072061094,137635.57523864319,0.017914631377003002,0.017914631377003002,134844.78641756656,0.989524745990376,40,False,Maximum number of function evaluations has been exceeded.,0.024517536163330078,"[3.1385712360426705, 0.42041131341833354, 1.9499851752053112, 0.264645322220059, 1.5199636480184833, 0.44069736423200273]",selected_token_qaoa,"[4, 1, 2, 3]",134842.0,135113.32497276133,134842.0,134842.0,-0.020018694591463396,1.0,1.0,True
aes_w0004,aes,medium_connectivity,sealed_holdout,selected_ring_p3_beat,ring,reversed,3,beat_initial,40,6,18,11,1135260.0,1135260.0,0.0,1167456.2803571487,1145389.4086622642,0.0,0.07658779253858312,1135260.0000058115,,25,True,Optimization terminated successfully.,0.015027046203613281,"[3.1422765089348568, 0.41989403250492335, 1.5952907483666152, 0.1861433993136087, 1.0412381609744688, 0.1203520100389062]",selected_token_qaoa,"[0, 1, 2, 3]",1135260.0,1135311.320764199,1135260.0,1135260.0,,,,True
aes_w0004,aes,medium_connectivity,sealed_holdout,selected_ring_p3_beat,ring,reversed,3,beat_initial,40,6,18,17,1135260.0,1135260.0,0.0,1166169.5759364832,1144146.053839264,0.0,0.09158434557721618,1135260.0000000838,,25,True,Optimization terminated successfully.,0.015243053436279297,"[3.1636179026599103, 0.3994677072316477, 1.5599968964898265, 0.1711447037123134, 1.0093051257998125, 0.13127245971924043]",selected_token_qaoa,"[0, 1, 2, 3]",1135260.0,1135277.7942817272,1135260.0,1135260.0,,,,True
aes_w0005,aes,medium_connectivity,sealed_holdout,selected_ring_p3_beat,ring,reversed,3,beat_initial,40,6,18,11,792584.0,788774.0,3810.0,806021.5334416548,796018.3685222085,0.05414215574816213,0.001646219229460461,789880.6843091904,0.7095316773778552,40,False,Maximum number of function evaluations has been exceeded.,0.02345442771911621,"[3.1887344726234574, 0.5597717751705035, 2.262446496697378, 0.2523107007135202, 1.6772563138087955, 0.5121125638893507]",selected_token_qaoa,"[0, 1, 4, 5]",788774.0,790646.2369410204,788775.8481313556,788774.0,0.5085992280786473,0.9995149261533867,1.0,True
aes_w0005,aes,medium_connectivity,sealed_holdout,selected_ring_p3_beat,ring,reversed,3,beat_initial,40,6,18,17,792584.0,788774.0,3810.0,802855.2081593357,792280.9230317407,0.08055003794862113,0.0011501188528462414,790191.0789662249,0.6280632634580274,40,False,Maximum number of function evaluations has been exceeded.,0.023865461349487305,"[2.963242509438401, 0.6107302199466313, 2.487648790181972, -0.18129608722582322, 2.4199643980009933, 0.5559268029592315]",selected_token_qaoa,"[0, 1, 4, 5]",788774.0,790759.65411873,788788.1406408929,788774.0,0.4788309399658824,0.9962885456974007,1.0,True
aes_w0006,aes,medium_connectivity,sealed_holdout,selected_ring_p3_beat,ring,reversed,3,beat_initial,40,6,18,11,592970.0,584833.0,8137.0,602631.96722074,589882.2298727074,0.20331961988434796,0.0007829329769135919,586526.6793900216,0.7918545667910041,40,False,Maximum number of function evaluations has been exceeded.,0.023885011672973633,"[3.1542514197759712, 0.39144683569111677, 1.9959525997742864, 0.07430487909557798, 1.3933515114913757, 0.37412078768081136]",selected_token_qaoa,"[5, 0, 2, 1]",584925.0,587654.4330373076,584838.3478134515,584925.0,0.6532588131611676,0.9993427782411766,0.9886936217279095,False
aes_w0006,aes,medium_connectivity,sealed_holdout,selected_ring_p3_beat,ring,reversed,3,beat_initial,40,6,18,17,592970.0,584833.0,8137.0,602759.1460153797,589907.4454840565,0.2005451469763792,0.0007006354878924781,586688.6544321483,0.7719485766070636,40,False,Maximum number of function evaluations has been exceeded.,0.024369239807128906,"[3.1301003371201475, 0.38246365031980645, 1.8488502156898194, 0.08329680965594224, 1.475000845758815, 0.352774850547033]",selected_token_qaoa,"[0, 4, 2, 1]",584833.0,587723.5823555938,584843.8460482517,584833.0,0.6447606789241985,0.9986670703881374,1.0,True
aes_w0007,aes,medium_connectivity,sealed_holdout,selected_ring_p3_beat,ring,reversed,3,beat_initial,40,6,18,11,1123168.0,1123168.0,0.0,1148933.110739385,1126757.9336414407,0.0,0.08139656455765029,1123168.0000005474,,25,True,Optimization terminated successfully.,0.015627622604370117,"[3.1422765089348568, 0.41989403250492335, 1.5952907483666152, 0.1861433993136087, 1.0412381609744688, 0.1203520100389062]",selected_token_qaoa,"[0, 1, 2, 3]",1123168.0,1123174.8219737224,1123168.0,1123168.0,,,,True
aes_w0007,aes,medium_connectivity,sealed_holdout,selected_ring_p3_beat,ring,reversed,3,beat_initial,40,6,18,17,1123168.0,1123168.0,0.0,1147586.754793102,1125812.3974728093,0.0,0.09704763446054286,1123168.0000000068,,25,True,Optimization terminated successfully.,0.01517796516418457,"[3.1636179026599103, 0.3994677072316477, 1.5599968964898265, 0.1711447037123134, 1.0093051257998125, 0.13127245971924043]",selected_token_qaoa,"[0, 1, 2, 3]",1123168.0,1123170.2387969703,1123168.0,1123168.0,,,,True
aes_w0008,aes,high_connectivity,sealed_holdout,selected_ring_p3_beat,ring,reversed,3,beat_initial,40,6,18,11,667486.0,654906.0,12580.0,682168.295011363,659284.5750611068,0.20854335121775286,0.13078055595956806,654905.9999999999,1.0000000000000093,40,False,Maximum number of function evaluations has been exceeded.,0.02539801597595215,"[3.1422765089348568, 0.4911643631811573, 1.9963222542237902, -0.1348326113377205, 1.4255718952588372, 0.5096960723863618]",selected_token_qaoa,"[1, 0, 2, 3]",654906.0,654906.7752282505,654906.0,654906.0,0.9999383761327075,1.0,1.0,True
aes_w0008,aes,high_connectivity,sealed_holdout,selected_ring_p3_beat,ring,reversed,3,beat_initial,40,6,18,17,667486.0,654906.0,12580.0,681030.031530023,658983.012542247,0.21497866007041627,0.1367939654343838,654906.0,1.0,40,False,Maximum number of function evaluations has been exceeded.,0.024797439575195312,"[3.134378887017203, 0.48277088127060697, 2.1244084908389755, -0.1607303406767509, 1.3948228621364225, 0.5043670735407825]",selected_token_qaoa,"[1, 0, 2, 3]",654906.0,654906.5130820923,654906.0,654906.0,0.9999592144600732,1.0,1.0,True
aes_w0009,aes,high_connectivity,sealed_holdout,selected_ring_p3_beat,ring,reversed,3,beat_initial,40,6,18,11,1066733.0,1063033.0,3700.0,1101974.9066928898,1078386.1496204182,0.018735401016288726,0.004666778966330681,1063442.4163757286,0.8893469254787684,40,False,Maximum number of function evaluations has been exceeded.,0.024321794509887695,"[3.1422765089348568, 0.5659154611745403, 2.222930647507138, 0.20070489555115725, 1.2715723720563223, 0.5622239452830151]",selected_token_qaoa,"[0, 5, 2, 3]",1063033.0,1065279.7670187897,1063033.0000061598,1063033.0,0.39276567059738965,0.9999999983351979,1.0,True
aes_w0009,aes,high_connectivity,sealed_holdout,selected_ring_p3_beat,ring,reversed,3,beat_initial,40,6,18,17,1066733.0,1063033.0,3700.0,1101920.5061244757,1078381.2397750425,0.018656913973095976,0.004779106518661607,1063431.6857181103,0.8922471032134333,40,False,Maximum number of function evaluations has been exceeded.,0.024951934814453125,"[3.141683742307849, 0.5540843356748125, 2.108447444361245, 0.20094442404854154, 1.3776810723324224, 0.5628949527859908]",selected_token_qaoa,"[0, 5, 2, 3]",1063033.0,1065269.7752868051,1063033.00000388,1063033.0,0.3954661387013196,0.9999999989513811,1.0,True
aes_w0010,aes,high_connectivity,sealed_holdout,selected_ring_p3_beat,ring,reversed,3,beat_initial,40,6,18,11,1141154.0,1141041.0,113.0,1212683.5440403435,1160549.5784680785,0.008977247993141757,0.008977247993141757,1141070.5034485066,0.7389075353399611,40,False,Maximum number of function evaluations has been exceeded.,0.02432703971862793,"[3.077944505584686, 0.4668264512915231, 1.9156110009795209, 0.14919773220477545, 1.5466394703533524, 0.6233635759475481]",selected_token_qaoa,"[0, 5, 2, 3]",1141041.0,1142944.8518395778,1141040.9999999998,1141041.0,-15.848246367944949,1.0000000000020604,1.0,True
aes_w0010,aes,high_connectivity,sealed_holdout,selected_ring_p3_beat,ring,reversed,3,beat_initial,40,6,18,17,1141154.0,1141041.0,113.0,1210929.1325571518,1160097.228087188,0.009069846252156568,0.009069846252156568,1141066.4259248227,0.7749918157284239,40,False,Maximum number of function evaluations has been exceeded.,0.024162769317626953,"[3.0837836456240653, 0.49689429756560194, 2.0125843617834334, 0.15672919146051167, 1.557503821065484, 0.6058051969332735]",selected_token_qaoa,"[0, 5, 2, 3]",1141041.0,1142848.178538574,1141040.9999999998,1141041.0,-14.992730429857573,1.0000000000020604,1.0,True
aes_w0011,aes,high_connectivity,sealed_holdout,selected_ring_p3_beat,ring,reversed,3,beat_initial,40,6,18,11,807761.0,806183.0,1578.0,825493.9786877383,813075.6759494307,0.002981265014013262,0.002981265014013262,806980.0299888834,0.4949112871461265,40,False,Maximum number of function evaluations has been exceeded.,0.023851394653320312,"[3.1225354178453792, 0.3638810024456829, 1.6978984588435813, 0.5488455109951409, 1.5636485098937682, 0.6823583054109129]",selected_token_qaoa,"[1, 4, 2, 3]",806183.0,808354.7107636357,806183.0077073047,806183.0,-0.3762425625067781,0.9999951157765079,1.0,True
aes_w0011,aes,high_connectivity,sealed_holdout,selected_ring_p3_beat,ring,reversed,3,beat_initial,40,6,18,17,807761.0,806183.0,1578.0,825334.7328320899,813172.9999376457,0.0028954834609477326,0.0028954834609477326,807031.184682461,0.4624938640931765,40,False,Maximum number of function evaluations has been exceeded.,0.02406454086303711,"[3.1860447601642314, 0.3856030461829841, 1.7436591943918538, 0.5751854314490195, 1.430430794387363, 0.7084006000574651]",selected_token_qaoa,"[1, 4, 2, 3]",806183.0,808516.2186647471,806183.0109634312,806183.0,-0.4785923097256532,0.9999930523249618,1.0,True
ibex_w0000,ibex,low_connectivity,sealed_holdout,selected_ring_p3_beat,ring,reversed,3,beat_initial,40,6,18,11,987521.0,987451.0,70.0,991789.7706326359,987490.4008264509,0.10928276267501717,0.10928276267501717,987450.9999999999,1.0000000000016631,40,False,Maximum number of function evaluations has been exceeded.,0.025231122970581055,"[3.1294791510836757, 0.3403833534831244, 1.7946584657751863, 0.014276637242880075, 1.3934423947420223, 0.18871004106187853]",selected_token_qaoa,"[0, 5, 2, 3]",987451.0,987451.0425058675,987451.0,987451.0,0.9993927733207654,1.0,1.0,True
ibex_w0000,ibex,low_connectivity,sealed_holdout,selected_ring_p3_beat,ring,reversed,3,beat_initial,40,6,18,17,987521.0,987451.0,70.0,992065.3958906552,987490.9306257649,0.1073906222684107,0.1073906222684107,987451.0,1.0,40,False,Maximum number of function evaluations has been exceeded.,0.023769855499267578,"[3.1699895054858014, 0.45551937743223125, 1.8394314375299645, -0.048954513368752256, 1.1767308670017957, 0.07838363991438324]",selected_token_qaoa,"[1, 5, 2, 3]",987451.0,987451.048688964,987451.0,987451.0,0.9993044433716153,1.0,1.0,True
ibex_w0001,ibex,low_connectivity,sealed_holdout,selected_ring_p3_beat,ring,reversed,3,beat_initial,40,6,18,11,328500.0,328500.0,0.0,355207.97518632154,330404.72217833245,0.0,0.0965208068235115,328500.0000000075,,25,True,Optimization terminated successfully.,0.015367746353149414,"[3.1422765089348568, 0.41989403250492335, 1.5952907483666152, 0.1861433993136087, 1.0412381609744688, 0.1203520100389062]",selected_token_qaoa,"[0, 1, 2, 3]",328500.0,328502.2324400213,328500.0,328500.0,,,,True
ibex_w0001,ibex,low_connectivity,sealed_holdout,selected_ring_p3_beat,ring,reversed,3,beat_initial,40,6,18,17,328500.0,328500.0,0.0,353928.23396314343,330037.59010803746,0.0,0.11339562095133693,328500.0000000001,,25,True,Optimization terminated successfully.,0.01598381996154785,"[3.1636179026599103, 0.3994677072316477, 1.5599968964898265, 0.1711447037123134, 1.0093051257998125, 0.13127245971924043]",selected_token_qaoa,"[0, 1, 2, 3]",328500.0,328500.6648736766,328500.0,328500.0,,,,True
ibex_w0002,ibex,low_connectivity,sealed_holdout,selected_ring_p3_beat,ring,reversed,3,beat_initial,40,6,18,11,495080.0,493020.0,2060.0,516747.64772647916,502611.1972087146,0.00048733809280029124,0.00048733809280029124,494902.4190896421,0.08620432541644635,40,False,Maximum number of function evaluations has been exceeded.,0.024257421493530273,"[3.1612639613420064, 0.6393285134330735, 1.9022562001730923, 0.43057059860223906, 1.3445744173928356, 0.4096830872091915]",selected_token_qaoa,"[0, 1, 2, 3]",495080.0,496018.7935931067,493299.7336439544,495080.0,-0.455725045197415,0.8642069689541811,0.0,False
ibex_w0002,ibex,low_connectivity,sealed_holdout,selected_ring_p3_beat,ring,reversed,3,beat_initial,40,6,18,17,495080.0,493020.0,2060.0,516925.32032620243,502747.5754027374,0.0004751011007310202,0.0004751011007310202,494926.28283998923,0.07461998058775172,40,False,Maximum number of function evaluations has been exceeded.,0.023679494857788086,"[3.139576058957348, 0.6546525034325498, 1.8216868940205044, 0.4128286391048229, 1.2727288175293625, 0.3993331856876385]",selected_token_qaoa,"[3, 0, 2, 5]",493020.0,496083.1660547848,493314.11908313166,493020.0,-0.4869738130023233,0.8572237460525906,1.0,True
ibex_w0003,ibex,low_connectivity,sealed_holdout,selected_ring_p3_beat,ring,reversed,3,beat_initial,40,6,18,11,490766.0,484573.0,6193.0,496699.08912021754,486963.2578001613,0.20138626840121604,0.00751926690258436,484713.1349171455,0.9773720463191541,40,False,Maximum number of function evaluations has been exceeded.,0.02334284782409668,"[3.123833560063446, 0.4488871605221002, 1.891321620938067, 0.12834892970606093, 1.2807770246661099, 0.21493017595862807]",selected_token_qaoa,"[5, 0, 2, 1]",484573.0,485213.88694519084,484573.00000000006,484573.0,0.8965142991779688,0.9999999999999906,1.0,True
ibex_w0003,ibex,low_connectivity,sealed_holdout,selected_ring_p3_beat,ring,reversed,3,beat_initial,40,6,18,17,490766.0,484573.0,6193.0,496754.31127184274,486990.1377167791,0.20191805911623073,0.007579148713402324,484709.95348141005,0.9778857611157681,40,False,Maximum number of function evaluations has been exceeded.,0.023036479949951172,"[3.136023437542828, 0.47222440794966974, 1.8971913115715906, 0.0870020053548464, 1.3474967339978614, 0.25178313566472704]",selected_token_qaoa,"[5, 0, 2, 3]",484573.0,485209.70104209846,484573.0,484573.0,0.8971902079608496,1.0,1.0,True
ibex_w0004,ibex,medium_connectivity,sealed_holdout,selected_ring_p3_beat,ring,reversed,3,beat_initial,40,6,18,11,1006420.0,1006340.0,80.0,1021427.754860423,1010862.1668182213,0.007514106038260549,0.007514106038260549,1006352.0186673532,0.849766658084991,40,False,Maximum number of function evaluations has been exceeded.,0.023365020751953125,"[3.1316401425641027, 0.3371361874239379, 1.675739089897832, 0.19826504501524725, 1.569916022909548, 0.3795659542236628]",selected_token_qaoa,"[4, 1, 2, 3]",1006340.0,1006676.2546868982,1006340.0,1006340.0,-3.203183586227533,1.0,1.0,True
ibex_w0004,ibex,medium_connectivity,sealed_holdout,selected_ring_p3_beat,ring,reversed,3,beat_initial,40,6,18,17,1006420.0,1006340.0,80.0,1020954.0946923665,1010507.9529598411,0.007495672288820218,0.007495672288820218,1006351.7209553233,0.8534880584586062,40,False,Maximum number of function evaluations has been exceeded.,0.023490190505981445,"[3.1277498235485135, 0.33621016664489994, 1.906796609525188, 0.19742063586605363, 1.310449161997085, 0.3491751618013315]",selected_token_qaoa,"[4, 1, 2, 3]",1006340.0,1006563.5116444181,1006340.0,1006340.0,-1.7938955552264815,1.0,1.0,True
ibex_w0005,ibex,medium_connectivity,sealed_holdout,selected_ring_p3_beat,ring,reversed,3,beat_initial,40,6,18,11,917575.0,915675.0,1900.0,926936.540466806,917241.9955545622,0.12198532430063036,0.0012365399008618452,916571.0707360087,0.5283838231533178,40,False,Maximum number of function evaluations has been exceeded.,0.024335861206054688,"[3.1416672129282874, 0.30816288674732845, 1.870213265292602, 0.0954977230213604, 1.3209376455445512, 0.19676641378007567]",selected_token_qaoa,"[0, 3, 2, 1]",915675.0,916811.5182455917,915682.7428355857,915675.0,0.401832502320176,0.9959248233759335,1.0,True
ibex_w0005,ibex,medium_connectivity,sealed_holdout,selected_ring_p3_beat,ring,reversed,3,beat_initial,40,6,18,17,917575.0,915675.0,1900.0,926730.2629384535,917235.2120569218,0.12462459442723739,0.0011776483766719646,916584.6990285219,0.5212110376200565,40,False,Maximum number of function evaluations has been exceeded.,0.025638103485107422,"[3.1572729601246636, 0.31714803071778547, 1.921950951565931, 0.027476805445059677, 1.3243365325709588, 0.26212549584506073]",selected_token_qaoa,"[0, 3, 2, 1]",915675.0,916815.7860800853,915684.8579593544,915675.0,0.3995862736393036,0.9948116003397828,1.0,True
ibex_w0006,ibex,medium_connectivity,sealed_holdout,selected_ring_p3_beat,ring,reversed,3,beat_initial,40,6,18,11,1312687.0,1298907.0,13780.0,1314154.3318438835,1305698.5620725716,0.3902039704040759,0.001449948571003322,1301145.7994000711,0.8375326995594232,40,False,Maximum number of function evaluations has been exceeded.,0.02569270133972168,"[3.1505916806267997, 0.5711197289298522, 1.9453281928290376, 0.006878822678763769, 1.4296905666740887, 0.3297043041268568]",selected_token_qaoa,"[0, 5, 3, 1]",1298907.0,1302066.4814476646,1298911.4308932628,1298907.0,0.7707197788342123,0.9996784547704755,1.0,True
ibex_w0006,ibex,medium_connectivity,sealed_holdout,selected_ring_p3_beat,ring,reversed,3,beat_initial,40,6,18,17,1312687.0,1298907.0,13780.0,1314187.4237252548,1305671.9965019,0.3904593496226622,0.0015951447745263948,1301029.9008575026,0.8459433339983603,40,False,Maximum number of function evaluations has been exceeded.,0.025130033493041992,"[3.159747742666374, 0.5829222099143279, 1.9862235993551953, 0.0017826981862632176, 1.4164094745450904, 0.3482811304947773]",selected_token_qaoa,"[0, 5, 3, 2]",1298907.0,1302023.7251844183,1298909.3004555376,1298907.0,0.7738225555574556,0.9998330583789823,1.0,True
ibex_w0007,ibex,medium_connectivity,sealed_holdout,selected_ring_p3_beat,ring,reversed,3,beat_initial,40,6,18,11,915692.0,911572.0,4120.0,938817.9445694702,921467.0656292846,0.02756140074433408,0.006598803535942126,911677.8826003519,0.9743003397204041,40,False,Maximum number of function evaluations has been exceeded.,0.02901768684387207,"[3.1422765089348568, 0.5993472691063944, 2.0356326091686885, 0.4172513096412949, 1.4642915513746602, 0.4427857451678029]",selected_token_qaoa,"[4, 1, 0, 3]",911572.0,912855.8087757855,911572.0000000008,911572.0,0.688395928207404,0.9999999999998022,1.0,True
ibex_w0007,ibex,medium_connectivity,sealed_holdout,selected_ring_p3_beat,ring,reversed,3,beat_initial,40,6,18,17,915692.0,911572.0,4120.0,939341.6381526634,921865.1792179495,0.025946938345904322,0.0066469656522669725,911679.1848026316,0.9739842712059188,40,False,Maximum number of function evaluations has been exceeded.,0.027877330780029297,"[3.15111790265991, 0.6276382617144178, 1.9251753129180509, 0.4349438902724974, 1.3949415109958876, 0.4102988366343603]",selected_token_qaoa,"[4, 1, 0, 3]",911572.0,912974.6230844092,911572.0000000007,911572.0,0.6595575037841839,0.9999999999998305,1.0,True
ibex_w0008,ibex,high_connectivity,sealed_holdout,selected_ring_p3_beat,ring,reversed,3,beat_initial,40,6,18,11,958345.0,955315.0,3030.0,983930.1645066404,967558.9634090649,0.007448764646639692,7.757081263963059e-05,956630.8578294766,0.5657234886215874,40,False,Maximum number of function evaluations has been exceeded.,0.024478912353515625,"[2.9343730823781398, 0.5536768259665643, 1.3722834369465569, 0.6014815572856764, 1.1503818745920869, 0.9980640934860858]",selected_token_qaoa,"[0, 3, 2, 1]",956185.0,958444.3105513786,955948.1775288552,956185.0,-0.03277575953090533,0.7910305185296508,0.7128712871287128,False
ibex_w0008,ibex,high_connectivity,sealed_holdout,selected_ring_p3_beat,ring,reversed,3,beat_initial,40,6,18,17,958345.0,955315.0,3030.0,983939.6375924799,967598.4439793471,0.0074598817067103185,7.29435049184186e-05,956631.3087488611,0.5655746703428791,40,False,Maximum number of function evaluations has been exceeded.,0.02435898780822754,"[3.0660542174904792, 0.5567090858557604, 1.3443263279458295, 0.6005687703507705, 1.1176421547890312, 1.00017647354961]",selected_token_qaoa,"[0, 3, 2, 1]",956185.0,958444.2199398039,955960.2938007135,956185.0,-0.03274585472077143,0.7870317489394408,0.7128712871287128,False
ibex_w0009,ibex,high_connectivity,sealed_holdout,selected_ring_p3_beat,ring,reversed,3,beat_initial,40,6,18,11,463123.0,462461.0,662.0,479197.5802346514,462746.03004702466,0.14236025414476383,0.14236025414476383,462461.0,1.0,40,False,Maximum number of function evaluations has been exceeded.,0.025453805923461914,"[3.1478697606569157, 0.3266325726893318, 1.972906564804296, 0.0912903580762563, 1.3379883393603116, 0.20755780481452776]",selected_token_qaoa,"[1, 0, 2, 3]",462461.0,462461.035675627,462461.0,462461.0,0.9999461093247661,1.0,1.0,True
ibex_w0009,ibex,high_connectivity,sealed_holdout,selected_ring_p3_beat,ring,reversed,3,beat_initial,40,6,18,17,463123.0,462461.0,662.0,479757.2373916543,462752.77814847237,0.13981187746512191,0.13981187746512191,462461.0,1.0,40,False,Maximum number of function evaluations has been exceeded.,0.024710416793823242,"[3.1690209044055013, 0.3231206525949416, 1.8347714626104228, 0.08484140323618869, 1.3061090473431995, 0.21696009373267883]",selected_token_qaoa,"[1, 0, 2, 3]",462461.0,462461.04313584726,462461.0,462461.0,0.9999348401098851,1.0,1.0,True
ibex_w0010,ibex,high_connectivity,sealed_holdout,selected_ring_p3_beat,ring,reversed,3,beat_initial,40,6,18,11,894106.0,881976.0,12130.0,895178.9860908771,889023.6021385753,0.42171352860125483,0.003265488325212628,884039.2976666387,0.8299012640858416,40,False,Maximum number of function evaluations has been exceeded.,0.023265361785888672,"[3.1230552549171584, 0.3753761323111611, 1.5269859087174775, 0.24381699077748434, 1.0083847565715696, 0.13888439153120383]",selected_token_qaoa,"[0, 2, 3, 1]",881976.0,886297.2971989836,881976.0056173197,881976.0,0.6437512614193234,0.9999995369068654,1.0,True
ibex_w0010,ibex,high_connectivity,sealed_holdout,selected_ring_p3_beat,ring,reversed,3,beat_initial,40,6,18,17,894106.0,881976.0,12130.0,895257.030253821,889115.6966431689,0.4246435577469179,0.003033255470651727,884144.6465375395,0.8212162788508204,40,False,Maximum number of function evaluations has been exceeded.,0.023391246795654297,"[3.145421258617086, 0.35120853800306695, 1.4858756140688272, 0.30735461857859064, 1.022009653330948, 0.12378751832087115]",selected_token_qaoa,"[0, 2, 3, 1]",881976.0,886324.2851219785,881976.0137839706,881976.0,0.6415263708179313,0.9999988636462808,1.0,True
ibex_w0011,ibex,high_connectivity,sealed_holdout,selected_ring_p3_beat,ring,reversed,3,beat_initial,40,6,18,11,849273.0,849273.0,0.0,1041356.2955376306,866148.8003467266,0.0,0.07784499256441361,849273.0000052474,,25,True,Optimization terminated successfully.,0.015308618545532227,"[3.1422765089348568, 0.41989403250492335, 1.5952907483666152, 0.1861433993136087, 1.0412381609744688, 0.1203520100389062]",selected_token_qaoa,"[0, 1, 2, 3]",849273.0,849303.6912522265,849273.0,849273.0,,,,True
ibex_w0011,ibex,high_connectivity,sealed_holdout,selected_ring_p3_beat,ring,reversed,3,beat_initial,40,6,18,17,849273.0,849273.0,0.0,1031477.9398672807,862625.975586696,0.0,0.09310198326589046,849273.0000000733,,25,True,Optimization terminated successfully.,0.015395164489746094,"[3.1636179026599103, 0.3994677072316477, 1.5599968964898265, 0.1711447037123134, 1.0093051257998125, 0.13127245971924043]",selected_token_qaoa,"[0, 1, 2, 3]",849273.0,849283.4631027294,849273.0,849273.0,,,,True
