instance_id,family,sites,cohort,policy,flow,parameter_policy,gamma,valid_residual,cost_error_bound,eta,solve_seconds,synthesis_seconds,terms,weighted_norm,circuit_sha256,qubits,one_qubit,rz,two_qubit,depth,two_qubit_depth
historical_9_sparse_scatter_4,sparse_scatter,9,historical,zero,beam,symbolic,,0.0,0.0,0.0,0.0005237427540123463,2.1753043471835554,249,423.3592187499999,f7be0fabc9266572cdcf4330d3a1752a4ececa9387ee558e528acae10c95c598,36,1494,1494,2228,3662,2170
historical_9_sparse_scatter_4,sparse_scatter,9,historical,zero,gray,symbolic,,0.0,0.0,0.0,0.0005237427540123463,0.11366762174293399,249,423.3592187499999,3da61ce686fcb2801c91fd86a7d841793285a8284fa1aeb8b159bffb8a7af51d,36,1382,1382,1454,2705,1393
historical_9_sparse_scatter_4,sparse_scatter,9,historical,zero,gray_numeric,numeric,0.371,0.0,0.0,0.0,0.0005237427540123463,0.12278131395578384,249,423.3592187499999,e844c9c4330f83f71b321647908dcce9714176a5d6f26ebb0b7844e02d943b50,36,1382,1382,1454,2705,1393
historical_9_sparse_scatter_4,sparse_scatter,9,historical,zero,library,numeric,0.371,0.0,0.0,0.0,0.0005237427540123463,0.10212682699784636,249,423.3592187499999,282938b37a1d40cef7768668b6bb05d6f47c6b64a0eb232fa0aaa37c0d98ddf3,36,1519,1519,1524,2373,1191
historical_9_sparse_scatter_4,sparse_scatter,9,historical,zero,pyzx,numeric,0.371,0.0,0.0,0.0,0.0005237427540123463,217.64851410407573,249,423.3592187499999,12569e6991dfa1b7b188fdf101fe1fd89bec132ae7d75ce4507643a389b70022,36,13931,7880,4980,5520,2421
historical_9_sparse_scatter_4,sparse_scatter,9,historical,l1,beam,symbolic,,4.973799150320701e-14,3.0837554731988347e-13,0.0,0.05017415061593056,0.20422557089477777,77,276.46093750000017,ddf242ddee8b43486b15e09a8b0bb5e0089603d6a6de61037aea703a542351c9,36,462,462,888,1308,849
historical_9_sparse_scatter_4,sparse_scatter,9,historical,l1,gray,symbolic,,4.973799150320701e-14,3.0837554731988347e-13,0.0,0.05017415061593056,0.03853954980149865,77,276.46093750000017,2b71f12ebe353b33820c33a37295ec30abf4045e98f3e04ef918d2c562481378,36,403,403,672,973,618
historical_9_sparse_scatter_4,sparse_scatter,9,historical,l1,gray_numeric,numeric,0.371,4.973799150320701e-14,3.0837554731988347e-13,0.0,0.05017415061593056,0.04030024167150259,77,276.46093750000017,6af6813d62bec067984e45754cd81c0657d262fa97389b9442b610fc58cdff72,36,403,403,672,973,618
historical_9_sparse_scatter_4,sparse_scatter,9,historical,l1,library,numeric,0.371,4.973799150320701e-14,3.0837554731988347e-13,0.0,0.05017415061593056,0.10039826389402151,77,276.46093750000017,9e2fbd5f1284a518a87bad28fbf6ef547e159c3ac38c3cb2ab1e8b091ff0b6ad,36,1338,1338,1492,2204,1165
historical_9_sparse_scatter_4,sparse_scatter,9,historical,l1,pyzx,numeric,0.371,4.973799150320701e-14,3.0837554731988347e-13,0.0,0.05017415061593056,29.00463813310489,77,276.46093750000017,b3241c8dfbc206ce0a90b228052501330f96164a8d5708fde3f007e44a6b89b9,36,4406,2505,1680,2007,896
historical_9_sparse_scatter_4,sparse_scatter,9,historical,l1_0.001,gray,symbolic,,0.03125000000004774,0.193750000000296,0.001,0.05017415061593056,0.038566701114177704,76,276.39812500000016,18bff23ba13297bf7f54c84806e958de68ce5991d84b35c7aca329be403c2c52,36,402,402,670,970,616
historical_9_sparse_scatter_4,sparse_scatter,9,historical,l1_0.01,gray,symbolic,,0.3125000000000281,1.9375000000001743,0.01,0.05017415061593056,0.036664714105427265,72,274.0828125000003,e95f40046c4aa9cb738c357e190e9bcb39e189c284ecf62dc3a208dc81cd9c68,36,381,381,646,928,592
historical_9_sparse_scatter_4,sparse_scatter,9,historical,l1_0.05,gray,symbolic,,1.9374999999999998,12.0125,0.05,0.05017415061593056,0.029759583063423634,56,257.49406250000015,9f94fd86bcae468e1ad5cc28fad16d04bb2aa315cdcdf051c5d6813de88d090b,36,285,285,544,748,499
historical_9_sparse_scatter_4,sparse_scatter,9,historical,virtual,beam,symbolic,,0.0,0.0,0.0,0.0006439178250730038,1.8126990380696952,255,537.1202343749999,fd6cf6ec59cbfd611f8fc375d79b4cd8f425e315a708b1669d1f9bcfe24af97f,36,1530,1530,2254,3721,2196
historical_9_sparse_scatter_4,sparse_scatter,9,historical,virtual,gray,symbolic,,0.0,0.0,0.0,0.0006439178250730038,0.11522314790636301,255,537.1202343749999,d143816422438fdb78477eb3fdcf737ef4a837110a0373e7d870eecdc9eb5ff7,36,1410,1410,1454,2730,1393
historical_9_sparse_scatter_4,sparse_scatter,9,historical,virtual,gray_numeric,numeric,0.371,0.0,0.0,0.0,0.0006439178250730038,0.12387219024822116,255,537.1202343749999,dac11ed0ec03eea05c97fcf34f641bbadeadf6903b5c3f5a6dc44046844d5ac7,36,1410,1410,1454,2730,1393
historical_9_sparse_scatter_4,sparse_scatter,9,historical,virtual,library,numeric,0.371,0.0,0.0,0.0,0.0006439178250730038,0.10222126403823495,255,537.1202343749999,32b92c04d981e6ce92d75bc0151907b66c4ab51ec3422edfcaccd64bd43c855e,36,1525,1525,1524,2376,1191
historical_9_sparse_scatter_4,sparse_scatter,9,historical,virtual,pyzx,numeric,0.371,0.0,0.0,0.0,0.0006439178250730038,243.4841644493863,255,537.1202343749999,7d21f4fb7f606942d3ee1788a2b373be5a494a7cc68db8ad8473d63ea1e7bfbb,36,14303,8117,5184,6152,2728
historical_9_sparse_scatter_4,sparse_scatter,9,historical,virtual_0.001,gray,symbolic,,0.03125,0.19375,0.001,0.0006439178250730038,0.11679611820727587,251,536.9636718749998,f40d18bc51162ebc799c91ea623976fd75287d1013e650cd6e19edfa380ee75e,36,1391,1391,1454,2715,1393
historical_9_sparse_scatter_4,sparse_scatter,9,historical,virtual_0.01,gray,symbolic,,0.3203125,1.9859375000000001,0.01,0.0006439178250730038,0.11186117306351662,226,532.5035937499999,8c467da4487ffe0eb18b0b182185ce6f7f1d64f961bd835f36a412906e17d210,36,1252,1252,1442,2566,1377
historical_9_sparse_scatter_4,sparse_scatter,9,historical,virtual_0.05,gray,symbolic,,1.8828125,11.6734375,0.05,0.0006439178250730038,0.08643842302262783,164,481.55156250000005,2db50f74fc69e42955cfa7ee05bfc6fff23065bf05529c9475ae112ff1334a35,36,885,885,1262,2047,1210
historical_9_sparse_scatter_4,sparse_scatter,9,historical,nearest,beam,symbolic,,0.0,0.0,0.0,0.0007043806836009026,1.8068544566631317,255,406.9601562500021,ac19fd60e05b558c220623f5da9deb588d633bf0ff9c2893ab20022fed20939a,36,1530,1530,2254,3721,2196
historical_9_sparse_scatter_4,sparse_scatter,9,historical,nearest,gray,symbolic,,0.0,0.0,0.0,0.0007043806836009026,0.11790472781285644,255,406.9601562500021,62569b5d603b0d4ee9890a6168eda3e437b31e3f4f6d8e52d962aafd6088df0c,36,1410,1410,1454,2730,1393
historical_9_sparse_scatter_4,sparse_scatter,9,historical,nearest,gray_numeric,numeric,0.371,0.0,0.0,0.0,0.0007043806836009026,0.12738508777692914,255,406.9601562500021,bf7e356a76e0b7915452131ea654341067b40e363389e73bc6f76bc28af87cc2,36,1410,1410,1454,2730,1393
historical_9_sparse_scatter_4,sparse_scatter,9,historical,nearest,library,numeric,0.371,0.0,0.0,0.0,0.0007043806836009026,0.10234879283234477,255,406.9601562500021,21fb93dc166b7363f376efe2c0edb6e4ce2aed68be9ef924557b4c5b1dbda915,36,1525,1525,1524,2376,1191
historical_9_sparse_scatter_4,sparse_scatter,9,historical,nearest,pyzx,numeric,0.371,0.0,0.0,0.0,0.0007043806836009026,243.22711040917784,255,406.9601562500021,d395f575b1667776fa997754ec81c135e1ec6bc018085cd33c1b401ba3af7993,36,14239,8083,5184,6130,2728
historical_9_sparse_scatter_4,sparse_scatter,9,historical,mean,beam,symbolic,,2.3092638912203256e-14,1.431743612556602e-13,0.0,0.0006132503040134907,1.8236516020260751,255,378.394135802469,6f1afe6b3dcb142a6db2bf8c51a451bdd0ef8b2ea50ec6b92cb1880451a4896a,36,1530,1530,2254,3721,2196
historical_9_sparse_scatter_4,sparse_scatter,9,historical,mean,gray,symbolic,,2.3092638912203256e-14,1.431743612556602e-13,0.0,0.0006132503040134907,0.11528508923947811,255,378.394135802469,58be2aaa4d75d984f38d0e126edea6de74aeeab0a65b73f45f717137b3676dfd,36,1410,1410,1454,2730,1393
historical_9_sparse_scatter_4,sparse_scatter,9,historical,mean,gray_numeric,numeric,0.371,2.3092638912203256e-14,1.431743612556602e-13,0.0,0.0006132503040134907,0.12330446019768715,255,378.394135802469,4c6feb1110e7e521dd3c982a14c62e62d8d6a03b5438d77ed7012af0a2de2a40,36,1410,1410,1454,2730,1393
historical_9_sparse_scatter_4,sparse_scatter,9,historical,mean,library,numeric,0.371,2.3092638912203256e-14,1.431743612556602e-13,0.0,0.0006132503040134907,0.10138014098629355,255,378.394135802469,64a9f183eca320c3646ec39dab59f0e84d7c08f8d5e5fe054d9098f1bc9172b9,36,1525,1525,1524,2376,1191
historical_9_sparse_scatter_4,sparse_scatter,9,historical,mean,pyzx,numeric,0.371,2.3092638912203256e-14,1.431743612556602e-13,0.0,0.0006132503040134907,243.8772200527601,255,378.394135802469,b2568cf742f64fd4b04e8c19710af1eaa7545f47361b69e3c8a2b6fa8877c133,36,14288,8113,5184,6171,2728
