optimizer,evaluation_budget,method,runs,instances,mean_optimal_probability,mean_probability_beating_initial,mean_feasible_probability,mean_realized_evaluations
COBYLA,40,penalty_row_xy,96,6,0.06176922926965751,0.3021442049312231,0.45007396335799443,39.96875
COBYLA,40,token,96,6,0.1389084042722786,0.7174148126344795,1.0,39.333333333333336
COBYLA,200,penalty_row_xy,96,6,0.06731774544459483,0.3074643020059677,0.4565077466110097,101.07291666666667
COBYLA,200,token,96,6,0.14708327243345176,0.7218758070896305,1.0,85.75
COBYLA,800,penalty_row_xy,96,6,0.0673807566805782,0.3065113422553127,0.45566616150057343,107.38541666666667
COBYLA,800,token,96,6,0.14752789572634378,0.7219361164331999,1.0,100.26041666666667
Nelder-Mead,40,penalty_row_xy,96,6,0.04470676702787136,0.25691987706512953,0.4106093319349871,40.0
Nelder-Mead,40,token,96,6,0.09602665035622764,0.5883872897633187,1.0,40.0
Nelder-Mead,200,penalty_row_xy,96,6,0.06147066255960441,0.28250953321575356,0.43578023413299033,195.69791666666666
Nelder-Mead,200,token,96,6,0.1271588474305275,0.7099836889940923,1.0,176.30208333333334
Nelder-Mead,800,penalty_row_xy,96,6,0.06226409025388215,0.28558001178342085,0.4483993469948306,370.375
Nelder-Mead,800,token,96,6,0.14513928020844724,0.71723806952238,1.0,424.8229166666667
