sites,family,repeat,policy,symbolic_parameters,nonconstant_terms_per_net,raw_cx,logical_cx,logical_depth,legal_distance_max_error,circuit_sha256,runtime_seconds
6,compact,0,zero,1,47,1080,516,617,0.0,3ca8ddd414e495358a250ea9162620fb37e1fa2a5923ec3a3353b15a61d14fcb,0.465443778000008
6,compact,0,l1,1,20,420,280,282,0.0,fcb39601927fa0ce35b1b32c777900b2560d834b2f9b9bb24580b42dcea0d0f8,0.03115618199990422
6,compact,1,zero,1,47,1068,492,588,0.0,a2f0c630651392cd2e2d985948a78ea6e21e4d90f6dd01355eacc6ac0515f81b,0.04878703000031237
6,compact,1,l1,1,23,516,252,291,0.0,d242de85c5a0af79558e15ae3853002a4fca34b52a5c6d964a533b839441f367,0.024123618999510654
6,compact,2,zero,1,51,1320,564,672,0.0,415adc701bcbd00b5a8894394f425137946432cc59f9816ecef2914512a48b0e,0.04542329899959441
6,compact,2,l1,1,20,420,292,307,0.0,6203d9136ad2a5b4001a152a1cc32b8b8fc46beabca02f688bf5adfe894483a9,0.023742145000142045
6,compact,3,zero,1,51,1272,564,677,0.0,1fc6e0c07ccc51cafc779f278a42ab8fc8b1a114c73cfbfae1227cab2a99ef8e,0.043195297999773175
6,compact,3,l1,1,20,384,272,282,0.0,ac4db16959ab4e81ceb6eee7e86d00533f0c9dab374e925c28d13cb9468876a7,0.022418174000449653
6,compact,4,zero,1,47,1080,516,617,0.0,555efe4dd46c94c38d7eb4c43eca237e29888460a2c4d6c2e4a5fcc692e99617,0.03659074400002282
6,compact,4,l1,1,20,432,288,318,0.0,4d6e1bcb91014b6951dde98b79b1848b2a54376a01f9869963c549a254ba8dc9,0.023446989999683865
6,line,0,zero,1,43,972,480,567,0.0,cd95ec43f03e69f087fd5c73683eb085f2669dcd7c8cd5c239879737e4734d16,0.034817772999304
6,line,0,l1,1,22,516,296,326,0.0,68723915b4d9f63ff73bfd30aae6ecfac38a0e365479d2a196e1a6f3032b4a67,0.08323388100052398
6,line,1,zero,1,43,924,468,546,0.0,8f8fdfaf6b4535937769809d1288ff565421e6e49dff2232500e749e1124c88f,0.032737817999986873
6,line,1,l1,1,22,480,276,293,8.881784197001252e-16,457964da2e523d14ed392ce87368cb6dfe5fb13030556a36f72a5795f5f73db3,0.026021722999757912
6,line,2,zero,1,51,1272,564,677,0.0,545b75db5e5f8f010aee0fbd324b09013485a0917d37f2601a580ae67a56e78d,0.04491464900002029
6,line,2,l1,1,21,396,272,292,0.0,9d3140297ac6b41d804e0c003bb233e6f53fe590b634277ab8d0cb3e391ede13,0.02430560599987075
6,line,3,zero,1,51,1284,576,687,0.0,44f3dcd13dc29f8607327e55b94afc8bb4503ee3f0267a638f751205acf0e10e,0.0458332860007431
6,line,3,l1,1,21,408,284,276,0.0,ad711077c3b365dd3bbd03609ef621a3038601ca8f223dece99224d3fbc6f188,0.02437968300000648
6,line,4,zero,1,55,1416,612,737,0.0,08bc5830e177646bc527f5efb6619adb535361deb84e90410f90036b7b242598,0.048350967000260425
6,line,4,l1,1,23,516,372,365,0.0,426a1d8422d03afa128805d56aa2f93420058235929bb5830c77bee44da3f97d,0.027326194000124815
6,l_shape,0,zero,1,59,1488,660,796,0.0,cfe86e163ad812b243e9e91ffaa80b4817d426dda3b0d3e32386ec1fb8a13ffb,0.05234152599950903
6,l_shape,0,l1,1,19,336,204,218,0.0,730fa9824819b587544dac47fbabafca6c8c24c9e58d9f0fd86ff2b493ba8fd6,0.021586485999250726
6,l_shape,1,zero,1,59,1428,636,776,0.0,01f107b206485d07039276dc4f31a831f2952a4f4722989117506a330c003888,0.04888371100059885
6,l_shape,1,l1,1,21,420,272,278,0.0,8b4a0f38e6a46ab623afd564f599b92f24eb4420a436b578da80172cc00507fa,0.0238790670000526
6,l_shape,2,zero,1,55,1320,612,736,0.0,b4c632026b1c318cc0d41506113c4f172a7a7b53dfd28c24eaa941d67cf99aa9,0.044571701999302604
6,l_shape,2,l1,1,24,420,312,343,0.0,2040910fd5dd3dc3ae00865247f3c227d8bb4a332020eb1993f0f75aaf37757e,0.03391837300023326
6,l_shape,3,zero,1,55,1308,588,711,0.0,a8de60afc9a741acaf2c206e465eae350c3a57913e10870c7b040c3778ed9043,0.057074602999819035
6,l_shape,3,l1,1,22,396,216,244,0.0,223c67e7d309b996ec4b299eeb3dc07cc03e937eac592731fa06a04d3d7e94e3,0.02400088099966524
6,l_shape,4,zero,1,59,1440,660,796,0.0,68940a759b8390aea52826e5b1b88b2d876a1c20449df4c2923bcabf3f5eaf9a,0.050676922999628005
6,l_shape,4,l1,1,20,372,252,243,0.0,a1df4262805982db1580047ea64b1fafe24dd7b6ecb6815894123571e561ddc8,0.02364874900013092
6,sparse_scatter,0,zero,1,59,1404,636,770,0.0,4424c749a3a97cd46d5cde3c1db1194712fd076f3087af61c8dee26b2c1b0edf,0.0517524790002426
6,sparse_scatter,0,l1,1,34,744,396,448,0.0,cc5130aec7e14a6ed174247a9f08543579251b45e3132913f4e8441d8de5a011,0.032505557000149565
6,sparse_scatter,1,zero,1,63,1548,684,830,0.0,91379899dc71784e20c653bd4eb7958fb9032e72a730ff6e37d14304accc33cf,0.053955038999447424
6,sparse_scatter,1,l1,1,33,756,408,461,0.0,7210e4d7c84c9b1520f7fba0e886dd4856e2e6e4f36dc76288f5a955735b85aa,0.03325797999968927
6,sparse_scatter,2,zero,1,61,1464,660,800,0.0,f88f89333b66c75dd5f9ef5f6ecee554b8ebaded1feb03282cb1ff42f1b3531a,0.05561266800032172
6,sparse_scatter,2,l1,1,32,576,360,397,0.0,3143bc39169a791975bc36eb50c6d0687e6213153bb1895543253bb75b9e5b5e,0.02852698100014095
6,sparse_scatter,3,zero,1,55,1308,588,705,0.0,d52ec54d2a5fafbcc64b7a1928f8d54c33ee42aad14a8c5608ee7393abd9af71,0.04183237100005499
6,sparse_scatter,3,l1,1,29,600,348,366,0.0,e387f9faf9e277d61383c9e1e7fd9a6b37b4ab6d4fac709424653683694aee7c,0.029711657000007108
6,sparse_scatter,4,zero,1,59,1476,636,760,0.0,a376e784ded28a6d3c8f5bdc3b77a47bf7f04d24a410bb6c4606cdb1d4b11ebf,0.0736952340002972
6,sparse_scatter,4,l1,1,34,792,396,448,0.0,bcff55fd1e62cc85099130b09c0659095e48ea5b2609ea79e71d43bebad8a649,0.03469745599977614
8,compact,0,zero,1,8,120,104,89,0.0,d4071a16326046473626c63dfa9d7735fe50baa6ec4af80448d21d54bd69e773,0.01114420700014307
8,compact,0,l1,1,8,120,104,89,0.0,d4071a16326046473626c63dfa9d7735fe50baa6ec4af80448d21d54bd69e773,0.011167746999490191
8,compact,1,zero,1,39,888,444,527,0.0,54a2353bb2753cb1a4e3c362c98560ad07dd539669c0e99bbac3c60523ae84b6,0.030843151999761176
8,compact,1,l1,1,39,888,444,527,0.0,54a2353bb2753cb1a4e3c362c98560ad07dd539669c0e99bbac3c60523ae84b6,0.03137650799999392
8,compact,2,zero,1,35,852,380,442,0.0,b3c3dea193c4c3ec0097907a4571a806cb3e11322d9e950971fc0827144a5081,0.029160670000237587
8,compact,2,l1,1,35,852,380,442,0.0,b3c3dea193c4c3ec0097907a4571a806cb3e11322d9e950971fc0827144a5081,0.02871602199957124
8,compact,3,zero,1,35,792,420,492,0.0,8a0950c22e501c2cbd5a0649806a721726f097d10cb7db4c947b37ed92c35914,0.027762772000642144
8,compact,3,l1,1,35,792,420,492,0.0,8a0950c22e501c2cbd5a0649806a721726f097d10cb7db4c947b37ed92c35914,0.027432272000623925
8,compact,4,zero,1,45,996,516,613,0.0,de72d427cff24ed0ac6408e4d9acc8c7020cde7eb6ca0f2ea941af54c27764e6,0.03405430400016485
8,compact,4,l1,1,45,996,516,613,0.0,de72d427cff24ed0ac6408e4d9acc8c7020cde7eb6ca0f2ea941af54c27764e6,0.03422262000003684
8,line,0,zero,1,23,492,332,331,0.0,06afd6c2b5008e7562c4f133b37acecd944d01b7d39d1a2de350afff61740349,0.020655887000430084
8,line,0,l1,1,23,492,332,331,0.0,06afd6c2b5008e7562c4f133b37acecd944d01b7d39d1a2de350afff61740349,0.021250240999506786
8,line,1,zero,1,55,1344,612,736,0.0,52c12e2d0ffd4d647c6ad2c9e25134bd4d3a0fd22424e7d9059262790590db72,0.05141767999975855
8,line,1,l1,1,55,1344,612,736,0.0,52c12e2d0ffd4d647c6ad2c9e25134bd4d3a0fd22424e7d9059262790590db72,0.05070678899937775
8,line,2,zero,1,51,1284,584,694,0.0,e88a34dd1d8b563930906649d1a72c4c63caf126ea444c66ed0e91481028bab8,0.04033699800038448
8,line,2,l1,1,51,1284,584,694,0.0,e88a34dd1d8b563930906649d1a72c4c63caf126ea444c66ed0e91481028bab8,0.03989875800016307
8,line,3,zero,1,51,1116,540,641,0.0,aa7b3e885b8eb3f17685bf6e6c699e5f08b5b8996ced36c1db3a8cedd08f903b,0.0366965759994855
8,line,3,l1,1,51,1116,540,641,0.0,aa7b3e885b8eb3f17685bf6e6c699e5f08b5b8996ced36c1db3a8cedd08f903b,0.036569468999914534
8,line,4,zero,1,57,1440,636,765,0.0,5e5aaf12606f93fe24e4e865b6abb44064a7ede725f0202a5ecc9a71433914c0,0.04953748699972493
8,line,4,l1,1,57,1440,636,765,0.0,5e5aaf12606f93fe24e4e865b6abb44064a7ede725f0202a5ecc9a71433914c0,0.04826811699967948
8,l_shape,0,zero,1,23,492,252,273,0.0,76246872e710149682687e740106498f6b5ad553baebfd01a125752317db6a9c,0.019683946999975888
8,l_shape,0,l1,1,23,492,252,273,0.0,76246872e710149682687e740106498f6b5ad553baebfd01a125752317db6a9c,0.018715643999712483
8,l_shape,1,zero,1,55,1344,588,711,0.0,f8b41ed6ecefa881d41d7cdaec35ef2f40f3587e21c0172959cf1d8f0a107d1b,0.04599396499997965
8,l_shape,1,l1,1,55,1344,588,711,0.0,f8b41ed6ecefa881d41d7cdaec35ef2f40f3587e21c0172959cf1d8f0a107d1b,0.043560971999795584
8,l_shape,2,zero,1,51,1284,584,694,0.0,3eb02f394fd702b4a67180b302a4e46a1aa9211c65f97918752516add025e19a,0.10407433999989735
8,l_shape,2,l1,1,51,1284,584,694,0.0,3eb02f394fd702b4a67180b302a4e46a1aa9211c65f97918752516add025e19a,0.04139677600051073
8,l_shape,3,zero,1,51,1116,540,641,0.0,ac23d1acc2cba41eec4b94126415af2d336032b75d8960d61c5f667d960e7e59,0.0439984970007572
8,l_shape,3,l1,1,51,1116,540,641,0.0,ac23d1acc2cba41eec4b94126415af2d336032b75d8960d61c5f667d960e7e59,0.03780637700037914
8,l_shape,4,zero,1,49,1128,528,628,0.0,a553656299467d445d7931799e1e29c8b36cd9e5fcee9a7d29570766dc114b13,0.03642029800084856
8,l_shape,4,l1,1,49,1128,528,628,0.0,a553656299467d445d7931799e1e29c8b36cd9e5fcee9a7d29570766dc114b13,0.04405143600070005
8,sparse_scatter,0,zero,1,61,1476,660,800,0.0,73e1f40409573495fc97de6ca5d03753eba3561b74f6ebc5d2105470f29a6bc3,0.05133573399962188
8,sparse_scatter,0,l1,1,61,1476,660,800,0.0,73e1f40409573495fc97de6ca5d03753eba3561b74f6ebc5d2105470f29a6bc3,0.0534132579996367
8,sparse_scatter,1,zero,1,63,1548,684,830,0.0,46fe69e7b2ab6a7236b14a58bd40713b16288a6268c5c32b0c2bcbdad261fd33,0.049515616000462614
8,sparse_scatter,1,l1,1,63,1548,684,830,0.0,46fe69e7b2ab6a7236b14a58bd40713b16288a6268c5c32b0c2bcbdad261fd33,0.04995095999947807
8,sparse_scatter,2,zero,1,59,1464,636,776,0.0,0a5b1138494f63689ceefe079725409c5d3ff159933a0d50e33a50ca871b991d,0.04528222199951415
8,sparse_scatter,2,l1,1,59,1464,636,776,0.0,0a5b1138494f63689ceefe079725409c5d3ff159933a0d50e33a50ca871b991d,0.045408691000375256
8,sparse_scatter,3,zero,1,61,1548,680,829,0.0,ca1a08a3afc57cc90f52f7a25c9997dd859de8b8787850489dbfbb0da9d020e9,0.049656958999548806
8,sparse_scatter,3,l1,1,61,1548,680,829,0.0,ca1a08a3afc57cc90f52f7a25c9997dd859de8b8787850489dbfbb0da9d020e9,0.04964691999975912
8,sparse_scatter,4,zero,1,63,1548,684,830,0.0,f680061b4071a68d15373072f390ac2431f1dae0c91784057f7e034dcb784c50,0.050494952999542875
8,sparse_scatter,4,l1,1,63,1548,684,830,0.0,f680061b4071a68d15373072f390ac2431f1dae0c91784057f7e034dcb784c50,0.051106963000165706
9,compact,0,zero,1,226,8244,2616,3193,0.0,23a48b30b28a7bcff7edada519efd87ac55f7bf11fae66fe0902054cb9470e27,0.44323613799952
9,compact,0,l1,1,57,1752,756,855,0.0,19c4843ec7b26ce05d54df65b8f07e5258678b6b3ad3d913a600be647cd14bb1,0.08081755100010923
9,compact,1,zero,1,212,7668,2544,3056,0.0,6785c3c21c7025d3801b570bf7da27bc12b6b0eff5db34ad716394bd5468a4c5,0.3789450289996239
9,compact,1,l1,1,70,1968,912,1031,0.0,57cab3669c8331b0f49191578884bf19d7c1f2f17085ec44107321f1747d6d18,0.12089540499982832
9,compact,2,zero,1,233,8232,2748,3346,0.0,4012688c0c589ff35dba035f4136b9e728430450d4628fab34b842615763f99e,0.4608242139993308
9,compact,2,l1,1,75,2016,948,1080,8.881784197001252e-16,3e026f01be4d53ff66a355599e147979b4ff6cbba4f14231b27bb018bef82a6e,0.09664330099985818
9,compact,3,zero,1,238,8520,2772,3391,0.0,b3748fdc42935f3caf98bc0542adceb42aedb06002a91ef02ec2c28ad9253a9b,0.4308298969999669
9,compact,3,l1,1,76,2040,948,1095,0.0,f66a7801a7f6a335ee2ac2bdbdf2a8440de5294a95ff7f041bdcecd6663c0381,0.09506322200013528
9,compact,4,zero,1,234,8328,2712,3321,0.0,4a9762c67e52cda7559c835e5849b66f72389a4053d0234d07d197f26554f32c,0.46977240899923345
9,compact,4,l1,1,51,1560,744,816,2.220446049250313e-15,e9f0ad553190a5fdae923325d2254871b2c2c87dcabb0882fa9918369c28f942,0.08514899000056175
9,line,0,zero,1,214,7008,2520,3033,0.0,c9525b2de46a4408f0968493f298979f2d39f03fa3a2449394a89189fcc2da45,0.3739931069994782
9,line,0,l1,1,25,732,396,386,0.0,b1d432312fce91c8f5dcab4a5b88081acd8d4137d63e1306ef0d3e9d976bfef4,0.05567873600011808
9,line,1,zero,1,224,7812,2592,3171,0.0,fc04161c9128232e6e0aa84328d1e086268c5ebcf04ee6ef70761e8a813741ad,0.3797706579998703
9,line,1,l1,1,68,1728,816,919,1.7763568394002505e-15,01e7b64d1ee6c1b91dbce40d8500357b1169372d2458800c25d3b1e7af5a47bd,0.1237684329998956
9,line,2,zero,1,245,8820,2856,3496,0.0,75b83fde18d97035498d13a91d8bea94d95e73a0000a87fcb7785f68147eb9ae,0.5129286940000384
9,line,2,l1,1,76,1932,924,1070,0.0,3025d9924967848671d24831cb8383053705fcdc3de87b8f1a899a4ef648557f,0.1021741659997133
9,line,3,zero,1,245,8688,2844,3486,0.0,e5e97719a5ab4c4c5069dc3b6198c4d04cf0fd8fd94190dfb1a68b86ddf3e9ab,0.43828693299929
9,line,3,l1,1,76,2016,900,1029,0.0,a0123aa8397322186a69e27e5329c40b265b2366e9bafa7ddd565c6ab8573408,0.09179670699995768
9,line,4,zero,1,241,8688,2796,3421,0.0,c12444e1ad8759db12fafd1bb3f4abf2334de270d6b2ad4d46e02b0a2297f60b,0.4427861889998894
9,line,4,l1,1,64,1956,840,948,1.4099832412739488e-14,eeaff1fa714d1e21fd92201c2a50d2e124d6df6ad0e9d61d466ead0ea0362d77,0.08296119200076646
9,l_shape,0,zero,1,224,7836,2628,3198,0.0,89af10c8943eb734fd3c067dc1bc2bacd9b6746551e20b58e6dc011e8bcfb6ce,0.33421339500000613
9,l_shape,0,l1,1,67,1836,840,931,1.7763568394002505e-15,843f51aadb9ce2619492d6ddf93559a69b2a09281d230473d3447cdc202d9b4a,0.08238600500044413
9,l_shape,1,zero,1,224,7836,2592,3171,0.0,c6c4eb326d6b40a5dcf993129ba64698c5504e8f3676e53aff9cb5daea55c2be,0.3875008599998182
9,l_shape,1,l1,1,70,1788,864,999,0.0,2effb43cce68bce13a14a2f3c650d798c935fffc497584557169c37bbb4d65df,0.08698794200063276
9,l_shape,2,zero,1,245,8916,2880,3522,0.0,d91661a5c7f664c2ae49959f94f63bbf5f6a29cd0fe83331174b72f220ca64f7,0.4312142850003511
9,l_shape,2,l1,1,73,1956,864,992,8.43769498715119e-15,3b4fe56c52347ef075f5e2a63b4c9b1b1d7c43c22ad859b350bb5e098ca58e50,0.08530895599960786
9,l_shape,3,zero,1,241,8640,2796,3426,0.0,2f3acc4f41f2e47c0bd02fc26fcbba1076b62c7287eb828a137e54ca1f72a27b,0.4457167139999001
9,l_shape,3,l1,1,78,2064,924,1048,0.0,20cc259574d8882d78e4612aabf7e2e903c5e5cc4937a1758143d0dc8af90b66,0.09389982299944677
9,l_shape,4,zero,1,241,8664,2796,3421,0.0,c76ebfe1d6f7344068d939d7da73e495c40dc695f0f9985807b877ad5d5e4ec9,0.407854192000741
9,l_shape,4,l1,1,65,1920,840,954,4.218847493575595e-15,49223f0ef924e095cdfa5b19d63f73552a40ffec4cde200a90d00ace844f047c,0.08855698000024859
9,sparse_scatter,0,zero,1,253,9108,2940,3606,0.0,48a4f866a208d14c7154661b633004c08be0c7daadd04d5511d5c7bc0f1d5281,0.5011368380000931
9,sparse_scatter,0,l1,1,75,2004,900,1050,0.0,21d43d96adaf7cd52c7b7949bcaac8fa1221d0d5c8dac3ccfa9599ffde07001f,0.0896896240001297
9,sparse_scatter,1,zero,1,247,8916,2892,3542,0.0,ae403a3af557847e852a2e82215625bd05dea1ed76af88744677bb15e948ac48,0.4424243020002905
9,sparse_scatter,1,l1,1,79,2088,948,1073,0.0,ce0561e4909b91d2474ed3524d40e3e236812336115b286bf4c21cd30f07bfef,0.1130780670000604
9,sparse_scatter,2,zero,1,247,8868,2868,3516,0.0,5297b9e496e585cfa2373cd81b8c00a528cd7d00a5226b2becaa2cc937b460b4,0.5359650950003925
9,sparse_scatter,2,l1,1,77,2040,936,1092,0.0,84b37d3d12658076887bb90b6a7e7b907f3c74dddcc2ccce8c490071fa639ce8,0.10923524600002565
9,sparse_scatter,3,zero,1,253,9120,2940,3606,0.0,8dbe66e51bda3de7bdec8de594d5a8b4331760177a1bb54f8f5e6aae1ea11640,0.4904930200000308
9,sparse_scatter,3,l1,1,76,2136,960,1098,0.0,bce372e8c2c726bad7e466da0faebb1d4f620218c6611462a61188f088715bfb,0.10306631999992533
9,sparse_scatter,4,zero,1,249,8928,2892,3543,0.0,409f19c652799d772d8c9a4c9406ac121b09db997eba6729680b68abddd12933,0.47336912999980996
9,sparse_scatter,4,l1,1,77,2352,900,1056,4.973799150320701e-14,1bcc456ca392f5301569d2481d4327e945c6cb65a41f1811cf8388e7071a9ed9,0.10171725300006074
12,compact,0,zero,1,127,4584,2172,2360,0.0,94160b40846711de32742081e5384cc1dbca2b6b3abea13e3a5e8fbbe3d601a7,0.16771682600028726
12,compact,0,l1,1,9,156,128,89,0.0,fa24709f730bf9216d3168284a6cb7314ce9b1d27a2bfa8576b6dbc649b97235,0.05309903000033955
12,compact,1,zero,1,229,8196,2676,3282,0.0,87c95379d524264c83b2dfb8ca26f9e86f8da19845b49be7ac0069783eb21017,0.4408254820000366
12,compact,1,l1,1,107,3408,1344,1562,0.0,1362aeebc975c90204ddc0f1b7019d5a783e0e9eaff10ddf6ffbedb5ed2d83ea,0.1907386030006819
12,compact,2,zero,1,221,7656,2568,3133,0.0,58a3df33384eb25cbabc959adb1e4e65e745953f09f01dea5e269bad1e314c86,0.3580151329997534
12,compact,2,l1,1,94,2652,1272,1421,2.6201263381153694e-14,5ab8f203f6b4ee87a909876c11a02e481cebcde61b87f32e73eeea19bb0c551b,0.14657907899982092
12,compact,3,zero,1,225,7872,2604,3187,0.0,0a545b4ad33992c143f7ce481ae7f64864d79f38bd6891fa7aef7a93a824ec52,0.4516833019997648
12,compact,3,l1,1,117,3600,1416,1646,0.0,d7a9b0874338c24fbbcd7695239c1bd6a1bf0794f541a253e4524f686b451e34,0.19788624200009508
12,compact,4,zero,1,227,8052,2652,3236,0.0,e3341e84a117a238c5802d7a65fc10e69dfd434ff63ff7d877741b49932115ba,0.3604744379999829
12,compact,4,l1,1,126,4080,1560,1824,0.0,71e95a6ebf0d94bbe2f156bb9572123a01da217cabd2bbcbcca0e51dc1389ea4,0.209804234999865
12,line,0,zero,1,151,5184,2268,2544,0.0,ebeda5b474b1f52a75995fee9c1cd7ddecc8c7d1191ca524d75b4996597e3ae6,0.28752221900049335
12,line,0,l1,1,58,1752,836,893,0.0,0ead2d986c023e0a79d395d72b0acb2b310eac1bf7ebc56457ec33c1e5eb760b,0.12166681899998366
12,line,1,zero,1,223,7800,2616,3196,0.0,84f1ad530095f3b2d81e9f86122ecc9c3e9a322dcbae1f763a963af07275466a,0.37613805099954334
12,line,1,l1,1,130,4140,1740,2015,0.0,ce2b2a5ff32caa7175670282add52fbfe1b4f766f63b2d808459b39ff13d9164,0.23524841200014635
12,line,2,zero,1,241,8520,2796,3411,0.0,a22cf977b0d14b815be2937bed778f95978d84da9d37e50aa8160cc48e3510d2,0.4765840730005948
12,line,2,l1,1,124,3756,1584,1822,0.0,403978e67e8dd143fc0d4a8d3de8fb8e1a27e22fee504478a79ccf24163d881c,0.19931068400001095
12,line,3,zero,1,233,8280,2700,3296,0.0,da9770b30e24e930fb6b163cb502b78a325e95211036b1cad0f9b70a8b159947,0.418217215000368
12,line,3,l1,1,138,4524,1668,1970,0.0,bd4fb764e2a99c632c431e7d2f54d0bad19de06bfaec884d408e4c0a6807b8d2,0.32127836600011506
12,line,4,zero,1,245,8832,2844,3483,0.0,98d4ee67eb8345dd1488535ae0991fe522d17e1180f5883b0764791986b2fee5,0.4628836510000838
12,line,4,l1,1,122,3528,1536,1767,0.0,7ae3b1707dc76ec196142c1412c31060231e3c7b48177e1f9bffdb7f12ae63e5,0.1859562920008102
12,l_shape,0,zero,1,203,7104,2364,2892,0.0,42b9dec76f0687212d4c41a2c6b1d9d234c7e499906b27461134f799fcc58a9f,0.33015621899994585
12,l_shape,0,l1,1,81,2340,1020,1119,1.4876988529977098e-14,48af156fc42be69ac5fb29fa444681d110b322cce6e16bd99466e3dd4a8ed807,0.21115130799989856
12,l_shape,1,zero,1,217,7668,2568,3132,0.0,5e972849d1aa31d9ad258a4890527d4bd4a07d90f27e73add548b7ee62d8c162,0.33534601199971803
12,l_shape,1,l1,1,126,4092,1668,1914,0.0,b32ff4ada3b6f987c42c5d258467ae0a96221b17303f27039da36115d5fcffc1,0.1991865379995943
12,l_shape,2,zero,1,239,8484,2772,3402,0.0,950b0aa9f5d4e18196d3dc38978e908d7c65d952238784fc364a951152ba2036,0.4365482900002462
12,l_shape,2,l1,1,113,3072,1356,1583,0.0,63e9302ded8c2bcca8c77b40b2ef20c34cb575d8641c6ba22157707e60b54a11,0.17576402699978644
12,l_shape,3,zero,1,237,8412,2784,3391,0.0,093bb4348b42ce13632debe6f01ad836b3b6e5d0af0eb14009a48b5312b3b9a4,0.39224352900055237
12,l_shape,3,l1,1,132,4356,1608,1868,0.0,da671cbb362520f00b7345d8073d099ea70d6ade80c7cf476ceba69834df38a2,0.2294569630003025
12,l_shape,4,zero,1,243,8760,2820,3456,0.0,c93c22716bb23d0774fc78810679077a0ea4252a91f1fa3091a6083627150010,0.5066203589994984
12,l_shape,4,l1,1,125,3696,1536,1745,0.0,879d2d7624ba6c769cb9fedc2b10885da9f5df85d27e0acef958ceb2d169be27,0.19860453199999029
12,sparse_scatter,0,zero,1,255,9228,2964,3636,0.0,2cde4d305c92a055b7e962519926fd1953b99ffb34e794b3999af043ce18527a,0.4563923169998816
12,sparse_scatter,0,l1,1,132,3984,1644,1911,0.0,71dc791cfae8105f76ecfaf3b5da70c838f89399adf2d8a79438c51264fe89e5,0.2720756889993936
12,sparse_scatter,1,zero,1,255,9228,2964,3636,0.0,bfe150b2f6ff5475efb479f6275ab3f86d9e9e8c835abe8d1d5d6ed6d79423d4,0.5111219469999924
12,sparse_scatter,1,l1,1,137,4356,1692,2002,0.0,a92a9767dc08078f8ba878db16ece88af7ff15442ec417b475974044229c8bf9,0.22661411600074644
12,sparse_scatter,2,zero,1,255,9228,2964,3636,0.0,d9030f6bf7fdebbccbe4e5295da1b03f2c731db8dc5aec793a55d30cd3e590a0,0.5234764870001527
12,sparse_scatter,2,l1,1,140,4452,1776,2045,0.0,8981c85482d796770e725fac5c52a5ea2e1a63b7edf0a39275d92f44e778536b,0.24783742199997505
12,sparse_scatter,3,zero,1,253,9120,2940,3606,0.0,6b922015e2822f5723bf6f5929c86c491be5e7e5f5d57595591230fc8465f4e9,0.4624182389998168
12,sparse_scatter,3,l1,1,141,4368,1704,2028,0.0,5a01932a4e87a094654d5af9b54cc470e39f41182bdea6548b54fd17cd8326f4,0.28275807699992583
12,sparse_scatter,4,zero,1,251,9036,2916,3576,0.0,65515e4815936a9b29f407133777f5fe5ae390596eb231e90fc3d833ab185f9f,0.4706109059998198
12,sparse_scatter,4,l1,1,137,4368,1716,1983,0.0,3044ca8e897edc8fbb55d6762381ef9a7e409943392008989db62466a5087337,0.23399949300073786
16,compact,0,zero,1,14,216,184,89,0.0,57fd8c8fa7c73dea01719419ac540526523fa5a01a3b617fa1feedfdf6b8009d,0.015046053999867581
16,compact,0,l1,1,14,216,184,89,0.0,57fd8c8fa7c73dea01719419ac540526523fa5a01a3b617fa1feedfdf6b8009d,0.016665647000081663
16,compact,1,zero,1,215,7632,2508,3081,0.0,cec5b6b91a8adc325a62b7b3915bce887fbaeafeb507028c2bd0e8a57b3a542a,0.41466461999971216
16,compact,1,l1,1,215,7632,2508,3081,0.0,cec5b6b91a8adc325a62b7b3915bce887fbaeafeb507028c2bd0e8a57b3a542a,0.3460475560004852
16,compact,2,zero,1,213,7392,2508,3050,0.0,8a70f38f0d7a3c49100099c16b36266f3abf95eeafc317e178f9ecce13a72788,0.4215670220000902
16,compact,2,l1,1,213,7392,2508,3050,0.0,8a70f38f0d7a3c49100099c16b36266f3abf95eeafc317e178f9ecce13a72788,0.48849385700032144
16,compact,3,zero,1,205,7368,2424,2938,0.0,f154932c5910dea6af7d0b99831615894f35d651d6c36304eff27e2c018d253f,0.3865430910000214
16,compact,3,l1,1,205,7368,2424,2938,0.0,f154932c5910dea6af7d0b99831615894f35d651d6c36304eff27e2c018d253f,0.35403566300010425
16,compact,4,zero,1,197,7188,2304,2815,0.0,2232fbfed9cb1d683efb4b296359b8f53c482aa3cfdace94179381f462223bda,0.4148936819992741
16,compact,4,l1,1,197,7188,2304,2815,0.0,2232fbfed9cb1d683efb4b296359b8f53c482aa3cfdace94179381f462223bda,0.3539308040008109
16,line,0,zero,1,59,1680,872,908,0.0,1f6b51deffc1d8edd06e01f44ee12e96aa674c53e79594c809e5dd35a347f4f3,0.052865350000502076
16,line,0,l1,1,59,1680,872,908,0.0,1f6b51deffc1d8edd06e01f44ee12e96aa674c53e79594c809e5dd35a347f4f3,0.055968429999666114
16,line,1,zero,1,249,9060,2892,3549,0.0,1e6bd11c4a70575ff1f4094dc8b908aaa85902262755b960d12c94e979befdec,0.5325873319998209
16,line,1,l1,1,249,9060,2892,3549,0.0,1e6bd11c4a70575ff1f4094dc8b908aaa85902262755b960d12c94e979befdec,0.4620698540002195
16,line,2,zero,1,247,8856,2880,3526,0.0,063fd86832fdd3156f93ceca207a588bc53f4816f4c0aeea2dfbf4dbc93859f5,0.5491527899994253
16,line,2,l1,1,247,8856,2880,3526,0.0,063fd86832fdd3156f93ceca207a588bc53f4816f4c0aeea2dfbf4dbc93859f5,0.4766642339991449
16,line,3,zero,1,245,8952,2844,3487,0.0,eb325006499f483c2878279e581a835c787a9a956f620e0db7728725883b4500,0.44460595900000044
16,line,3,l1,1,245,8952,2844,3487,0.0,eb325006499f483c2878279e581a835c787a9a956f620e0db7728725883b4500,0.5189876499998718
16,line,4,zero,1,245,8832,2844,3486,0.0,dfbe44d792877459757f8eaa669724151b33ea9c18ca4b756b1569162ce4c0a3,0.4189228290006213
16,line,4,l1,1,245,8832,2844,3486,0.0,dfbe44d792877459757f8eaa669724151b33ea9c18ca4b756b1569162ce4c0a3,0.4966346649998741
16,l_shape,0,zero,1,59,1692,756,825,0.0,f3fd33a6c346f4956ff0ad1afa3805b8a02ed71cdb3271041514a7adcb208c28,0.05435188100000232
16,l_shape,0,l1,1,59,1692,756,825,0.0,f3fd33a6c346f4956ff0ad1afa3805b8a02ed71cdb3271041514a7adcb208c28,0.053457779999916966
16,l_shape,1,zero,1,241,8676,2796,3432,0.0,19ce764733736ce8d89eb091fcf2a20dc64def598d06c52a844263c0f0e2b364,0.4130697219998183
16,l_shape,1,l1,1,241,8676,2796,3432,0.0,19ce764733736ce8d89eb091fcf2a20dc64def598d06c52a844263c0f0e2b364,0.469291436000276
16,l_shape,2,zero,1,249,9000,2904,3556,0.0,94616a3fb795b46be748459b75157d5380225877e53d69fe5088d785bba028a3,0.44095370800005185
16,l_shape,2,l1,1,249,9000,2904,3556,0.0,94616a3fb795b46be748459b75157d5380225877e53d69fe5088d785bba028a3,0.49587263299963524
16,l_shape,3,zero,1,241,8748,2796,3421,0.0,f2e050b84f7bee72ad24b9e8dfcec752ca6b5581e4b1c6f9c5908f828830fb11,0.4486234489995695
16,l_shape,3,l1,1,241,8748,2796,3421,0.0,f2e050b84f7bee72ad24b9e8dfcec752ca6b5581e4b1c6f9c5908f828830fb11,0.4171994240005006
16,l_shape,4,zero,1,245,8820,2844,3486,0.0,c8b5f8a4fc6d0020a3bf5907b989409828eb5ae52aa8950718ea27f016f371e0,0.45594267999967997
16,l_shape,4,l1,1,245,8820,2844,3486,0.0,c8b5f8a4fc6d0020a3bf5907b989409828eb5ae52aa8950718ea27f016f371e0,0.4185377690000678
16,sparse_scatter,0,zero,1,251,9036,2916,3576,0.0,406c6d8dc892071a71c54833f31bebc04dccaee9c012c327857c94d636b2c37a,0.5332733839995853
16,sparse_scatter,0,l1,1,251,9036,2916,3576,0.0,406c6d8dc892071a71c54833f31bebc04dccaee9c012c327857c94d636b2c37a,0.4858537569998589
16,sparse_scatter,1,zero,1,253,9168,2940,3606,0.0,3aaebbd6947c0053569d94e6ed48f7d96f01ef5cb33cc376acc59de703703edc,0.5073680810000951
16,sparse_scatter,1,l1,1,253,9168,2940,3606,0.0,3aaebbd6947c0053569d94e6ed48f7d96f01ef5cb33cc376acc59de703703edc,0.4638197260001107
16,sparse_scatter,2,zero,1,255,9228,2964,3636,0.0,3edd4ccf78f6668f85fbdcc9bc30ebd7bb89dfe653fd80de5016dc4f63b9893c,0.5113711700005297
16,sparse_scatter,2,l1,1,255,9228,2964,3636,0.0,3edd4ccf78f6668f85fbdcc9bc30ebd7bb89dfe653fd80de5016dc4f63b9893c,0.4533897299997989
16,sparse_scatter,3,zero,1,255,9228,2964,3636,0.0,6d11148a5deaac36ed3874cfb0e57543a44ef9d7c05411761eac96e3884ffc7d,0.5078479439998773
16,sparse_scatter,3,l1,1,255,9228,2964,3636,0.0,6d11148a5deaac36ed3874cfb0e57543a44ef9d7c05411761eac96e3884ffc7d,0.4520605190000424
16,sparse_scatter,4,zero,1,253,9144,2940,3606,0.0,93813e8c0e3fc87557864f8f8d4371f1baa64a3d6239742c8ecf8b0f29e063be,0.46455616099956387
16,sparse_scatter,4,l1,1,253,9144,2940,3606,0.0,93813e8c0e3fc87557864f8f8d4371f1baa64a3d6239742c8ecf8b0f29e063be,0.5057266620005976
