instance_id,family,method,p,component,topology,seed,circuit_sha256,active_qubits,parameters,seconds,qubits,one_qubit,rz,two_qubit,depth,two_qubit_depth,logical_qubits,logical_one_qubit,logical_rz,logical_two_qubit,logical_depth,logical_two_qubit_depth
quality_4_6_scatter_2,scatter,ring,9,full,sherbrooke,211,dd549e07efd2703b0e5addba40a5d4fd5f5a704568e037f717e3543f5a679232,24,17,41.93978890730068,127,64044,38582,10314,12623,2856,24,6781,4729,4320,1580,628
quality_4_6_scatter_2,scatter,ring,9,full,sherbrooke,223,dd549e07efd2703b0e5addba40a5d4fd5f5a704568e037f717e3543f5a679232,24,17,38.000072550959885,127,60602,36203,10076,10618,2408,24,6781,4729,4320,1580,628
quality_4_6_scatter_2,scatter,ring,9,full,sherbrooke,227,dd549e07efd2703b0e5addba40a5d4fd5f5a704568e037f717e3543f5a679232,24,17,40.2837647004053,127,64050,38693,10007,12051,2508,24,6781,4729,4320,1580,628
quality_4_6_scatter_2,scatter,ring,9,full,sherbrooke,229,dd549e07efd2703b0e5addba40a5d4fd5f5a704568e037f717e3543f5a679232,24,17,39.68233100231737,127,61707,37207,9743,9964,2156,24,6781,4729,4320,1580,628
quality_4_6_scatter_2,scatter,ring,9,full,sherbrooke,233,dd549e07efd2703b0e5addba40a5d4fd5f5a704568e037f717e3543f5a679232,24,17,38.90666023502126,127,62218,37458,9935,11482,2535,24,6781,4729,4320,1580,628
quality_4_6_scatter_2,scatter,ring,9,full,line25,211,dd549e07efd2703b0e5addba40a5d4fd5f5a704568e037f717e3543f5a679232,24,17,1.1873058532364666,25,20646,12268,9723,4270,2122,24,6781,4729,4320,1580,628
quality_4_6_scatter_2,scatter,ring,9,full,line25,223,dd549e07efd2703b0e5addba40a5d4fd5f5a704568e037f717e3543f5a679232,24,17,1.18259462621063,25,20560,12233,9630,4108,2104,24,6781,4729,4320,1580,628
quality_4_6_scatter_2,scatter,ring,9,full,line25,227,dd549e07efd2703b0e5addba40a5d4fd5f5a704568e037f717e3543f5a679232,24,17,1.1773790819570422,25,20541,12220,9728,4229,2105,24,6781,4729,4320,1580,628
quality_4_6_scatter_2,scatter,ring,9,full,line25,229,dd549e07efd2703b0e5addba40a5d4fd5f5a704568e037f717e3543f5a679232,24,17,1.1805169037543237,25,20479,12182,9752,4367,2181,24,6781,4729,4320,1580,628
quality_4_6_scatter_2,scatter,ring,9,full,line25,233,dd549e07efd2703b0e5addba40a5d4fd5f5a704568e037f717e3543f5a679232,24,17,1.2851779172196984,25,20699,12300,9721,4189,2084,24,6781,4729,4320,1580,628
quality_4_6_scatter_2,scatter,ring,9,full,grid25,211,dd549e07efd2703b0e5addba40a5d4fd5f5a704568e037f717e3543f5a679232,24,17,1.0865659746341407,25,11818,7448,8030,4808,2480,24,6781,4729,4320,1580,628
quality_4_6_scatter_2,scatter,ring,9,full,grid25,223,dd549e07efd2703b0e5addba40a5d4fd5f5a704568e037f717e3543f5a679232,24,17,1.0783322318457067,25,11957,7526,8066,4674,2444,24,6781,4729,4320,1580,628
quality_4_6_scatter_2,scatter,ring,9,full,grid25,227,dd549e07efd2703b0e5addba40a5d4fd5f5a704568e037f717e3543f5a679232,24,17,1.0818827701732516,25,11733,7396,8120,4900,2570,24,6781,4729,4320,1580,628
quality_4_6_scatter_2,scatter,ring,9,full,grid25,229,dd549e07efd2703b0e5addba40a5d4fd5f5a704568e037f717e3543f5a679232,24,17,1.0768026011064649,25,11748,7400,8013,4628,2372,24,6781,4729,4320,1580,628
quality_4_6_scatter_2,scatter,ring,9,full,grid25,233,dd549e07efd2703b0e5addba40a5d4fd5f5a704568e037f717e3543f5a679232,24,17,1.083816901780665,25,11712,7384,8087,4794,2524,24,6781,4729,4320,1580,628
