instance_id,family,num_cells,num_sites,net_count,method,cohort,graph,schedule,active_qubits,symbolic_parameters,preparation,first_phase,row_penalties,measurements,logical_cx,logical_depth,routing_seed,routed_ecr,routed_depth,routed_two_qubit_depth,circuit_sha256,routed_sha256,operations,runtime_seconds
0000_sparse_grid_502,sparse_grid,4,6,3,penalty_row_xy,frozen,complete_per_row,lexicographic_site_pairs,24,5,True,False,False,False,1224,389,101,2775,3386,782,9eaeb7494740ba42ce219f574021a83ed04eab9eb8a70a342453dd192a8beace,6120bc72f3fa8a692bed76ee83c521600758a0649e17aa3b9739bb39e49d9892,"{""ecr"": 2775, ""rz"": 9508, ""sx"": 5218, ""x"": 515}",3.977841059999264
0000_sparse_grid_502,sparse_grid,4,6,3,penalty_row_xy,frozen,complete_per_row,lexicographic_site_pairs,24,5,True,False,False,False,1224,389,102,2784,2972,711,9eaeb7494740ba42ce219f574021a83ed04eab9eb8a70a342453dd192a8beace,d7dbf32cb04c22d078797533df5f0a013baf899f7825bd791a764d99f3ece0aa,"{""ecr"": 2784, ""rz"": 9445, ""sx"": 5214, ""x"": 495}",4.390188481999758
0000_sparse_grid_502,sparse_grid,4,6,3,penalty_row_xy,frozen,complete_per_row,lexicographic_site_pairs,24,5,True,False,False,False,1224,389,103,2876,3286,788,9eaeb7494740ba42ce219f574021a83ed04eab9eb8a70a342453dd192a8beace,096fb7c29f2f6de2ece3982234b60206b6b23d9045fa558279b3c539e1ec59f0,"{""ecr"": 2876, ""rz"": 9733, ""sx"": 5339, ""x"": 528}",4.219316015000004
0000_sparse_grid_502,sparse_grid,4,6,3,penalty_row_xy,frozen,complete_per_row,lexicographic_site_pairs,24,5,True,False,False,False,1224,389,104,2772,3300,777,9eaeb7494740ba42ce219f574021a83ed04eab9eb8a70a342453dd192a8beace,fdc1c434e084227436d6a40942bee692767077369c91b0350c71385e6014d65d,"{""ecr"": 2772, ""rz"": 9455, ""sx"": 5179, ""x"": 533}",3.758783790999587
0000_sparse_grid_502,sparse_grid,4,6,3,penalty_row_xy,frozen,complete_per_row,lexicographic_site_pairs,24,5,True,False,False,False,1224,389,105,2729,3338,769,9eaeb7494740ba42ce219f574021a83ed04eab9eb8a70a342453dd192a8beace,eb9add628c875689286763c51b4a7de1dc7870914489bdb8fd5614c8c8d64012,"{""ecr"": 2729, ""rz"": 9442, ""sx"": 5236, ""x"": 471}",4.028368389000207
0000_sparse_grid_502,sparse_grid,4,6,3,penalty_row_xy,frozen,complete_per_row,lexicographic_site_pairs,24,5,True,False,False,False,1224,389,106,2747,3045,726,9eaeb7494740ba42ce219f574021a83ed04eab9eb8a70a342453dd192a8beace,59da619f4488c940e5d372de6207b90e9e3ddb2e79d75c20e7caeedca97a4eba,"{""ecr"": 2747, ""rz"": 9397, ""sx"": 5162, ""x"": 532}",4.059899396000219
0000_sparse_grid_502,sparse_grid,4,6,3,penalty_row_xy,frozen,complete_per_row,lexicographic_site_pairs,24,5,True,False,False,False,1224,389,107,2817,3734,873,9eaeb7494740ba42ce219f574021a83ed04eab9eb8a70a342453dd192a8beace,33ce39eeced11f3db0b28f5f5f99d2ac809d31634a8de55395eb571acb867538,"{""ecr"": 2817, ""rz"": 9656, ""sx"": 5289, ""x"": 536}",4.310471577000499
0000_sparse_grid_502,sparse_grid,4,6,3,penalty_row_xy,frozen,complete_per_row,lexicographic_site_pairs,24,5,True,False,False,False,1224,389,108,2743,3486,816,9eaeb7494740ba42ce219f574021a83ed04eab9eb8a70a342453dd192a8beace,681d327fe3109f550b9cf3975fe4c6566bee3a3c24498d820a67d3e7074cddd3,"{""ecr"": 2743, ""rz"": 9337, ""sx"": 5100, ""x"": 566}",3.6884056709996003
0000_sparse_grid_502,sparse_grid,4,6,3,penalty_row_xy,frozen,complete_per_row,lexicographic_site_pairs,24,5,True,False,False,False,1224,389,109,2773,3448,813,9eaeb7494740ba42ce219f574021a83ed04eab9eb8a70a342453dd192a8beace,c29a3dcfcc0a5584e743779e5f0e55028334a9e54fd8423cce39904613d66fb1,"{""ecr"": 2773, ""rz"": 9333, ""sx"": 5155, ""x"": 567}",4.19908332399973
0000_sparse_grid_502,sparse_grid,4,6,3,penalty_row_xy,frozen,complete_per_row,lexicographic_site_pairs,24,5,True,False,False,False,1224,389,110,2821,3380,815,9eaeb7494740ba42ce219f574021a83ed04eab9eb8a70a342453dd192a8beace,700a7d04ae9fc507eba92187c5c399fad698ff58720a2253577da46d03cb3c7b,"{""ecr"": 2821, ""rz"": 9534, ""sx"": 5185, ""x"": 570}",3.9125015889994756
0000_sparse_grid_502,sparse_grid,4,6,3,penalty_row_xy,frozen,complete_per_row,lexicographic_site_pairs,24,5,True,False,False,False,1224,389,111,2751,2811,681,9eaeb7494740ba42ce219f574021a83ed04eab9eb8a70a342453dd192a8beace,85792238162b33056bdacc969e3b565c7cba93fdab4099ca477fa991c0211fd9,"{""ecr"": 2751, ""rz"": 9336, ""sx"": 5114, ""x"": 520}",3.790537222999774
0000_sparse_grid_502,sparse_grid,4,6,3,penalty_row_xy,frozen,complete_per_row,lexicographic_site_pairs,24,5,True,False,False,False,1224,389,112,2673,3301,763,9eaeb7494740ba42ce219f574021a83ed04eab9eb8a70a342453dd192a8beace,8220de090b7b126ee7e60508f7e5c97b5e70f2953a06d2a47d7901b50a31005d,"{""ecr"": 2673, ""rz"": 9186, ""sx"": 5088, ""x"": 484}",3.838009684000099
0000_sparse_grid_502,sparse_grid,4,6,3,penalty_row_xy,frozen,complete_per_row,lexicographic_site_pairs,24,5,True,False,False,False,1224,389,113,2814,3034,737,9eaeb7494740ba42ce219f574021a83ed04eab9eb8a70a342453dd192a8beace,a6438ca7b4ebc44d46f35ebc32f31b90447c5a892fec0af0acd1c2a3479b599f,"{""ecr"": 2814, ""rz"": 9579, ""sx"": 5154, ""x"": 571}",3.6291734880005606
0000_sparse_grid_502,sparse_grid,4,6,3,penalty_row_xy,frozen,complete_per_row,lexicographic_site_pairs,24,5,True,False,False,False,1224,389,114,2746,3571,850,9eaeb7494740ba42ce219f574021a83ed04eab9eb8a70a342453dd192a8beace,e31343f92f592d65516b713e2754d7fe8535b1a5f72df37f2a56c2b9162465a7,"{""ecr"": 2746, ""rz"": 9343, ""sx"": 5161, ""x"": 511}",4.069512488999862
0000_sparse_grid_502,sparse_grid,4,6,3,penalty_row_xy,frozen,complete_per_row,lexicographic_site_pairs,24,5,True,False,False,False,1224,389,115,2887,3562,858,9eaeb7494740ba42ce219f574021a83ed04eab9eb8a70a342453dd192a8beace,ce32383523b666881475b0da51fb2ae998bf703a363db77d68b5e2f431bf49b2,"{""ecr"": 2887, ""rz"": 9759, ""sx"": 5279, ""x"": 585}",4.135852657000214
0000_sparse_grid_502,sparse_grid,4,6,3,penalty_row_xy,frozen,complete_per_row,lexicographic_site_pairs,24,5,True,False,False,False,1224,389,116,2872,3560,847,9eaeb7494740ba42ce219f574021a83ed04eab9eb8a70a342453dd192a8beace,adfa8645613cdf955b9308d0a6e65da8638b39f6a65591f34a122d07f461c45c,"{""ecr"": 2872, ""rz"": 9791, ""sx"": 5406, ""x"": 544}",4.377102739000293
0000_sparse_grid_502,sparse_grid,4,6,3,penalty_row_xy,frozen,complete_per_row,lexicographic_site_pairs,24,5,True,False,False,False,1224,389,117,2733,3215,756,9eaeb7494740ba42ce219f574021a83ed04eab9eb8a70a342453dd192a8beace,fadfc88ac80e5d5d016088baae1b2ed0fbc6d3773d86dc77a92e5988428397d5,"{""ecr"": 2733, ""rz"": 9264, ""sx"": 5034, ""x"": 519}",3.9757558259998405
0000_sparse_grid_502,sparse_grid,4,6,3,penalty_row_xy,frozen,complete_per_row,lexicographic_site_pairs,24,5,True,False,False,False,1224,389,118,2814,3797,912,9eaeb7494740ba42ce219f574021a83ed04eab9eb8a70a342453dd192a8beace,4db982b282cb4f9a27adc9c243f7085e1fe8cdef3c57e9c39d38e01d856bb74c,"{""ecr"": 2814, ""rz"": 9585, ""sx"": 5265, ""x"": 561}",4.134573123000337
0000_sparse_grid_502,sparse_grid,4,6,3,penalty_row_xy,frozen,complete_per_row,lexicographic_site_pairs,24,5,True,False,False,False,1224,389,119,2728,3119,749,9eaeb7494740ba42ce219f574021a83ed04eab9eb8a70a342453dd192a8beace,1ca7d903dccc8b21c297f740409755c050647e49ecc833f265fa16d291339802,"{""ecr"": 2728, ""rz"": 9459, ""sx"": 5179, ""x"": 522}",3.9135825469993506
0000_sparse_grid_502,sparse_grid,4,6,3,penalty_row_xy,frozen,complete_per_row,lexicographic_site_pairs,24,5,True,False,False,False,1224,389,120,2822,3359,792,9eaeb7494740ba42ce219f574021a83ed04eab9eb8a70a342453dd192a8beace,3c3af8089fbee5b7069bf10c14b4b5c8646bc22496521da73cf3e61a34c5f119,"{""ecr"": 2822, ""rz"": 9637, ""sx"": 5214, ""x"": 560}",3.5747871860003215
0000_sparse_grid_502,sparse_grid,4,6,3,token,frozen,line,rotating,19,5,True,False,False,False,1049,1389,101,3081,7904,2002,1e21ff101a61d310823e0b50ebdf1d6dd7a57886b6d2437cc55940e1a9ef7ac4,4d9f686083b9ee6e68c3fa92690ceb38a45581c2ef4f9e532eba7b1576f738bd,"{""ecr"": 3081, ""rz"": 9406, ""sx"": 5227, ""x"": 638}",4.026814359000127
0000_sparse_grid_502,sparse_grid,4,6,3,token,frozen,line,rotating,19,5,True,False,False,False,1049,1389,102,2982,7910,2010,1e21ff101a61d310823e0b50ebdf1d6dd7a57886b6d2437cc55940e1a9ef7ac4,bf375ca5ed99df5af3f5f444925fdcf17c75f94b2d5508f5584702942065545d,"{""ecr"": 2982, ""rz"": 9138, ""sx"": 4905, ""x"": 615}",3.986391934000494
0000_sparse_grid_502,sparse_grid,4,6,3,token,frozen,line,rotating,19,5,True,False,False,False,1049,1389,103,2983,7623,1911,1e21ff101a61d310823e0b50ebdf1d6dd7a57886b6d2437cc55940e1a9ef7ac4,9f880c2324d8cac000a23bb921d63bec0b129cb0c6d5ea39775756dec5265917,"{""ecr"": 2983, ""rz"": 9210, ""sx"": 5065, ""x"": 618}",4.5762553040003695
0000_sparse_grid_502,sparse_grid,4,6,3,token,frozen,line,rotating,19,5,True,False,False,False,1049,1389,104,2951,7754,1934,1e21ff101a61d310823e0b50ebdf1d6dd7a57886b6d2437cc55940e1a9ef7ac4,d2da91f6288a6143753a51db45ee6028903c382ed7adb2d50bd00ef8aa8d495e,"{""ecr"": 2951, ""rz"": 9129, ""sx"": 5046, ""x"": 527}",4.319680238000728
0000_sparse_grid_502,sparse_grid,4,6,3,token,frozen,line,rotating,19,5,True,False,False,False,1049,1389,105,3066,7941,2019,1e21ff101a61d310823e0b50ebdf1d6dd7a57886b6d2437cc55940e1a9ef7ac4,25ae83f9ca79350dd521c96bfe6f13ed562febb979af4dc315075e455cc20cae,"{""ecr"": 3066, ""rz"": 9329, ""sx"": 5106, ""x"": 627}",4.679314955999871
0000_sparse_grid_502,sparse_grid,4,6,3,token,frozen,line,rotating,19,5,True,False,False,False,1049,1389,106,3044,7979,2013,1e21ff101a61d310823e0b50ebdf1d6dd7a57886b6d2437cc55940e1a9ef7ac4,b2c3b47eafce1d65d4d141591ae8b445f76d70b05a6b71abb59aa1841cb3fc2d,"{""ecr"": 3044, ""rz"": 9388, ""sx"": 5151, ""x"": 598}",4.820365704999858
0000_sparse_grid_502,sparse_grid,4,6,3,token,frozen,line,rotating,19,5,True,False,False,False,1049,1389,107,2892,7555,1895,1e21ff101a61d310823e0b50ebdf1d6dd7a57886b6d2437cc55940e1a9ef7ac4,0dd935d435c42b8a474644cce7f238046be7e5f2e4b011cdb6f4e6b9434f8924,"{""ecr"": 2892, ""rz"": 8961, ""sx"": 4884, ""x"": 620}",4.411625570000069
0000_sparse_grid_502,sparse_grid,4,6,3,token,frozen,line,rotating,19,5,True,False,False,False,1049,1389,108,3068,7636,1955,1e21ff101a61d310823e0b50ebdf1d6dd7a57886b6d2437cc55940e1a9ef7ac4,25161c03905b07194ced04ad2334f32b65960533b1ca1922e8992d9c20628288,"{""ecr"": 3068, ""rz"": 9386, ""sx"": 5120, ""x"": 672}",4.94711485300013
0000_sparse_grid_502,sparse_grid,4,6,3,token,frozen,line,rotating,19,5,True,False,False,False,1049,1389,109,3042,7921,2004,1e21ff101a61d310823e0b50ebdf1d6dd7a57886b6d2437cc55940e1a9ef7ac4,554653cc91e14ad4b5aa407a9eca1c3bfd355bc5a158d0461c2d052342e29e4e,"{""ecr"": 3042, ""rz"": 9364, ""sx"": 5229, ""x"": 560}",4.963980794000236
0000_sparse_grid_502,sparse_grid,4,6,3,token,frozen,line,rotating,19,5,True,False,False,False,1049,1389,110,2974,7695,1936,1e21ff101a61d310823e0b50ebdf1d6dd7a57886b6d2437cc55940e1a9ef7ac4,df3d3cf2668436b67148bd12b8ef01656352d336e830e33bfe1349d2af2fea01,"{""ecr"": 2974, ""rz"": 9084, ""sx"": 5066, ""x"": 571}",4.571777387999646
0000_sparse_grid_502,sparse_grid,4,6,3,token,frozen,line,rotating,19,5,True,False,False,False,1049,1389,111,2946,7876,1979,1e21ff101a61d310823e0b50ebdf1d6dd7a57886b6d2437cc55940e1a9ef7ac4,0b7bbc3be883522c41322426b7e2f25860ae0011ad5566c3d4d4533576fb8b73,"{""ecr"": 2946, ""rz"": 9082, ""sx"": 5045, ""x"": 606}",5.165369963000558
0000_sparse_grid_502,sparse_grid,4,6,3,token,frozen,line,rotating,19,5,True,False,False,False,1049,1389,112,2975,7931,1979,1e21ff101a61d310823e0b50ebdf1d6dd7a57886b6d2437cc55940e1a9ef7ac4,3c1d74157bd36375502e5deda50fcefe22449364ea2a2f608b5cc377d557cce7,"{""ecr"": 2975, ""rz"": 9221, ""sx"": 5201, ""x"": 495}",6.003649678999864
0000_sparse_grid_502,sparse_grid,4,6,3,token,frozen,line,rotating,19,5,True,False,False,False,1049,1389,113,2984,7674,1952,1e21ff101a61d310823e0b50ebdf1d6dd7a57886b6d2437cc55940e1a9ef7ac4,90113c4f1a728bd48323ff9ed17b9485d41f34e6f11cbb23e8c643dd0a4a842a,"{""ecr"": 2984, ""rz"": 9231, ""sx"": 4948, ""x"": 641}",5.064025493000372
0000_sparse_grid_502,sparse_grid,4,6,3,token,frozen,line,rotating,19,5,True,False,False,False,1049,1389,114,3012,8000,2020,1e21ff101a61d310823e0b50ebdf1d6dd7a57886b6d2437cc55940e1a9ef7ac4,2240f05e248a19591f259c0b2bf68c860edba1be31f4ef77ce5bd3ffb75337ce,"{""ecr"": 3012, ""rz"": 9334, ""sx"": 5158, ""x"": 568}",5.646174059999794
0000_sparse_grid_502,sparse_grid,4,6,3,token,frozen,line,rotating,19,5,True,False,False,False,1049,1389,115,3052,8196,2072,1e21ff101a61d310823e0b50ebdf1d6dd7a57886b6d2437cc55940e1a9ef7ac4,f6cdd75414110fb556f70e3e661d5e166fa6b13e1613a4564202d65df536ff87,"{""ecr"": 3052, ""rz"": 9449, ""sx"": 5106, ""x"": 635}",5.156308344000536
0000_sparse_grid_502,sparse_grid,4,6,3,token,frozen,line,rotating,19,5,True,False,False,False,1049,1389,116,3050,7873,1966,1e21ff101a61d310823e0b50ebdf1d6dd7a57886b6d2437cc55940e1a9ef7ac4,982ea42f81a66508d8d29b81b1b02beb38baa5d2ff6050636ef8c27600858c20,"{""ecr"": 3050, ""rz"": 9335, ""sx"": 5205, ""x"": 575}",6.160255820999737
0000_sparse_grid_502,sparse_grid,4,6,3,token,frozen,line,rotating,19,5,True,False,False,False,1049,1389,117,3076,7831,1983,1e21ff101a61d310823e0b50ebdf1d6dd7a57886b6d2437cc55940e1a9ef7ac4,252fc55c02d188a8feed6ba3ba532ff93f27b1388a6723eecb436819fb130c8c,"{""ecr"": 3076, ""rz"": 9445, ""sx"": 5142, ""x"": 626}",4.980388975000096
0000_sparse_grid_502,sparse_grid,4,6,3,token,frozen,line,rotating,19,5,True,False,False,False,1049,1389,118,3082,7546,1915,1e21ff101a61d310823e0b50ebdf1d6dd7a57886b6d2437cc55940e1a9ef7ac4,5225123dad6c828b6e5d21bce7a4ac6bd5d0b2128e2c36c9baf8f9264ee2d0fb,"{""ecr"": 3082, ""rz"": 9463, ""sx"": 5145, ""x"": 628}",4.867194292000022
0000_sparse_grid_502,sparse_grid,4,6,3,token,frozen,line,rotating,19,5,True,False,False,False,1049,1389,119,3023,7965,2027,1e21ff101a61d310823e0b50ebdf1d6dd7a57886b6d2437cc55940e1a9ef7ac4,8b6707a6e65fd72f7e92dddbeecccc24f8fd740cea81efa939c30d4f2c11d8f7,"{""ecr"": 3023, ""rz"": 9257, ""sx"": 4954, ""x"": 677}",4.6708376079996015
0000_sparse_grid_502,sparse_grid,4,6,3,token,frozen,line,rotating,19,5,True,False,False,False,1049,1389,120,3060,7748,1982,1e21ff101a61d310823e0b50ebdf1d6dd7a57886b6d2437cc55940e1a9ef7ac4,09aca3cf8088d3ba0eba0fa3dd19a0a0c8ea2f2296f48d3ceeeab120615400fd,"{""ecr"": 3060, ""rz"": 9452, ""sx"": 5051, ""x"": 657}",5.622929860000113
0003_dense_grid_line_505,dense_grid_line,4,6,6,penalty_row_xy,frozen,complete_per_row,lexicographic_site_pairs,24,5,True,False,False,False,1584,434,101,3608,4815,1166,8dce48a39ca37f4ed247f0abcd33b8a59fedc3bc4c49f05c8588662268f9874b,5865dd9e59a41dfeee68ce04c4595a67faac17712b5a243669cd0785d2b9beab,"{""ecr"": 3608, ""rz"": 12186, ""sx"": 6423, ""x"": 786}",8.959285380999972
0003_dense_grid_line_505,dense_grid_line,4,6,6,penalty_row_xy,frozen,complete_per_row,lexicographic_site_pairs,24,5,True,False,False,False,1584,434,102,3595,4228,1019,8dce48a39ca37f4ed247f0abcd33b8a59fedc3bc4c49f05c8588662268f9874b,9b5db62da26b398ababcc9e805599bfefb1d7699f406f6057706c8fed23dc895,"{""ecr"": 3595, ""rz"": 12302, ""sx"": 6520, ""x"": 765}",9.036041794000084
0003_dense_grid_line_505,dense_grid_line,4,6,6,penalty_row_xy,frozen,complete_per_row,lexicographic_site_pairs,24,5,True,False,False,False,1584,434,103,3698,4809,1162,8dce48a39ca37f4ed247f0abcd33b8a59fedc3bc4c49f05c8588662268f9874b,ded190afd70fdcf887fe738241c90b3bd7b04796f18148a437bfed66c47a7a92,"{""ecr"": 3698, ""rz"": 12594, ""sx"": 6818, ""x"": 692}",11.449266173000069
0003_dense_grid_line_505,dense_grid_line,4,6,6,penalty_row_xy,frozen,complete_per_row,lexicographic_site_pairs,24,5,True,False,False,False,1584,434,104,3517,3915,939,8dce48a39ca37f4ed247f0abcd33b8a59fedc3bc4c49f05c8588662268f9874b,e086541e062df4b7abf1bb5ec7bd390baeafe4f07f4b4fc376fdedee2a18bba0,"{""ecr"": 3517, ""rz"": 11892, ""sx"": 6420, ""x"": 648}",10.45635318099994
0003_dense_grid_line_505,dense_grid_line,4,6,6,penalty_row_xy,frozen,complete_per_row,lexicographic_site_pairs,24,5,True,False,False,False,1584,434,105,3636,4369,1063,8dce48a39ca37f4ed247f0abcd33b8a59fedc3bc4c49f05c8588662268f9874b,69a832684c8d97ed68f487a6571b699680d15dfaa6d7dbedc4d395bd1592ed9e,"{""ecr"": 3636, ""rz"": 12384, ""sx"": 6593, ""x"": 761}",10.031092191000425
0003_dense_grid_line_505,dense_grid_line,4,6,6,penalty_row_xy,frozen,complete_per_row,lexicographic_site_pairs,24,5,True,False,False,False,1584,434,106,3644,4852,1172,8dce48a39ca37f4ed247f0abcd33b8a59fedc3bc4c49f05c8588662268f9874b,eb288fc4af3c26a77b7b10ff21ac4c8ca3edce95075e028df079d37e87b92038,"{""ecr"": 3644, ""rz"": 12296, ""sx"": 6541, ""x"": 778}",8.460912649999955
0003_dense_grid_line_505,dense_grid_line,4,6,6,penalty_row_xy,frozen,complete_per_row,lexicographic_site_pairs,24,5,True,False,False,False,1584,434,107,3615,3745,904,8dce48a39ca37f4ed247f0abcd33b8a59fedc3bc4c49f05c8588662268f9874b,5887ebd2295038ad62ddf6212fb7117fdc29e147749aab26e4a30abc64c1b5f0,"{""ecr"": 3615, ""rz"": 12362, ""sx"": 6609, ""x"": 701}",8.494881476000046
0003_dense_grid_line_505,dense_grid_line,4,6,6,penalty_row_xy,frozen,complete_per_row,lexicographic_site_pairs,24,5,True,False,False,False,1584,434,108,3619,3582,865,8dce48a39ca37f4ed247f0abcd33b8a59fedc3bc4c49f05c8588662268f9874b,25b3824b4a22e12c3e4028bc7eb18b827391cef5528f98a8ded2753519ac3eae,"{""ecr"": 3619, ""rz"": 12228, ""sx"": 6601, ""x"": 719}",13.165853469000467
0003_dense_grid_line_505,dense_grid_line,4,6,6,penalty_row_xy,frozen,complete_per_row,lexicographic_site_pairs,24,5,True,False,False,False,1584,434,109,3643,4313,1038,8dce48a39ca37f4ed247f0abcd33b8a59fedc3bc4c49f05c8588662268f9874b,db8965cf64e7db6176fe93d7fd4a76e3199b9a9b35ee2ab61c8ca17b299c7588,"{""ecr"": 3643, ""rz"": 12220, ""sx"": 6546, ""x"": 747}",10.494166556999517
0003_dense_grid_line_505,dense_grid_line,4,6,6,penalty_row_xy,frozen,complete_per_row,lexicographic_site_pairs,24,5,True,False,False,False,1584,434,110,3759,4643,1117,8dce48a39ca37f4ed247f0abcd33b8a59fedc3bc4c49f05c8588662268f9874b,45df91c4ff9004a4dd86f975cccd8eead4cf6bbeeec794e4efaa88bcd960c924,"{""ecr"": 3759, ""rz"": 12716, ""sx"": 6796, ""x"": 778}",8.952471492999393
0003_dense_grid_line_505,dense_grid_line,4,6,6,penalty_row_xy,frozen,complete_per_row,lexicographic_site_pairs,24,5,True,False,False,False,1584,434,111,3669,3972,973,8dce48a39ca37f4ed247f0abcd33b8a59fedc3bc4c49f05c8588662268f9874b,f958f4e55d5f326c9e5f839d061e8fe19160420689c208daa2e921b197d9fa31,"{""ecr"": 3669, ""rz"": 12308, ""sx"": 6570, ""x"": 762}",10.226113104000433
0003_dense_grid_line_505,dense_grid_line,4,6,6,penalty_row_xy,frozen,complete_per_row,lexicographic_site_pairs,24,5,True,False,False,False,1584,434,112,3635,4125,1001,8dce48a39ca37f4ed247f0abcd33b8a59fedc3bc4c49f05c8588662268f9874b,35f890f6b35b32dd0f661efbdb29c3bfe7dabd5b163ef391964a48296d13d4f5,"{""ecr"": 3635, ""rz"": 12335, ""sx"": 6620, ""x"": 689}",11.215471554000032
0003_dense_grid_line_505,dense_grid_line,4,6,6,penalty_row_xy,frozen,complete_per_row,lexicographic_site_pairs,24,5,True,False,False,False,1584,434,113,3545,3880,935,8dce48a39ca37f4ed247f0abcd33b8a59fedc3bc4c49f05c8588662268f9874b,8b12cac7b887ec4824d72aa7e4ecd42f797b5955af321972bfeadcdddba84d75,"{""ecr"": 3545, ""rz"": 12046, ""sx"": 6557, ""x"": 622}",9.668346587999622
0003_dense_grid_line_505,dense_grid_line,4,6,6,penalty_row_xy,frozen,complete_per_row,lexicographic_site_pairs,24,5,True,False,False,False,1584,434,114,3621,4554,1086,8dce48a39ca37f4ed247f0abcd33b8a59fedc3bc4c49f05c8588662268f9874b,e2d590c362cb80c8c65349392ddfce348af3f4cfe5c8ea3fcd4a2e5ad3f046d7,"{""ecr"": 3621, ""rz"": 12337, ""sx"": 6619, ""x"": 723}",9.567766344999654
0003_dense_grid_line_505,dense_grid_line,4,6,6,penalty_row_xy,frozen,complete_per_row,lexicographic_site_pairs,24,5,True,False,False,False,1584,434,115,3567,3815,911,8dce48a39ca37f4ed247f0abcd33b8a59fedc3bc4c49f05c8588662268f9874b,64b5db3ae23bb22a63dfd53e78f42005c8a42942881fa51b4a9bcb3e8d18a65c,"{""ecr"": 3567, ""rz"": 12178, ""sx"": 6585, ""x"": 666}",11.487167053000121
0003_dense_grid_line_505,dense_grid_line,4,6,6,penalty_row_xy,frozen,complete_per_row,lexicographic_site_pairs,24,5,True,False,False,False,1584,434,116,3742,3920,931,8dce48a39ca37f4ed247f0abcd33b8a59fedc3bc4c49f05c8588662268f9874b,a44bd91b2fa4baf666a0ffd2628b3970e0bb881012a6dd5a5389c5f7ab29ff0c,"{""ecr"": 3742, ""rz"": 12663, ""sx"": 6747, ""x"": 783}",8.832861124999908
0003_dense_grid_line_505,dense_grid_line,4,6,6,penalty_row_xy,frozen,complete_per_row,lexicographic_site_pairs,24,5,True,False,False,False,1584,434,117,3574,3750,881,8dce48a39ca37f4ed247f0abcd33b8a59fedc3bc4c49f05c8588662268f9874b,5447e9350609d8f6254adfd71fd9e42cd82eb081d4322c789da2beb639db1ddf,"{""ecr"": 3574, ""rz"": 12399, ""sx"": 6643, ""x"": 684}",11.737371977000294
0003_dense_grid_line_505,dense_grid_line,4,6,6,penalty_row_xy,frozen,complete_per_row,lexicographic_site_pairs,24,5,True,False,False,False,1584,434,118,3639,4067,981,8dce48a39ca37f4ed247f0abcd33b8a59fedc3bc4c49f05c8588662268f9874b,6ef9bfbf4ffec6a0cdf20baffabb8decb758feb9ba32dc2cfaaf3f1d9951427f,"{""ecr"": 3639, ""rz"": 12467, ""sx"": 6676, ""x"": 757}",10.779911033000644
0003_dense_grid_line_505,dense_grid_line,4,6,6,penalty_row_xy,frozen,complete_per_row,lexicographic_site_pairs,24,5,True,False,False,False,1584,434,119,3657,4807,1137,8dce48a39ca37f4ed247f0abcd33b8a59fedc3bc4c49f05c8588662268f9874b,2e4bd50c25ac2cd3b448293f24c1ee4b4663dbfd72d6022e104e465974e0df81,"{""ecr"": 3657, ""rz"": 12384, ""sx"": 6682, ""x"": 670}",10.616590242000711
0003_dense_grid_line_505,dense_grid_line,4,6,6,penalty_row_xy,frozen,complete_per_row,lexicographic_site_pairs,24,5,True,False,False,False,1584,434,120,3661,4565,1091,8dce48a39ca37f4ed247f0abcd33b8a59fedc3bc4c49f05c8588662268f9874b,bd7a6af8463dbb9914abd4a975cf32a66fac992bdf28d5aad178ae75a714fc62,"{""ecr"": 3661, ""rz"": 12312, ""sx"": 6556, ""x"": 806}",12.601162441999804
0003_dense_grid_line_505,dense_grid_line,4,6,6,token,frozen,line,rotating,19,5,True,False,False,False,1373,1938,101,4352,11554,2910,dbcc848c4b068d925bfc6abe52a9a89b9f97367a8839625c3ffec7818d4da5b8,f75999f8d27fd2cf55533237a06fff7e909efc135729c91782115ff2a550f453,"{""ecr"": 4352, ""rz"": 13440, ""sx"": 7306, ""x"": 827}",15.946002169000167
0003_dense_grid_line_505,dense_grid_line,4,6,6,token,frozen,line,rotating,19,5,True,False,False,False,1373,1938,102,4362,11957,3008,dbcc848c4b068d925bfc6abe52a9a89b9f97367a8839625c3ffec7818d4da5b8,c228d20c4f644cc192f15ca4e1ed91cba65c9cfc1261b90ac10e6f53a83c6cb3,"{""ecr"": 4362, ""rz"": 13494, ""sx"": 7293, ""x"": 812}",11.813879145999636
0003_dense_grid_line_505,dense_grid_line,4,6,6,token,frozen,line,rotating,19,5,True,False,False,False,1373,1938,103,4274,11116,2800,dbcc848c4b068d925bfc6abe52a9a89b9f97367a8839625c3ffec7818d4da5b8,8c052bcf04cbb80281d3131a4fbe374d69152300f843a3d18327c6d6a1897f83,"{""ecr"": 4274, ""rz"": 13204, ""sx"": 7137, ""x"": 849}",20.243046192999827
0003_dense_grid_line_505,dense_grid_line,4,6,6,token,frozen,line,rotating,19,5,True,False,False,False,1373,1938,104,4292,11201,2796,dbcc848c4b068d925bfc6abe52a9a89b9f97367a8839625c3ffec7818d4da5b8,92d7302a11ad5c04d5399ff19eac81fd5399bdecaf154685f3d7a5ad7ef08d53,"{""ecr"": 4292, ""rz"": 13330, ""sx"": 7061, ""x"": 862}",17.813849244000266
0003_dense_grid_line_505,dense_grid_line,4,6,6,token,frozen,line,rotating,19,5,True,False,False,False,1373,1938,105,4311,11510,2909,dbcc848c4b068d925bfc6abe52a9a89b9f97367a8839625c3ffec7818d4da5b8,4cb800ddf7394f90d5d3e1786340b34d80417e711a317366ca12b030c901ffb6,"{""ecr"": 4311, ""rz"": 13300, ""sx"": 7089, ""x"": 845}",26.41083570200044
0003_dense_grid_line_505,dense_grid_line,4,6,6,token,frozen,line,rotating,19,5,True,False,False,False,1373,1938,106,4315,11614,2939,dbcc848c4b068d925bfc6abe52a9a89b9f97367a8839625c3ffec7818d4da5b8,a2d850a60a450b13f148393de4bed65d04d806f2c9bda41f7b70c00864a815ae,"{""ecr"": 4315, ""rz"": 13373, ""sx"": 7194, ""x"": 817}",19.543311174000337
0003_dense_grid_line_505,dense_grid_line,4,6,6,token,frozen,line,rotating,19,5,True,False,False,False,1373,1938,107,4357,11265,2839,dbcc848c4b068d925bfc6abe52a9a89b9f97367a8839625c3ffec7818d4da5b8,211bef0e04fee079f00d2abfe23fd6a0e764300664873035b5704e02c5ff6736,"{""ecr"": 4357, ""rz"": 13541, ""sx"": 7274, ""x"": 820}",18.84775056200033
0003_dense_grid_line_505,dense_grid_line,4,6,6,token,frozen,line,rotating,19,5,True,False,False,False,1373,1938,108,4304,11214,2836,dbcc848c4b068d925bfc6abe52a9a89b9f97367a8839625c3ffec7818d4da5b8,2402d9c3dff500e4732a584ae8547a2dc44ea56931f06046a308e32ee70f74d0,"{""ecr"": 4304, ""rz"": 13425, ""sx"": 7023, ""x"": 913}",23.144352842000444
0003_dense_grid_line_505,dense_grid_line,4,6,6,token,frozen,line,rotating,19,5,True,False,False,False,1373,1938,109,4376,11372,2874,dbcc848c4b068d925bfc6abe52a9a89b9f97367a8839625c3ffec7818d4da5b8,f5b74761f4877e18a86b86223c93cc62390ac1e815257ac25dffc12557b3c20a,"{""ecr"": 4376, ""rz"": 13566, ""sx"": 7275, ""x"": 889}",22.84229650999987
0003_dense_grid_line_505,dense_grid_line,4,6,6,token,frozen,line,rotating,19,5,True,False,False,False,1373,1938,110,4379,11513,2886,dbcc848c4b068d925bfc6abe52a9a89b9f97367a8839625c3ffec7818d4da5b8,827525ee0fe14d1c5c7199755cbf09d494c6ff672aa65829f7165a726712531c,"{""ecr"": 4379, ""rz"": 13708, ""sx"": 7171, ""x"": 906}",23.33262727700003
0003_dense_grid_line_505,dense_grid_line,4,6,6,token,frozen,line,rotating,19,5,True,False,False,False,1373,1938,111,4315,11657,2937,dbcc848c4b068d925bfc6abe52a9a89b9f97367a8839625c3ffec7818d4da5b8,84131488adb33e417b2f4557fc6eff1b822843c92ebabc17fed92f776e66178a,"{""ecr"": 4315, ""rz"": 13268, ""sx"": 7241, ""x"": 768}",20.46015935000014
0003_dense_grid_line_505,dense_grid_line,4,6,6,token,frozen,line,rotating,19,5,True,False,False,False,1373,1938,112,4316,11236,2845,dbcc848c4b068d925bfc6abe52a9a89b9f97367a8839625c3ffec7818d4da5b8,4e9d12009ae14adecbefd294065561755555e7d5f64358ec5d74253346255e6a,"{""ecr"": 4316, ""rz"": 13376, ""sx"": 7141, ""x"": 822}",18.50372403199981
0003_dense_grid_line_505,dense_grid_line,4,6,6,token,frozen,line,rotating,19,5,True,False,False,False,1373,1938,113,4334,11376,2866,dbcc848c4b068d925bfc6abe52a9a89b9f97367a8839625c3ffec7818d4da5b8,8392e6fe38521c290129dbdb79141cabaff245b23920e9fc7f9b3bb93145f218,"{""ecr"": 4334, ""rz"": 13400, ""sx"": 7192, ""x"": 816}",18.925579903000653
0003_dense_grid_line_505,dense_grid_line,4,6,6,token,frozen,line,rotating,19,5,True,False,False,False,1373,1938,114,4379,11278,2845,dbcc848c4b068d925bfc6abe52a9a89b9f97367a8839625c3ffec7818d4da5b8,2008c643682d2b9bc4070bc394575af6939ed036ea281782f11a6068315a4dda,"{""ecr"": 4379, ""rz"": 13461, ""sx"": 7238, ""x"": 828}",18.70261792800011
0003_dense_grid_line_505,dense_grid_line,4,6,6,token,frozen,line,rotating,19,5,True,False,False,False,1373,1938,115,4252,11051,2781,dbcc848c4b068d925bfc6abe52a9a89b9f97367a8839625c3ffec7818d4da5b8,ace4c39f05557e16e33f0768c1ae9d75d0474b65b0f0611aa7b61450f3f63976,"{""ecr"": 4252, ""rz"": 13247, ""sx"": 7154, ""x"": 823}",20.259858123999948
0003_dense_grid_line_505,dense_grid_line,4,6,6,token,frozen,line,rotating,19,5,True,False,False,False,1373,1938,116,4246,11053,2787,dbcc848c4b068d925bfc6abe52a9a89b9f97367a8839625c3ffec7818d4da5b8,a6f9c56ac6a79b7613f96234992d1f36a2af99e23a1a504b0ae4f89d1ab914c8,"{""ecr"": 4246, ""rz"": 13032, ""sx"": 7014, ""x"": 806}",14.942362330999458
0003_dense_grid_line_505,dense_grid_line,4,6,6,token,frozen,line,rotating,19,5,True,False,False,False,1373,1938,117,4352,11710,2940,dbcc848c4b068d925bfc6abe52a9a89b9f97367a8839625c3ffec7818d4da5b8,d912d563e102f5ac3086d5ce2c75e5a41f82202b5e1c1472e5277c782ebf0f87,"{""ecr"": 4352, ""rz"": 13446, ""sx"": 7240, ""x"": 786}",18.133654217000185
0003_dense_grid_line_505,dense_grid_line,4,6,6,token,frozen,line,rotating,19,5,True,False,False,False,1373,1938,118,4374,11760,2967,dbcc848c4b068d925bfc6abe52a9a89b9f97367a8839625c3ffec7818d4da5b8,a7ba424048f48131c32299b8d6a5a1083111a7053252763374578ed020e4d5fc,"{""ecr"": 4374, ""rz"": 13619, ""sx"": 7173, ""x"": 874}",16.96312294100062
0003_dense_grid_line_505,dense_grid_line,4,6,6,token,frozen,line,rotating,19,5,True,False,False,False,1373,1938,119,4382,11290,2833,dbcc848c4b068d925bfc6abe52a9a89b9f97367a8839625c3ffec7818d4da5b8,bf5f9918606f5145dbc1359df54a0929992e799444ec03244b1a26efc8113e0d,"{""ecr"": 4382, ""rz"": 13628, ""sx"": 7236, ""x"": 866}",19.23373913799969
0003_dense_grid_line_505,dense_grid_line,4,6,6,token,frozen,line,rotating,19,5,True,False,False,False,1373,1938,120,4318,11298,2830,dbcc848c4b068d925bfc6abe52a9a89b9f97367a8839625c3ffec7818d4da5b8,da9b3512cf7c3dcf922e3dd518c83d5d4bb0142d26aed0fa8d79f500a1c4c129,"{""ecr"": 4318, ""rz"": 13354, ""sx"": 7236, ""x"": 749}",17.233949346000372
0005_dense_grid_lshape_507,dense_grid_lshape,4,6,5,penalty_row_xy,frozen,complete_per_row,lexicographic_site_pairs,24,5,True,False,False,False,1464,434,101,3475,4450,1071,6bd3cefddd0fd16d11a126e9a7f16d9893701b6031ac44999749e4411ed80d76,afb531997f7ef5a5b6cc7c2f695ac1747f7c21d16027b54a00999a8f9e9fdd24,"{""ecr"": 3475, ""rz"": 11711, ""sx"": 6299, ""x"": 738}",7.358059438000055
0005_dense_grid_lshape_507,dense_grid_lshape,4,6,5,penalty_row_xy,frozen,complete_per_row,lexicographic_site_pairs,24,5,True,False,False,False,1464,434,102,3393,4311,1027,6bd3cefddd0fd16d11a126e9a7f16d9893701b6031ac44999749e4411ed80d76,c8eca97e6a8eb3161c0d080235d9765bee3cc5845356eba95ac2c134680d3934,"{""ecr"": 3393, ""rz"": 11432, ""sx"": 6176, ""x"": 674}",7.8416281179997895
0005_dense_grid_lshape_507,dense_grid_lshape,4,6,5,penalty_row_xy,frozen,complete_per_row,lexicographic_site_pairs,24,5,True,False,False,False,1464,434,103,3480,4814,1148,6bd3cefddd0fd16d11a126e9a7f16d9893701b6031ac44999749e4411ed80d76,c3bdc2599c0e7a65b767bde82b44336eac0fa6f54136d542b2a3ce14c1121243,"{""ecr"": 3480, ""rz"": 11792, ""sx"": 6342, ""x"": 711}",7.493887141999949
0005_dense_grid_lshape_507,dense_grid_lshape,4,6,5,penalty_row_xy,frozen,complete_per_row,lexicographic_site_pairs,24,5,True,False,False,False,1464,434,104,3389,4210,1022,6bd3cefddd0fd16d11a126e9a7f16d9893701b6031ac44999749e4411ed80d76,e85dfd327f2a4edf1e90c5474ce65791758aeda090be176e5e491bb69e9c7183,"{""ecr"": 3389, ""rz"": 11385, ""sx"": 6201, ""x"": 614}",7.564875422999648
0005_dense_grid_lshape_507,dense_grid_lshape,4,6,5,penalty_row_xy,frozen,complete_per_row,lexicographic_site_pairs,24,5,True,False,False,False,1464,434,105,3510,4454,1062,6bd3cefddd0fd16d11a126e9a7f16d9893701b6031ac44999749e4411ed80d76,b67771986672c0172d9d613f80fb7e69b4ee59b669d8d11dcc63abf503e997d8,"{""ecr"": 3510, ""rz"": 11762, ""sx"": 6276, ""x"": 695}",7.698419909999757
0005_dense_grid_lshape_507,dense_grid_lshape,4,6,5,penalty_row_xy,frozen,complete_per_row,lexicographic_site_pairs,24,5,True,False,False,False,1464,434,106,3459,4063,974,6bd3cefddd0fd16d11a126e9a7f16d9893701b6031ac44999749e4411ed80d76,def2cd99c4d3c51c148e617651ab67e8aea41ffbcbfed890427720f053db0cbc,"{""ecr"": 3459, ""rz"": 11729, ""sx"": 6301, ""x"": 652}",8.001334607999524
0005_dense_grid_lshape_507,dense_grid_lshape,4,6,5,penalty_row_xy,frozen,complete_per_row,lexicographic_site_pairs,24,5,True,False,False,False,1464,434,107,3492,4461,1074,6bd3cefddd0fd16d11a126e9a7f16d9893701b6031ac44999749e4411ed80d76,e3c248566f386ab5b202879b60ac13b9f5b614451fe3074a84682642e9522669,"{""ecr"": 3492, ""rz"": 11866, ""sx"": 6488, ""x"": 680}",10.320808567999848
0005_dense_grid_lshape_507,dense_grid_lshape,4,6,5,penalty_row_xy,frozen,complete_per_row,lexicographic_site_pairs,24,5,True,False,False,False,1464,434,108,3431,4780,1147,6bd3cefddd0fd16d11a126e9a7f16d9893701b6031ac44999749e4411ed80d76,3e6debed574ecc11666f4399213280417a756865a76a45d47d6f71c4ef5beb1d,"{""ecr"": 3431, ""rz"": 11530, ""sx"": 6276, ""x"": 697}",10.765759939000418
0005_dense_grid_lshape_507,dense_grid_lshape,4,6,5,penalty_row_xy,frozen,complete_per_row,lexicographic_site_pairs,24,5,True,False,False,False,1464,434,109,3432,4430,1055,6bd3cefddd0fd16d11a126e9a7f16d9893701b6031ac44999749e4411ed80d76,a8cd9b03cb728684cfbc6f30335134780d299cf6e1ce72bb67c72733dee08db7,"{""ecr"": 3432, ""rz"": 11537, ""sx"": 6241, ""x"": 680}",7.994894914000724
0005_dense_grid_lshape_507,dense_grid_lshape,4,6,5,penalty_row_xy,frozen,complete_per_row,lexicographic_site_pairs,24,5,True,False,False,False,1464,434,110,3436,4121,1004,6bd3cefddd0fd16d11a126e9a7f16d9893701b6031ac44999749e4411ed80d76,fe1b4413e7edaace38b2d274ab447494c9ed38343fbc9da84d88af47fd6df27d,"{""ecr"": 3436, ""rz"": 11528, ""sx"": 6211, ""x"": 708}",9.00730915999975
0005_dense_grid_lshape_507,dense_grid_lshape,4,6,5,penalty_row_xy,frozen,complete_per_row,lexicographic_site_pairs,24,5,True,False,False,False,1464,434,111,3367,3937,947,6bd3cefddd0fd16d11a126e9a7f16d9893701b6031ac44999749e4411ed80d76,d5e96c54b6934c796cdfcaba40b87eff12dbe5a0b1d2fd9b2dc67dda1ecac319,"{""ecr"": 3367, ""rz"": 11373, ""sx"": 6183, ""x"": 571}",8.82690832299977
0005_dense_grid_lshape_507,dense_grid_lshape,4,6,5,penalty_row_xy,frozen,complete_per_row,lexicographic_site_pairs,24,5,True,False,False,False,1464,434,112,3393,3631,886,6bd3cefddd0fd16d11a126e9a7f16d9893701b6031ac44999749e4411ed80d76,541da2099f0694b5804a541993210838fffea588951113b2f8caf6039f4be821,"{""ecr"": 3393, ""rz"": 11490, ""sx"": 6229, ""x"": 647}",6.978413439999713
0005_dense_grid_lshape_507,dense_grid_lshape,4,6,5,penalty_row_xy,frozen,complete_per_row,lexicographic_site_pairs,24,5,True,False,False,False,1464,434,113,3507,3892,946,6bd3cefddd0fd16d11a126e9a7f16d9893701b6031ac44999749e4411ed80d76,ecac482f35de359f5fc02a35a066843144581e9506e33d85842073215799b150,"{""ecr"": 3507, ""rz"": 11732, ""sx"": 6263, ""x"": 752}",7.634177254999486
0005_dense_grid_lshape_507,dense_grid_lshape,4,6,5,penalty_row_xy,frozen,complete_per_row,lexicographic_site_pairs,24,5,True,False,False,False,1464,434,114,3511,4354,1045,6bd3cefddd0fd16d11a126e9a7f16d9893701b6031ac44999749e4411ed80d76,be0a01fca4a6983a263344c608e2c1ce4564afe0d843ee5a2075b2af5d8b6d7e,"{""ecr"": 3511, ""rz"": 11749, ""sx"": 6339, ""x"": 709}",7.166543975999957
0005_dense_grid_lshape_507,dense_grid_lshape,4,6,5,penalty_row_xy,frozen,complete_per_row,lexicographic_site_pairs,24,5,True,False,False,False,1464,434,115,3407,4534,1081,6bd3cefddd0fd16d11a126e9a7f16d9893701b6031ac44999749e4411ed80d76,8da773df7f4cb9c33c6f6a0e72ad590e9a67a63d500b259311f071bc83f33964,"{""ecr"": 3407, ""rz"": 11431, ""sx"": 6095, ""x"": 706}",7.792961178000041
0005_dense_grid_lshape_507,dense_grid_lshape,4,6,5,penalty_row_xy,frozen,complete_per_row,lexicographic_site_pairs,24,5,True,False,False,False,1464,434,116,3354,4558,1090,6bd3cefddd0fd16d11a126e9a7f16d9893701b6031ac44999749e4411ed80d76,f212b12463d077c0cef2353bbc63884aead9c6852872675a07cb8e1fe32a7d6c,"{""ecr"": 3354, ""rz"": 11286, ""sx"": 6102, ""x"": 606}",5.897767338000449
0005_dense_grid_lshape_507,dense_grid_lshape,4,6,5,penalty_row_xy,frozen,complete_per_row,lexicographic_site_pairs,24,5,True,False,False,False,1464,434,117,3426,4195,1016,6bd3cefddd0fd16d11a126e9a7f16d9893701b6031ac44999749e4411ed80d76,4aa2a98df43ab8f112a6ed045bb4328fdc1b4f6d0b56ba032090b260cc31027a,"{""ecr"": 3426, ""rz"": 11647, ""sx"": 6211, ""x"": 700}",7.608150635999664
0005_dense_grid_lshape_507,dense_grid_lshape,4,6,5,penalty_row_xy,frozen,complete_per_row,lexicographic_site_pairs,24,5,True,False,False,False,1464,434,118,3464,4643,1106,6bd3cefddd0fd16d11a126e9a7f16d9893701b6031ac44999749e4411ed80d76,6a6ab46eb8740986ffca90cb2be7c77aaa41e64635c77071c4becc750941b8f1,"{""ecr"": 3464, ""rz"": 11702, ""sx"": 6329, ""x"": 665}",8.923686448000808
0005_dense_grid_lshape_507,dense_grid_lshape,4,6,5,penalty_row_xy,frozen,complete_per_row,lexicographic_site_pairs,24,5,True,False,False,False,1464,434,119,3293,3786,909,6bd3cefddd0fd16d11a126e9a7f16d9893701b6031ac44999749e4411ed80d76,be2964ac20c4631396fd104525e2f3efbd36c8c71f9611bfb0116f8e5e82a767,"{""ecr"": 3293, ""rz"": 11180, ""sx"": 5975, ""x"": 659}",6.667143949000092
0005_dense_grid_lshape_507,dense_grid_lshape,4,6,5,penalty_row_xy,frozen,complete_per_row,lexicographic_site_pairs,24,5,True,False,False,False,1464,434,120,3460,4336,1036,6bd3cefddd0fd16d11a126e9a7f16d9893701b6031ac44999749e4411ed80d76,618ed144e5dd10189008396ff4d80df03aa355801681fe47d8def00eb43868cd,"{""ecr"": 3460, ""rz"": 11578, ""sx"": 6228, ""x"": 656}",6.34755229899929
0005_dense_grid_lshape_507,dense_grid_lshape,4,6,5,token,frozen,line,rotating,19,5,True,False,False,False,1273,1793,101,3898,10283,2604,2e1311d6527d083b4a0f90a80e7f4c5c908118270d587d82de6802af68df19ba,4d14dac75979a33a399624fb31ef4e3f4d7ea946d1873b7f65a6e0d4737eb5d3,"{""ecr"": 3898, ""rz"": 12056, ""sx"": 6503, ""x"": 795}",10.519297085999824
0005_dense_grid_lshape_507,dense_grid_lshape,4,6,5,token,frozen,line,rotating,19,5,True,False,False,False,1273,1793,102,3852,9842,2477,2e1311d6527d083b4a0f90a80e7f4c5c908118270d587d82de6802af68df19ba,f22e9e8f4605fd1ec9d699941342fdf7e5002f7e0f2a98433567d81bb132ed71,"{""ecr"": 3852, ""rz"": 11917, ""sx"": 6425, ""x"": 807}",10.309391974999926
0005_dense_grid_lshape_507,dense_grid_lshape,4,6,5,token,frozen,line,rotating,19,5,True,False,False,False,1273,1793,103,3857,10203,2543,2e1311d6527d083b4a0f90a80e7f4c5c908118270d587d82de6802af68df19ba,57dcf48c56866a5152589636587306c70bf0d12b59dfa1428a743a7bd6aa8277,"{""ecr"": 3857, ""rz"": 12066, ""sx"": 6464, ""x"": 779}",14.030135327000608
0005_dense_grid_lshape_507,dense_grid_lshape,4,6,5,token,frozen,line,rotating,19,5,True,False,False,False,1273,1793,104,3841,10122,2542,2e1311d6527d083b4a0f90a80e7f4c5c908118270d587d82de6802af68df19ba,04fc581d99aa4ec8291836695573b2516075490d4aef855cb5589086eabe5dbf,"{""ecr"": 3841, ""rz"": 11963, ""sx"": 6486, ""x"": 732}",13.432160091000696
0005_dense_grid_lshape_507,dense_grid_lshape,4,6,5,token,frozen,line,rotating,19,5,True,False,False,False,1273,1793,105,3960,10262,2594,2e1311d6527d083b4a0f90a80e7f4c5c908118270d587d82de6802af68df19ba,5c9364b570ea881993818eadcd2218c2e495ff08e2435db86b1c316666c8f993,"{""ecr"": 3960, ""rz"": 12309, ""sx"": 6566, ""x"": 782}",17.870010352999998
0005_dense_grid_lshape_507,dense_grid_lshape,4,6,5,token,frozen,line,rotating,19,5,True,False,False,False,1273,1793,106,3911,10405,2630,2e1311d6527d083b4a0f90a80e7f4c5c908118270d587d82de6802af68df19ba,be1521d403cd2b7e0ee4a46d34fcb646a71dae712f37aad14cb776987267e83f,"{""ecr"": 3911, ""rz"": 12071, ""sx"": 6538, ""x"": 729}",13.562357657000575
0005_dense_grid_lshape_507,dense_grid_lshape,4,6,5,token,frozen,line,rotating,19,5,True,False,False,False,1273,1793,107,3907,10411,2609,2e1311d6527d083b4a0f90a80e7f4c5c908118270d587d82de6802af68df19ba,7ce88fcb36b52f22f0cc18ed3b4ff88a91e4cd93330569dfd4cc9c87c20ed27d,"{""ecr"": 3907, ""rz"": 12156, ""sx"": 6509, ""x"": 729}",9.742170903999977
0005_dense_grid_lshape_507,dense_grid_lshape,4,6,5,token,frozen,line,rotating,19,5,True,False,False,False,1273,1793,108,3882,10241,2609,2e1311d6527d083b4a0f90a80e7f4c5c908118270d587d82de6802af68df19ba,cdd4b007e43f27d7339dcac38c697b4527caf2189750690fed22122cc644a26d,"{""ecr"": 3882, ""rz"": 11953, ""sx"": 6435, ""x"": 755}",11.627686906000235
0005_dense_grid_lshape_507,dense_grid_lshape,4,6,5,token,frozen,line,rotating,19,5,True,False,False,False,1273,1793,109,3901,10235,2574,2e1311d6527d083b4a0f90a80e7f4c5c908118270d587d82de6802af68df19ba,fae8c333797abe452c7c2e7598c9ff0a677c06a8a5534313cf5cd240d8624dbf,"{""ecr"": 3901, ""rz"": 12102, ""sx"": 6480, ""x"": 777}",14.47810681700048
0005_dense_grid_lshape_507,dense_grid_lshape,4,6,5,token,frozen,line,rotating,19,5,True,False,False,False,1273,1793,110,3921,10440,2642,2e1311d6527d083b4a0f90a80e7f4c5c908118270d587d82de6802af68df19ba,e15b66b16a898d7e5a42fbc0ca6cc8fb36e66b75777cb3f746d2996041fad9aa,"{""ecr"": 3921, ""rz"": 12155, ""sx"": 6527, ""x"": 782}",14.900915440999597
0005_dense_grid_lshape_507,dense_grid_lshape,4,6,5,token,frozen,line,rotating,19,5,True,False,False,False,1273,1793,111,3898,10189,2563,2e1311d6527d083b4a0f90a80e7f4c5c908118270d587d82de6802af68df19ba,519eeb514bd326824996e3484dc06a00eacf4968ff46a3ca1f23d4dd6297bb53,"{""ecr"": 3898, ""rz"": 12102, ""sx"": 6481, ""x"": 751}",14.121583307000037
0005_dense_grid_lshape_507,dense_grid_lshape,4,6,5,token,frozen,line,rotating,19,5,True,False,False,False,1273,1793,112,3927,10384,2607,2e1311d6527d083b4a0f90a80e7f4c5c908118270d587d82de6802af68df19ba,374cc02c389bd8d0f1b558bba01beed1f46de5ec79e6e238fd372059ed1b1d2d,"{""ecr"": 3927, ""rz"": 12035, ""sx"": 6567, ""x"": 743}",11.978232323000157
0005_dense_grid_lshape_507,dense_grid_lshape,4,6,5,token,frozen,line,rotating,19,5,True,False,False,False,1273,1793,113,3815,9952,2493,2e1311d6527d083b4a0f90a80e7f4c5c908118270d587d82de6802af68df19ba,0a5d650df8f3c4a34bba4da85ac6c980437aaa080223d4a7d7d657967fc9f686,"{""ecr"": 3815, ""rz"": 11896, ""sx"": 6357, ""x"": 829}",14.482317668999713
0005_dense_grid_lshape_507,dense_grid_lshape,4,6,5,token,frozen,line,rotating,19,5,True,False,False,False,1273,1793,114,3961,10459,2610,2e1311d6527d083b4a0f90a80e7f4c5c908118270d587d82de6802af68df19ba,464033e19faf69e0236b9b55e20fb024e940e8cd84a7617f5c28be9adc6aff82,"{""ecr"": 3961, ""rz"": 12391, ""sx"": 6696, ""x"": 773}",17.656076235999535
0005_dense_grid_lshape_507,dense_grid_lshape,4,6,5,token,frozen,line,rotating,19,5,True,False,False,False,1273,1793,115,3936,10442,2628,2e1311d6527d083b4a0f90a80e7f4c5c908118270d587d82de6802af68df19ba,823c08b4c64628a291c93b4c040cc6bb7a21d946fc4f588e025428d6d3e4ac23,"{""ecr"": 3936, ""rz"": 12269, ""sx"": 6659, ""x"": 765}",10.403624439999476
0005_dense_grid_lshape_507,dense_grid_lshape,4,6,5,token,frozen,line,rotating,19,5,True,False,False,False,1273,1793,116,3945,10214,2586,2e1311d6527d083b4a0f90a80e7f4c5c908118270d587d82de6802af68df19ba,d3835f7cb147b81654dfe9b702fbdb2cc81ad5c8b1cfd0e0b5d961bc543a7409,"{""ecr"": 3945, ""rz"": 12152, ""sx"": 6526, ""x"": 818}",12.539799612000024
0005_dense_grid_lshape_507,dense_grid_lshape,4,6,5,token,frozen,line,rotating,19,5,True,False,False,False,1273,1793,117,3909,10198,2554,2e1311d6527d083b4a0f90a80e7f4c5c908118270d587d82de6802af68df19ba,c63b349c94e7996121cd6989a5138adbed756b726e23efa5888ebbec2515d338,"{""ecr"": 3909, ""rz"": 12129, ""sx"": 6461, ""x"": 826}",13.184344294000766
0005_dense_grid_lshape_507,dense_grid_lshape,4,6,5,token,frozen,line,rotating,19,5,True,False,False,False,1273,1793,118,3881,10630,2675,2e1311d6527d083b4a0f90a80e7f4c5c908118270d587d82de6802af68df19ba,1e7e0127c06c11f08f7e5bea8b789e4804f372974550f7845a7068d8f0fcdd3b,"{""ecr"": 3881, ""rz"": 11970, ""sx"": 6525, ""x"": 806}",9.009354695000184
0005_dense_grid_lshape_507,dense_grid_lshape,4,6,5,token,frozen,line,rotating,19,5,True,False,False,False,1273,1793,119,3793,10153,2544,2e1311d6527d083b4a0f90a80e7f4c5c908118270d587d82de6802af68df19ba,d741469ca05769abc5e043c7c2132089adca920edfa1dc9700d9a6c6ec54fa97,"{""ecr"": 3793, ""rz"": 11756, ""sx"": 6486, ""x"": 723}",12.16631522300031
0005_dense_grid_lshape_507,dense_grid_lshape,4,6,5,token,frozen,line,rotating,19,5,True,False,False,False,1273,1793,120,3902,10250,2573,2e1311d6527d083b4a0f90a80e7f4c5c908118270d587d82de6802af68df19ba,553952e04516b179ff4aa5e205781886a61e4d6b2480a5a292110d6267cb640f,"{""ecr"": 3902, ""rz"": 12073, ""sx"": 6527, ""x"": 764}",14.914762069999597
