instance_id,family,cohort,method,topology,seed,active_qubits,parameters,circuit_sha256,logical_cx,logical_depth,native_gate,routed_two_qubit,routed_depth,routed_two_qubit_depth,routed_sha256,runtime_seconds,mixer_cx,mixer_depth,dependency_stages
fresh4_dense_grid_lshape_904502,dense_grid_lshape,confirmation,serial,sherbrooke,101,19,5,daf528bb5aee4507ff1937bfe3851547fef651ad55ba7cd2b41831f0cc08ceb2,1385,2004,ecr,4440,12831,2853,0f1df8a6e1da8c6468937c9a46e05f9df1e74328733be7bcbd7f681f7fb7803f,7.672934528905898,195,276,3
fresh4_dense_grid_lshape_904502,dense_grid_lshape,confirmation,serial,sherbrooke,102,19,5,daf528bb5aee4507ff1937bfe3851547fef651ad55ba7cd2b41831f0cc08ceb2,1385,2004,ecr,4471,11406,2789,326820b18d352e12078160bf6b54e4b7208e2e00baaf35799086c3b8d62a1080,7.01087572099641,195,276,3
fresh4_dense_grid_lshape_904502,dense_grid_lshape,confirmation,serial,sherbrooke,103,19,5,daf528bb5aee4507ff1937bfe3851547fef651ad55ba7cd2b41831f0cc08ceb2,1385,2004,ecr,4317,11830,2864,3eb9c5090d92f93cff2c933ffc641cdc3e73a94b036d72c8c7d016adf3a7efd7,7.155769778881222,195,276,3
fresh4_dense_grid_lshape_904502,dense_grid_lshape,confirmation,serial,sherbrooke,104,19,5,daf528bb5aee4507ff1937bfe3851547fef651ad55ba7cd2b41831f0cc08ceb2,1385,2004,ecr,4324,12328,2797,03cfa85cd010f7acb99699439e378d1abddfa85105a732baed4d3f5bb1477223,7.316415433771908,195,276,3
fresh4_dense_grid_lshape_904502,dense_grid_lshape,confirmation,serial,sherbrooke,105,19,5,daf528bb5aee4507ff1937bfe3851547fef651ad55ba7cd2b41831f0cc08ceb2,1385,2004,ecr,4456,11809,2912,ed258e39cefdcc650f31a9a400807d9b3adce75b5758d0332c2b7bfe86515aed,6.989882747177035,195,276,3
fresh4_dense_grid_lshape_904502,dense_grid_lshape,confirmation,parallel,sherbrooke,101,21,5,ece573d954ffa6c17314feb6626b810110504ca7a2b8c27663228a87dc8108e9,1385,1688,ecr,4366,10035,2421,7a544ac98517df5eb02b73334f3ad9e24e912df0b960002765cd803dea76db30,7.216994349844754,195,170,3
fresh4_dense_grid_lshape_904502,dense_grid_lshape,confirmation,parallel,sherbrooke,102,21,5,ece573d954ffa6c17314feb6626b810110504ca7a2b8c27663228a87dc8108e9,1385,1688,ecr,4420,9871,2447,a14d3fdcc3cdc4e8db16340cbfa07f43df6b47ca17ec168e88e4afd6bd331f26,7.477810202632099,195,170,3
fresh4_dense_grid_lshape_904502,dense_grid_lshape,confirmation,parallel,sherbrooke,103,21,5,ece573d954ffa6c17314feb6626b810110504ca7a2b8c27663228a87dc8108e9,1385,1688,ecr,4358,9950,2409,6a2f219cc25e4af5d34f2b455a8259d4e56094d3afcf02238e4b83b5b702ecc7,7.955136632081121,195,170,3
fresh4_dense_grid_lshape_904502,dense_grid_lshape,confirmation,parallel,sherbrooke,104,21,5,ece573d954ffa6c17314feb6626b810110504ca7a2b8c27663228a87dc8108e9,1385,1688,ecr,4424,11118,2470,82f5ffef558743a9d522fd956f8a22bb612d25d45b5b8377cb7f5bafdd10400c,7.406502074096352,195,170,3
fresh4_dense_grid_lshape_904502,dense_grid_lshape,confirmation,parallel,sherbrooke,105,21,5,ece573d954ffa6c17314feb6626b810110504ca7a2b8c27663228a87dc8108e9,1385,1688,ecr,4336,10061,2461,27731169eedf35838ced994b46fdd6f0b7751c7675606e673ed85c22aa2d32a5,7.254110386129469,195,170,3
fresh4_dense_grid_lshape_904502,dense_grid_lshape,confirmation,complete,sherbrooke,101,24,5,16602c3cdfa533400c25212d7e99cc36b530b8d40f80b4dc78c974eff585e871,1584,587,ecr,2942,2935,625,9401937087af99cee62e9c849341bfee4626c89a137239bfbc3cebf3743ad31e,4.584756455849856,,,
fresh4_dense_grid_lshape_904502,dense_grid_lshape,confirmation,complete,sherbrooke,102,24,5,16602c3cdfa533400c25212d7e99cc36b530b8d40f80b4dc78c974eff585e871,1584,587,ecr,2830,2736,575,e2d0ecd8edce9f3877fb5fe80ad1181a47896fc4370891879f2bb8a6acfc32af,4.485896864905953,,,
fresh4_dense_grid_lshape_904502,dense_grid_lshape,confirmation,complete,sherbrooke,103,24,5,16602c3cdfa533400c25212d7e99cc36b530b8d40f80b4dc78c974eff585e871,1584,587,ecr,3044,3351,724,3bedc311c468e99d82f95c1a992130c01e6779d170c7f5c7026fa03626d82093,4.3889565649442375,,,
fresh4_dense_grid_lshape_904502,dense_grid_lshape,confirmation,complete,sherbrooke,104,24,5,16602c3cdfa533400c25212d7e99cc36b530b8d40f80b4dc78c974eff585e871,1584,587,ecr,3072,3267,704,0d69cc173f401130d4373af47ae2ced81ee02e4f9d0ce456c8073509e0207bf7,5.199187177233398,,,
fresh4_dense_grid_lshape_904502,dense_grid_lshape,confirmation,complete,sherbrooke,105,24,5,16602c3cdfa533400c25212d7e99cc36b530b8d40f80b4dc78c974eff585e871,1584,587,ecr,3170,3514,780,b36e96481435c94e9f309504d0b5580cecdc95d038246f0d818e2ef22c0ae0a6,4.719943863805383,,,
