window_id,design,selection_stratum,split,objective_shots,seed,graph,schedule,p,edge_layers,optimizer,objective,objective_evaluation_budget,objective_evaluations,total_objective_shots,initial_hpwl_dbu,exact_hpwl_dbu,exact_opportunity_dbu,expected_hpwl_dbu,cvar_0.25_hpwl_dbu,probability_beating_initial,optimal_probability,expected_best_64_hpwl_dbu,expected_best_64_gap_closure,expected_best_256_hpwl_dbu,expected_best_256_gap_closure,expected_best_4096_hpwl_dbu,expected_best_4096_gap_closure,sampled_best_4096_hpwl_dbu,sampled_best_4096_gap_closure,sampled_best_4096_assignment,sampled_exact_hit_4096,objective_estimator_rmse,optimizer_success,optimizer_message,optimizer_runtime_seconds,parameters
gcd_w0000,gcd,low_connectivity,finite_shot_holdout,8192,11,ring,reversed,3,18,COBYLA,beat_initial,40,25,204800,48554.0,48554.0,0.0,73783.64379929818,54325.93745761514,0.0,0.08214628654705834,48584.819744221124,,48554.00000217525,,48554.0,,48554.0,,"[0, 1, 2, 3]",True,0.0,True,Optimization terminated successfully.,0.017897367477416992,"[3.1422765089348568, 0.41989403250492335, 1.5952907483666152, 0.1861433993136087, 1.0412381609744688, 0.1203520100389062]"
gcd_w0000,gcd,low_connectivity,finite_shot_holdout,8192,17,ring,reversed,3,18,COBYLA,beat_initial,40,25,204800,48554.0,48554.0,0.0,72664.58096362995,53532.90847127821,0.0,0.09768768141158653,48564.30377412581,,48554.000000027474,,48554.0,,48554.0,,"[0, 1, 2, 3]",True,0.0,True,Optimization terminated successfully.,0.01784229278564453,"[3.1636179026599103, 0.3994677072316477, 1.5599968964898265, 0.1711447037123134, 1.0093051257998125, 0.13127245971924043]"
gcd_w0000,gcd,low_connectivity,finite_shot_holdout,8192,23,ring,reversed,3,18,COBYLA,beat_initial,40,25,204800,48554.0,48554.0,0.0,70115.97810062917,51734.374849824606,0.0,0.1475496681816353,48554.27008998457,,48554.0,,48554.0,,48554.0,,"[0, 1, 2, 3]",True,0.0,True,Optimization terminated successfully.,0.017836809158325195,"[3.152657865367568, 0.3970510938831136, 1.569636527037566, 0.14997081895493075, 1.0558274345507745, 0.08837409821055706]"
gcd_w0000,gcd,low_connectivity,finite_shot_holdout,8192,29,ring,reversed,3,18,COBYLA,beat_initial,40,25,204800,48554.0,48554.0,0.0,73134.20739588805,53911.78219140127,0.0,0.09014303363149616,48571.575266905194,,48554.00000023151,,48554.0,,48554.0,,"[0, 1, 2, 3]",True,0.0,True,Optimization terminated successfully.,0.017740964889526367,"[3.1337552567512486, 0.39369748972919105, 1.5674925234812087, 0.19299015304635286, 1.0484498687468329, 0.12638547227303273]"
gcd_w0001,gcd,low_connectivity,finite_shot_holdout,8192,11,ring,reversed,3,18,COBYLA,beat_initial,40,36,294912,116508.0,113778.0,2730.0,117315.12996368967,114422.13607500202,0.3006534926108531,0.0012133630189250576,113846.73276531283,0.9748231628890731,113829.29974671888,0.981208883985757,113778.48458748696,0.9998224954260204,113778.0,1.0,"[1, 0, 4, 3]",True,0.0052613914736760895,True,Optimization terminated successfully.,0.024158954620361328,"[3.1424570085935715, 0.41980890084759226, 1.5953573817435645, 0.18659081872750047, 1.0413130697222543, 0.11948602100042]"
gcd_w0001,gcd,low_connectivity,finite_shot_holdout,8192,17,ring,reversed,3,18,COBYLA,beat_initial,40,40,327680,116508.0,113778.0,2730.0,117082.6875694801,114432.6345187789,0.30635173995650006,0.0008214291673663686,113846.39914900486,0.9749453666648847,113834.7197778783,0.9792235245867029,113780.41702811961,0.9991146417144275,113778.0,1.0,"[1, 0, 4, 3]",True,0.005305651523842132,False,Maximum number of function evaluations has been exceeded.,0.02667546272277832,"[3.19729306350438, 0.3819842449189182, 1.7464814231604113, 0.12038729266932198, 1.027228299738642, 0.17036895591396822]"
gcd_w0001,gcd,low_connectivity,finite_shot_holdout,8192,23,ring,reversed,3,18,COBYLA,beat_initial,40,36,294912,116508.0,113778.0,2730.0,117119.26618122336,114420.51393294039,0.30603267910133913,0.0008738532495866988,113846.33813177067,0.9749677173001222,113833.96301453916,0.9795007272750342,113779.94960644149,0.9992858584463424,113778.0,1.0,"[1, 0, 4, 3]",True,0.004991003706537925,True,Optimization terminated successfully.,0.023751497268676758,"[3.1613637906469445, 0.39635919792584046, 1.5725876033591195, 0.148135751718402, 1.2576579786190138, 0.13783600509569877]"
gcd_w0001,gcd,low_connectivity,finite_shot_holdout,8192,29,ring,reversed,3,18,COBYLA,beat_initial,40,37,303104,116508.0,113778.0,2730.0,117254.75389943956,114427.13210738798,0.30288573722757345,0.0011848676238562295,113846.3294479134,0.9749708982002178,113829.67578761266,0.981071140068621,113778.5446564616,0.9998004921386082,113778.0,1.0,"[1, 0, 4, 3]",True,0.0052364702413599555,True,Optimization terminated successfully.,0.02420186996459961,"[3.3348567828885067, 0.39440444442107975, 1.767746823093916, 0.19388841444880206, 1.0486389157148617, 0.12656063142157148]"
gcd_w0002,gcd,low_connectivity,finite_shot_holdout,8192,11,ring,reversed,3,18,COBYLA,beat_initial,40,40,327680,106526.0,106456.0,70.0,113347.40843484296,106532.89568737443,0.003885353491141319,0.003885353491141319,106510.56260535096,0.22053420927196773,106481.83958049919,0.6308631357258752,106456.0000083195,0.9999998811499349,106456.0,1.0,"[0, 5, 2, 3]",True,0.0006944558878500586,True,Optimization terminated successfully.,0.02563929557800293,"[3.134954238094495, 0.4066321645456717, 1.5842296878378224, 0.18269958898186192, 1.086892254596462, 0.11978608367126505]"
gcd_w0002,gcd,low_connectivity,finite_shot_holdout,8192,17,ring,reversed,3,18,COBYLA,beat_initial,40,40,327680,106526.0,106456.0,70.0,113000.13283177617,106524.67630768134,0.0047274725666075455,0.0047274725666075455,106507.68768791082,0.2616044584169036,106476.80914483216,0.7027265023976464,106456.00000026038,0.9999999962803225,106456.0,1.0,"[0, 5, 2, 3]",True,0.0006779062870956756,False,Maximum number of function evaluations has been exceeded.,0.025140047073364258,"[3.41266136209518, 0.30897844610442193, 1.5432398685812332, 0.23111061218786508, 0.9843609317574931, 0.14108476048986573]"
gcd_w0002,gcd,low_connectivity,finite_shot_holdout,8192,23,ring,reversed,3,18,COBYLA,beat_initial,40,35,286720,106526.0,106456.0,70.0,114746.61133929901,107539.6882295621,0.005381206736592594,0.005381206736592594,106505.57522771443,0.29178246122236096,106473.58746480073,0.748750502846711,106456.00000001765,0.999999999747836,106456.0,1.0,"[0, 5, 2, 3]",True,0.0007746205973105583,True,Optimization terminated successfully.,0.023217439651489258,"[3.3538697079498285, 0.39800230371138146, 1.569642948442257, 0.15092690322188757, 1.0562942857935718, 0.28815302358587913]"
gcd_w0002,gcd,low_connectivity,finite_shot_holdout,8192,29,ring,reversed,3,18,COBYLA,beat_initial,40,33,270336,106526.0,106456.0,70.0,116067.04082480799,108967.70084585066,0.0036980577661655505,0.0036980577661655505,106512.35051030201,0.19499270997122428,106483.11365960968,0.6126620055760473,106456.00001796964,0.9999997432909108,106456.0,1.0,"[0, 5, 2, 3]",True,0.0006536397227713167,True,Optimization terminated successfully.,0.021554231643676758,"[3.1332428280646036, 0.39352664414343963, 1.5671874015950096, 0.39349760842580445, 1.0482690378595616, 0.12695548849172247]"
gcd_w0003,gcd,low_connectivity,finite_shot_holdout,8192,11,ring,reversed,3,18,COBYLA,beat_initial,40,40,327680,118619.0,118279.0,340.0,123875.11810638996,118445.58269791905,0.1275127221183478,0.1275127221183478,118279.05496187143,0.9998383474369749,118279.00000000001,0.9999999999999571,118279.0,1.0,118279.0,1.0,"[5, 1, 2, 3]",True,0.003229650801703573,False,Maximum number of function evaluations has been exceeded.,0.026064634323120117,"[3.3322885336565564, 0.25872676852453996, 2.071143271561653, 0.13633776978148568, 1.0488639714271695, 0.20359709950557445]"
gcd_w0003,gcd,low_connectivity,finite_shot_holdout,8192,17,ring,reversed,3,18,COBYLA,beat_initial,40,40,327680,118619.0,118279.0,340.0,124755.11741913455,118457.26688760013,0.11892140617636926,0.11892140617636926,118279.10290027472,0.9996973521331657,118278.99999999999,1.0000000000000429,118279.0,1.0,118279.0,1.0,"[5, 1, 2, 3]",True,0.0037543919448900687,False,Maximum number of function evaluations has been exceeded.,0.02668476104736328,"[3.253511071816866, 0.3174067293406432, 1.7894477785515477, 0.10071530589114779, 1.041395597039141, 0.20883370198460505]"
gcd_w0003,gcd,low_connectivity,finite_shot_holdout,8192,23,ring,reversed,3,18,COBYLA,beat_initial,40,40,327680,118619.0,118279.0,340.0,124144.28094686764,118435.79414455414,0.13471018782784333,0.13471018782784333,118279.03234600912,0.9999048646790685,118279.0,1.0,118279.0,1.0,118279.0,1.0,"[5, 1, 2, 3]",True,0.0035639480743250344,False,Maximum number of function evaluations has been exceeded.,0.027777910232543945,"[3.1138713961024784, 0.24078947982022353, 1.7580665391347303, 0.03780986294481324, 1.1802799994699136, 0.33656802253739404]"
gcd_w0003,gcd,low_connectivity,finite_shot_holdout,8192,29,ring,reversed,3,18,COBYLA,beat_initial,40,40,327680,118619.0,118279.0,340.0,124302.98410079001,118461.29295559725,0.11596106206084397,0.11596106206084397,118279.12754050815,0.99962488085837,118279.0,1.0,118279.0,1.0,118279.0,1.0,"[5, 1, 2, 3]",True,0.003152773231909633,False,Maximum number of function evaluations has been exceeded.,0.026695966720581055,"[3.265032754198714, 0.2452261561296457, 1.7838817375456162, 0.16875687734350378, 1.0990967858659801, 0.15907842472222775]"
gcd_w0004,gcd,medium_connectivity,finite_shot_holdout,8192,11,ring,reversed,3,18,COBYLA,beat_initial,40,40,327680,163540.0,157255.0,6285.0,168966.03720317985,161006.49937813164,0.2778019584712787,0.015396812887679929,158023.9276313517,0.8776567014555785,157274.03948950348,0.9969706460614981,157255.0,1.0,157255.0,1.0,"[4, 0, 5, 3]",True,0.004295072876712023,False,Maximum number of function evaluations has been exceeded.,0.02631974220275879,"[3.2383288540069652, 0.5887981772210604, 1.627971154163101, 0.6286040045274124, 1.1675179433093736, 0.8266418015257706]"
gcd_w0004,gcd,medium_connectivity,finite_shot_holdout,8192,17,ring,reversed,3,18,COBYLA,beat_initial,40,40,327680,163540.0,157255.0,6285.0,168923.51264907213,160914.85909020607,0.2800060095411223,0.018913207505040622,157867.20529076704,0.9025926347228251,157263.02247436316,0.9987235522095218,157255.0,1.0,157255.0,1.0,"[4, 0, 5, 3]",True,0.0050328475345493675,False,Maximum number of function evaluations has been exceeded.,0.028371810913085938,"[3.053758351954179, 0.6486979879294512, 1.449023590133365, 0.5921117464472307, 1.321187393634725, 0.862390400712686]"
gcd_w0004,gcd,medium_connectivity,finite_shot_holdout,8192,23,ring,reversed,3,18,COBYLA,beat_initial,40,40,327680,163540.0,157255.0,6285.0,167055.1394588354,160369.7334912166,0.39518859323311334,0.022744256363108676,157857.9121932738,0.9040712500757668,157261.4490029912,0.9989739056497696,157255.0,1.0,157255.0,1.0,"[4, 0, 5, 3]",True,0.004836975549016162,False,Maximum number of function evaluations has been exceeded.,0.0279233455657959,"[3.3963179775960737, 1.350972003281062, 1.2711968665874902, 0.35779088296147715, 0.9104710952721317, 0.9919727132783975]"
gcd_w0004,gcd,medium_connectivity,finite_shot_holdout,8192,29,ring,reversed,3,18,COBYLA,beat_initial,40,40,327680,163540.0,157255.0,6285.0,168988.0174429326,161031.28075712634,0.27602570867867343,0.01386334862989954,158093.97800325518,0.866511057556853,157282.90678390572,0.9955597798081585,157255.0,1.0,157255.0,1.0,"[4, 0, 5, 3]",True,0.004932523346912214,False,Maximum number of function evaluations has been exceeded.,0.026205062866210938,"[3.342643834217099, 0.541336993260573, 1.7482374951146649, 0.6843965853249048, 1.286394739762028, 0.8238282395285085]"
gcd_w0005,gcd,medium_connectivity,finite_shot_holdout,8192,11,ring,reversed,3,18,COBYLA,beat_initial,40,40,327680,179500.0,156361.0,23139.0,186409.55467261648,173196.76225204824,0.2001103722844336,0.0033221607463874868,166704.9923467998,0.5529628615411303,160194.35711377332,0.8343335012847002,156361.00085852796,0.999999962896929,156361.0,1.0,"[0, 2, 3, 1]",True,0.0038643125004940494,False,Maximum number of function evaluations has been exceeded.,0.026743650436401367,"[3.17722113317973, 0.2232466251646504, 1.871345800297113, 0.20549423667317773, 1.0446830960893516, 0.14543310867552775]"
gcd_w0005,gcd,medium_connectivity,finite_shot_holdout,8192,17,ring,reversed,3,18,COBYLA,beat_initial,40,40,327680,179500.0,156361.0,23139.0,186083.21596063484,173356.93938790789,0.19792541369612898,0.0023219361027264794,167856.09754833332,0.503215456660473,162158.07177995428,0.7494674886574927,156361.06472218657,0.9999972028961249,156361.0,1.0,"[0, 2, 3, 1]",True,0.004575307363639229,False,Maximum number of function evaluations has been exceeded.,0.02752232551574707,"[3.423944425435534, 0.3183630974721644, 1.7561690161262116, 0.12605340199216297, 1.2114275650264774, 0.11004806745259153]"
gcd_w0005,gcd,medium_connectivity,finite_shot_holdout,8192,23,ring,reversed,3,18,COBYLA,beat_initial,40,38,311296,179500.0,156361.0,23139.0,188368.2895067965,173887.75167945825,0.17992306901468724,0.0022662613063557584,167487.0310182931,0.5191654341893291,161485.11240959988,0.7785508271921915,156361.0667569796,0.9999971149583132,156361.0,1.0,"[0, 2, 3, 1]",True,0.004013251390106052,True,Optimization terminated successfully.,0.026397228240966797,"[3.155093135162926, 0.39689883754342636, 1.7687140873006848, 0.14897286732883955, 1.2060072041993763, 0.08880061758000779]"
gcd_w0005,gcd,medium_connectivity,finite_shot_holdout,8192,29,ring,reversed,3,18,COBYLA,beat_initial,40,40,327680,179500.0,156361.0,23139.0,186031.01459696912,173230.32064111135,0.20115194687275403,0.0026438746540462716,167464.8162313261,0.5201254924013089,161420.21222270213,0.7813556237217627,156361.01544635172,0.9999993324537912,156361.0,1.0,"[0, 2, 3, 1]",True,0.004338549005187384,False,Maximum number of function evaluations has been exceeded.,0.028847932815551758,"[3.273175352956368, 0.3031902515184178, 1.8150959083131584, 0.09219069500112803, 1.041218486913231, 0.1688506599994862]"
gcd_w0006,gcd,medium_connectivity,finite_shot_holdout,8192,11,ring,reversed,3,18,COBYLA,beat_initial,40,33,270336,136808.0,135057.0,1751.0,152099.90177138953,142340.77295408188,0.003037029892766304,0.0007818746112074594,137071.45080200734,-0.1504573398100176,136373.14840112848,0.24834471665992153,135103.10579376054,0.9736688784919837,135057.0,1.0,"[0, 4, 2, 1]",True,0.0005771080463638023,True,Optimization terminated successfully.,0.022571802139282227,"[3.142329849626749, 0.6201385367335956, 1.594661956633264, 0.18600657696199668, 1.0407046372947149, 0.1208405031668621]"
gcd_w0006,gcd,medium_connectivity,finite_shot_holdout,8192,17,ring,reversed,3,18,COBYLA,beat_initial,40,40,327680,136808.0,135057.0,1751.0,152992.16185518375,142293.7175116437,0.015255097981333223,0.004587414544172462,136292.80222516408,0.2942305967081213,135242.27126419716,0.894191168362559,135057.00000201887,0.9999999988470163,135057.0,1.0,"[0, 4, 2, 1]",True,0.001082373370664448,False,Maximum number of function evaluations has been exceeded.,0.027292490005493164,"[2.9542346655796723, 0.48123190894745643, 1.8588502230060462, 0.437853383689139, 1.0790291885025038, 0.7573768896334586]"
gcd_w0006,gcd,medium_connectivity,finite_shot_holdout,8192,23,ring,reversed,3,18,COBYLA,beat_initial,40,39,319488,136808.0,135057.0,1751.0,152102.49559561242,141813.12703778036,0.00695098714730861,0.0013624486214753456,136862.91195489425,-0.03136033974543372,135974.56687472644,0.4759755141482338,135058.25169626193,0.9992851534769123,135057.0,1.0,"[0, 4, 2, 1]",True,0.0007684435557103178,True,Optimization terminated successfully.,0.025451183319091797,"[3.3531161212771683, 0.3968026560302678, 1.6020053655640252, 0.3177920345296323, 1.2704234115994941, 0.30363980896623083]"
gcd_w0006,gcd,medium_connectivity,finite_shot_holdout,8192,29,ring,reversed,3,18,COBYLA,beat_initial,40,40,327680,136808.0,135057.0,1751.0,152030.09441797403,140926.45208779164,0.06478905272317113,0.06099004411545873,135122.05244453665,0.962848404033897,135057.00019759493,0.999999887153097,135057.0,1.0,135057.0,1.0,"[0, 4, 2, 1]",True,0.0019214978543771384,False,Maximum number of function evaluations has been exceeded.,0.026645183563232422,"[3.282810464203797, 0.267645878703611, 1.9040178807628725, 0.6714717721565662, 1.17944950645073, 1.2872896218028635]"
gcd_w0007,gcd,medium_connectivity,finite_shot_holdout,8192,11,ring,reversed,3,18,COBYLA,beat_initial,40,38,311296,131960.0,130976.0,984.0,146495.7039050831,132401.14909629148,0.019694652217118476,0.017621918013668213,131265.85231990146,0.7054346342464839,130983.5682803787,0.9923086581517218,130976.0,1.0,130976.0,1.0,"[0, 1, 2, 5]",True,0.0011467314105712866,True,Optimization terminated successfully.,0.024522066116333008,"[3.143515130683834, 0.4161864072959836, 1.7968565022101537, 0.23206525149147011, 1.0154669935404197, 0.10052421515410465]"
gcd_w0007,gcd,medium_connectivity,finite_shot_holdout,8192,17,ring,reversed,3,18,COBYLA,beat_initial,40,40,327680,131960.0,130976.0,984.0,146433.13077726917,132323.11268273502,0.019718934228565452,0.017973698145795854,131262.7740576869,0.7085629495051717,130983.2140438247,0.9926686546496944,130976.0,1.0,130976.0,1.0,"[0, 1, 2, 5]",True,0.0015721917349092035,False,Maximum number of function evaluations has been exceeded.,0.025838851928710938,"[3.137677278950483, 0.41069963524237496, 1.5668315206119303, 0.20478611357310736, 1.2446672303378123, 0.09980650628543951]"
gcd_w0007,gcd,medium_connectivity,finite_shot_holdout,8192,23,ring,reversed,3,18,COBYLA,beat_initial,40,40,327680,131960.0,130976.0,984.0,150155.70467366622,132411.5919797325,0.020695614286078797,0.02069014987554273,131234.11160432198,0.7376914590223772,130980.65787700705,0.9952663851554387,130976.0,1.0,130976.0,1.0,"[0, 1, 2, 5]",True,0.0014935360004151204,True,Optimization terminated successfully.,0.025828838348388672,"[3.4308032443844505, 0.5987322789351673, 1.5105711250993856, 0.07611004497759014, 1.00543934250941, -0.09560727393750777]"
gcd_w0007,gcd,medium_connectivity,finite_shot_holdout,8192,29,ring,reversed,3,18,COBYLA,beat_initial,40,40,327680,131960.0,130976.0,984.0,145445.74725621246,132355.7193350513,0.019971674517814654,0.017499026874081648,131263.52716768635,0.7077975938146864,130983.41010655517,0.9924694039073518,130976.0,1.0,130976.0,1.0,"[0, 1, 2, 5]",True,0.0016316426277605595,True,Optimization terminated successfully.,0.0258944034576416,"[3.3243110540931275, 0.39502767667197486, 1.789138372319496, 0.1892760689968556, 1.0607247737192234, 0.16918607595447285]"
gcd_w0008,gcd,high_connectivity,finite_shot_holdout,8192,11,ring,reversed,3,18,COBYLA,beat_initial,40,25,204800,255787.0,255787.0,0.0,340510.8844978203,276251.56305774924,0.0,0.06670795875998506,256026.83570458373,,255787.00037193543,,255787.0,,255787.0,,"[0, 1, 2, 3]",True,0.0,True,Optimization terminated successfully.,0.017090559005737305,"[3.1422765089348568, 0.41989403250492335, 1.5952907483666152, 0.1861433993136087, 1.0412381609744688, 0.1203520100389062]"
gcd_w0008,gcd,high_connectivity,finite_shot_holdout,8192,17,ring,reversed,3,18,COBYLA,beat_initial,40,25,204800,255787.0,255787.0,0.0,336868.5527557567,273647.7739484106,0.0,0.08117421117601997,255875.53143095045,,255787.00000688317,,255787.0,,255787.0,,"[0, 1, 2, 3]",True,0.0,True,Optimization terminated successfully.,0.01741814613342285,"[3.1636179026599103, 0.3994677072316477, 1.5599968964898265, 0.1711447037123134, 1.0093051257998125, 0.13127245971924043]"
gcd_w0008,gcd,high_connectivity,finite_shot_holdout,8192,23,ring,reversed,3,18,COBYLA,beat_initial,40,25,204800,255787.0,255787.0,0.0,327452.5128553107,266584.0278289889,0.0,0.13161809997215596,255789.42971842663,,255787.0,,255787.0,,255787.0,,"[0, 1, 2, 3]",True,0.0,True,Optimization terminated successfully.,0.0173189640045166,"[3.152657865367568, 0.3970510938831136, 1.569636527037566, 0.14997081895493075, 1.0558274345507745, 0.08837409821055706]"
gcd_w0008,gcd,high_connectivity,finite_shot_holdout,8192,29,ring,reversed,3,18,COBYLA,beat_initial,40,25,204800,255787.0,255787.0,0.0,338568.37847303343,274933.89821657387,0.0,0.07380646232023162,255934.0521927578,,255787.00005264406,,255787.0,,255787.0,,"[0, 1, 2, 3]",True,0.0,True,Optimization terminated successfully.,0.0170900821685791,"[3.1337552567512486, 0.39369748972919105, 1.5674925234812087, 0.19299015304635286, 1.0484498687468329, 0.12638547227303273]"
gcd_w0009,gcd,high_connectivity,finite_shot_holdout,8192,11,ring,reversed,3,18,COBYLA,beat_initial,40,40,327680,136075.0,119790.0,16285.0,146220.08622990796,134630.23716282254,0.10952534460995579,0.0003881547356171691,131098.03950827234,0.30561624143246297,129398.43520322793,0.4099824867529673,121595.18871957039,0.889150216790274,119790.0,1.0,"[2, 1, 0, 3]",True,0.0031189086087714288,False,Maximum number of function evaluations has been exceeded.,0.026492595672607422,"[3.3224457890039356, 0.34102446564837596, 1.8013980993247873, 0.04605178877878145, 1.0724592182246964, 0.11297295147040687]"
gcd_w0009,gcd,high_connectivity,finite_shot_holdout,8192,17,ring,reversed,3,18,COBYLA,beat_initial,40,40,327680,136075.0,119790.0,16285.0,148725.2940700415,134440.1585224662,0.11556734548255614,0.0008337604903581559,130326.74237232575,0.3529786691847865,128087.61657873461,0.4904748800285778,119973.39667808889,0.9887383065343023,119790.0,1.0,"[2, 1, 0, 3]",True,0.0036885498709928986,False,Maximum number of function evaluations has been exceeded.,0.025650978088378906,"[3.3861415194701525, 0.3706442684116479, 1.4376256080730816, -0.0042488080314360445, 0.9661498466638596, 0.21505510487356633]"
gcd_w0009,gcd,high_connectivity,finite_shot_holdout,8192,23,ring,reversed,3,18,COBYLA,beat_initial,40,37,303104,136075.0,119790.0,16285.0,150330.8193224128,134468.57776011425,0.10804626620813085,0.001278175505964726,129886.03844379798,0.380040623653793,127015.86871075373,0.5562868461311805,119810.64705024222,0.9987321430615771,119790.0,1.0,"[2, 1, 0, 3]",True,0.0032337670977093977,True,Optimization terminated successfully.,0.02451777458190918,"[3.1577026494160414, 0.3954810987645269, 1.768572287800211, 0.1488677836395868, 1.2058811456820993, 0.08629794552356349]"
gcd_w0009,gcd,high_connectivity,finite_shot_holdout,8192,29,ring,reversed,3,18,COBYLA,beat_initial,40,40,327680,136075.0,119790.0,16285.0,150377.98592577458,134485.89707949947,0.1089278115617151,0.001683518480274245,129672.35322195952,0.3931622215560625,126237.71132752403,0.6040705356141218,119793.38260145494,0.999792287291683,119790.0,1.0,"[2, 1, 0, 3]",True,0.0030837283877781555,True,Optimization terminated successfully.,0.025915861129760742,"[3.253566999004262, 0.34874720295657496, 1.82104628442669, 0.15500714729008716, 1.0353757286626353, 0.13328922261955145]"
gcd_w0010,gcd,high_connectivity,finite_shot_holdout,8192,11,ring,reversed,3,18,COBYLA,beat_initial,40,25,204800,78843.0,78843.0,0.0,92044.8758118967,80534.39605684733,0.0,0.10277854172056723,78845.03705561826,,78843.00000000134,,78843.0,,78843.0,,"[0, 1, 2, 3]",True,0.0,True,Optimization terminated successfully.,0.016940832138061523,"[3.1422765089348568, 0.41989403250492335, 1.5952907483666152, 0.1861433993136087, 1.0412381609744688, 0.1203520100389062]"
gcd_w0010,gcd,high_connectivity,finite_shot_holdout,8192,17,ring,reversed,3,18,COBYLA,beat_initial,40,25,204800,78843.0,78843.0,0.0,91474.71629490996,80201.54877571155,0.0,0.11943337874463175,78843.61117256724,,78843.00000000001,,78843.0,,78843.0,,"[0, 1, 2, 3]",True,0.0,True,Optimization terminated successfully.,0.016918420791625977,"[3.1636179026599103, 0.3994677072316477, 1.5599968964898265, 0.1711447037123134, 1.0093051257998125, 0.13127245971924043]"
gcd_w0010,gcd,high_connectivity,finite_shot_holdout,8192,23,ring,reversed,3,18,COBYLA,beat_initial,40,25,204800,78843.0,78843.0,0.0,90413.60390951516,79634.09747660457,0.0,0.16792046703172236,78843.01692024057,,78843.0,,78843.0,,78843.0,,"[0, 1, 2, 3]",True,0.0,True,Optimization terminated successfully.,0.017133474349975586,"[3.152657865367568, 0.3970510938831136, 1.569636527037566, 0.14997081895493075, 1.0558274345507745, 0.08837409821055706]"
gcd_w0010,gcd,high_connectivity,finite_shot_holdout,8192,29,ring,reversed,3,18,COBYLA,beat_initial,40,25,204800,78843.0,78843.0,0.0,91672.56701558472,80343.4528448497,0.0,0.11179517924544993,78844.05578063651,,78843.00000000012,,78843.0,,78843.0,,"[0, 1, 2, 3]",True,0.0,True,Optimization terminated successfully.,0.02202630043029785,"[3.1337552567512486, 0.39369748972919105, 1.5674925234812087, 0.19299015304635286, 1.0484498687468329, 0.12638547227303273]"
gcd_w0011,gcd,high_connectivity,finite_shot_holdout,8192,11,ring,reversed,3,18,COBYLA,beat_initial,40,40,327680,197788.0,191978.0,5810.0,207314.46361918538,193605.98429950306,0.27370071817315017,8.219017448541017e-06,192555.84954769255,0.9005422465245189,192496.06921829205,0.9108314598464636,192479.81857467987,0.9136284725163735,192497.0,0.910671256454389,"[0, 1, 2, 5]",False,0.00440835701788582,False,Maximum number of function evaluations has been exceeded.,0.025335311889648438,"[3.100178986503247, 0.35519943824008243, 1.8328036238671654, 0.1220873999190089, 1.2224679350192815, 0.1583825479571012]"
gcd_w0011,gcd,high_connectivity,finite_shot_holdout,8192,17,ring,reversed,3,18,COBYLA,beat_initial,40,40,327680,197788.0,191978.0,5810.0,207284.03267381206,193554.68459373823,0.2816770466673993,1.4579146892667225e-05,192549.18610661913,0.9016891382755363,192495.16741942245,0.910986674798202,192466.91432136158,0.915849514395598,192497.0,0.910671256454389,"[0, 1, 2, 5]",False,0.005087369591019762,False,Maximum number of function evaluations has been exceeded.,0.028704166412353516,"[3.211017967640159, 0.32817610470672276, 1.783284644244394, 0.13526501025600585, 1.2284255623686449, 0.20248181307714183]"
gcd_w0011,gcd,high_connectivity,finite_shot_holdout,8192,23,ring,reversed,3,18,COBYLA,beat_initial,40,40,327680,197788.0,191978.0,5810.0,207633.167033343,193574.7064558713,0.2764737708408481,1.364808545028729e-05,192549.88458720464,0.9015689178649506,192495.29587406587,0.9109645655652556,192468.78244481026,0.9155279785180273,192497.0,0.910671256454389,"[0, 1, 2, 5]",False,0.004866333931933398,False,Maximum number of function evaluations has been exceeded.,0.0279388427734375,"[3.210591956834088, 0.3418852064274892, 1.8031520853301262, 0.14732110846598936, 1.2618865838811208, 0.1737604161195855]"
gcd_w0011,gcd,high_connectivity,finite_shot_holdout,8192,29,ring,reversed,3,18,COBYLA,beat_initial,40,40,327680,197788.0,191978.0,5810.0,206454.17459610128,193550.39683332687,0.28832532681353595,1.169152797709328e-05,192554.88985753575,0.900707425553228,192495.6001374075,0.9109121966596363,192472.73145718777,0.9148482861983193,192497.0,0.910671256454389,"[0, 1, 2, 5]",False,0.005273991933255086,False,Maximum number of function evaluations has been exceeded.,0.025971412658691406,"[3.269180011262691, 0.3031505682353823, 1.7451271770411014, 0.11609373185132574, 1.2415751201384804, 0.22876587489285077]"
aes_w0000,aes,low_connectivity,finite_shot_holdout,8192,11,ring,reversed,3,18,COBYLA,beat_initial,40,25,204800,554563.0,554563.0,0.0,558850.5213687263,554563.0,0.0,0.26279455705842264,554563.0000037279,,554563.0,,554563.0,,554563.0,,"[0, 1, 2, 3]",True,0.0,True,Optimization terminated successfully.,0.016989946365356445,"[3.1422765089348568, 0.41989403250492335, 1.5952907483666152, 0.1861433993136087, 1.0412381609744688, 0.1203520100389062]"
aes_w0000,aes,low_connectivity,finite_shot_holdout,8192,17,ring,reversed,3,18,COBYLA,beat_initial,40,25,204800,554563.0,554563.0,0.0,558652.5562286485,554563.0,0.0,0.2855952916012738,554563.000000501,,554563.0,,554563.0,,554563.0,,"[0, 1, 2, 3]",True,0.0,True,Optimization terminated successfully.,0.01743292808532715,"[3.1636179026599103, 0.3994677072316477, 1.5599968964898265, 0.1711447037123134, 1.0093051257998125, 0.13127245971924043]"
aes_w0000,aes,low_connectivity,finite_shot_holdout,8192,23,ring,reversed,3,18,COBYLA,beat_initial,40,25,204800,554563.0,554563.0,0.0,558187.0072028022,554563.0,0.0,0.3485433759450329,554563.0000000014,,554563.0,,554563.0,,554563.0,,"[0, 1, 2, 3]",True,0.0,True,Optimization terminated successfully.,0.017140626907348633,"[3.152657865367568, 0.3970510938831136, 1.569636527037566, 0.14997081895493075, 1.0558274345507745, 0.08837409821055706]"
aes_w0000,aes,low_connectivity,finite_shot_holdout,8192,29,ring,reversed,3,18,COBYLA,beat_initial,40,25,204800,554563.0,554563.0,0.0,558735.6425967868,554563.0,0.0,0.2749699256544004,554563.000001286,,554563.0,,554563.0,,554563.0,,"[0, 1, 2, 3]",True,0.0,True,Optimization terminated successfully.,0.017156600952148438,"[3.1337552567512486, 0.39369748972919105, 1.5674925234812087, 0.19299015304635286, 1.0484498687468329, 0.12638547227303273]"
aes_w0001,aes,low_connectivity,finite_shot_holdout,8192,11,ring,reversed,3,18,COBYLA,beat_initial,40,25,204800,392606.0,392606.0,0.0,410924.53475854726,394499.5246371965,0.0,0.0990940577807257,392606.87692961073,,392606.0000000017,,392606.0,,392606.0,,"[0, 1, 2, 3]",True,0.0,True,Optimization terminated successfully.,0.01746368408203125,"[3.1422765089348568, 0.41989403250492335, 1.5952907483666152, 0.1861433993136087, 1.0412381609744688, 0.1203520100389062]"
aes_w0001,aes,low_connectivity,finite_shot_holdout,8192,17,ring,reversed,3,18,COBYLA,beat_initial,40,25,204800,392606.0,392606.0,0.0,410009.74977380194,394005.7206939847,0.0,0.11606090328880479,392606.2574742032,,392606.0,,392606.0,,392606.0,,"[0, 1, 2, 3]",True,0.0,True,Optimization terminated successfully.,0.017264842987060547,"[3.1636179026599103, 0.3994677072316477, 1.5599968964898265, 0.1711447037123134, 1.0093051257998125, 0.13127245971924043]"
aes_w0001,aes,low_connectivity,finite_shot_holdout,8192,23,ring,reversed,3,18,COBYLA,beat_initial,40,25,204800,392606.0,392606.0,0.0,408457.8780486278,392833.5896864892,0.0,0.16693368186012983,392606.0057677523,,392606.0,,392606.0,,392606.0,,"[0, 1, 2, 3]",True,0.0,True,Optimization terminated successfully.,0.017209768295288086,"[3.152657865367568, 0.3970510938831136, 1.569636527037566, 0.14997081895493075, 1.0558274345507745, 0.08837409821055706]"
aes_w0001,aes,low_connectivity,finite_shot_holdout,8192,29,ring,reversed,3,18,COBYLA,beat_initial,40,25,204800,392606.0,392606.0,0.0,410302.4829710767,394211.14674821217,0.0,0.1080235676131368,392606.4601509511,,392606.0000000002,,392606.0,,392606.0,,"[0, 1, 2, 3]",True,0.0,True,Optimization terminated successfully.,0.017312288284301758,"[3.1337552567512486, 0.39369748972919105, 1.5674925234812087, 0.19299015304635286, 1.0484498687468329, 0.12638547227303273]"
aes_w0002,aes,low_connectivity,finite_shot_holdout,8192,11,ring,reversed,3,18,COBYLA,beat_initial,40,35,286720,367983.0,365916.0,2067.0,373337.96467759233,367669.57146486326,0.14435464834463552,3.650731579838494e-06,366727.8645041184,0.6072256874124858,366661.35389951954,0.6394030481279432,366650.9277362538,0.6444471522719754,366662.0,0.6390904692791485,"[0, 3, 1, 2]",False,0.003525485711352443,True,Optimization terminated successfully.,0.023229360580444336,"[3.089741125411108, 0.41917075393844766, 1.8027679971416108, 0.17611831950218512, 1.0447751172608184, 0.09973635595444616]"
aes_w0002,aes,low_connectivity,finite_shot_holdout,8192,17,ring,reversed,3,18,COBYLA,beat_initial,40,35,286720,367983.0,365916.0,2067.0,373529.1472414238,367687.913429251,0.14059986767439264,4.664926583087266e-06,366739.373273143,0.6016578262491432,366661.2001220323,0.6394774445900752,366647.8810614135,0.6459211120399129,366662.0,0.6390904692791485,"[0, 3, 1, 2]",False,0.004297485587273511,True,Optimization terminated successfully.,0.023775815963745117,"[3.3140982129405625, 0.39716237568320106, 1.5644624660761286, 0.16662278165534897, 1.0081921443706487, 0.1267812901546992]"
aes_w0002,aes,low_connectivity,finite_shot_holdout,8192,23,ring,reversed,3,18,COBYLA,beat_initial,40,40,327680,367983.0,365916.0,2067.0,372753.61316288327,367680.2930361738,0.14684696327989938,3.9508523465398474e-06,366739.9603690582,0.601373793392266,366661.32832027774,0.6394154231844517,366650.02484515356,0.6448839646088249,366662.0,0.6390904692791485,"[0, 3, 1, 2]",False,0.00382994264591709,True,Optimization terminated successfully.,0.032680511474609375,"[3.1439696769737644, 0.39634709807116064, 1.7662155504824513, 0.14948289262773884, 1.2198642371346595, 0.12989499651843953]"
aes_w0002,aes,low_connectivity,finite_shot_holdout,8192,29,ring,reversed,3,18,COBYLA,beat_initial,40,35,286720,367983.0,365916.0,2067.0,373359.45119880326,367679.8924037394,0.14316455261331826,6.575768308943675e-06,366727.7934059942,0.6072600841827814,366660.8019918808,0.6396700571452283,366642.17509588646,0.648681617858511,365916.0,1.0,"[0, 3, 2, 5]",True,0.0038672673535883792,True,Optimization terminated successfully.,0.02423691749572754,"[3.3338821795868516, 0.39385417626833097, 1.7679789300862803, 0.19361444082544826, 1.0484889109267461, 0.1258097214468437]"
aes_w0003,aes,low_connectivity,finite_shot_holdout,8192,11,ring,reversed,3,18,COBYLA,beat_initial,40,40,327680,135108.0,134842.0,266.0,154735.49328221387,139625.71835459548,0.010734413959184433,0.010734413959184433,135709.6748356729,-2.261935472454485,134884.54069598662,0.8400725714788603,134842.0,1.0,134842.0,1.0,"[4, 1, 2, 3]",True,0.0010517138632758767,False,Maximum number of function evaluations has been exceeded.,0.026724815368652344,"[3.2125316335267065, 0.5035624010930372, 1.5952907483666152, 0.4565230724977666, 1.2996495139581716, 0.3845299464936036]"
aes_w0003,aes,low_connectivity,finite_shot_holdout,8192,17,ring,reversed,3,18,COBYLA,beat_initial,40,40,327680,135108.0,134842.0,266.0,152500.97485440824,137588.81916163824,0.012684028351354076,0.012684028351354076,135120.95300606018,-0.048695511504446676,134852.22894014834,0.9615453377881839,134842.0,1.0,134842.0,1.0,"[4, 1, 2, 3]",True,0.0010926080619255655,False,Maximum number of function evaluations has been exceeded.,0.026002168655395508,"[3.2867163826098973, 0.3781258515425359, 1.5618241766462835, 0.3228497086220787, 1.2217082847788865, 0.30935407894995187]"
aes_w0003,aes,low_connectivity,finite_shot_holdout,8192,23,ring,reversed,3,18,COBYLA,beat_initial,40,40,327680,135108.0,134842.0,266.0,152961.7552627586,138194.22148464067,0.014273852896644049,0.014273852896644049,135306.9658474701,-0.7479919077823275,134850.93323894063,0.9664163949600241,134842.0,1.0,134842.0,1.0,"[4, 1, 2, 3]",True,0.0011529449602488292,False,Maximum number of function evaluations has been exceeded.,0.02590012550354004,"[3.2016143628176916, 0.4124556658496198, 1.8493475630483676, 0.3386293348173383, 1.0847748120809666, 0.4045573011829196]"
aes_w0003,aes,low_connectivity,finite_shot_holdout,8192,29,ring,reversed,3,18,COBYLA,beat_initial,40,40,327680,135108.0,134842.0,266.0,153865.9645770535,138191.30954637067,0.011992666720730048,0.011992666720730048,135320.1217832337,-0.7974503129086968,134856.22422349598,0.9465254755790041,134842.0,1.0,134842.0,1.0,"[4, 1, 2, 3]",True,0.001286948112073856,False,Maximum number of function evaluations has been exceeded.,0.026595115661621094,"[3.3310076671641755, 0.40256881359914404, 1.566644023323783, 0.3895742420901359, 1.2442038617004643, 0.30864176008415534]"
aes_w0004,aes,medium_connectivity,finite_shot_holdout,8192,11,ring,reversed,3,18,COBYLA,beat_initial,40,25,204800,1135260.0,1135260.0,0.0,1167456.2803571487,1145389.4086622642,0.0,0.07658779253858312,1135311.320764199,,1135260.0000058115,,1135260.0,,1135260.0,,"[0, 1, 2, 3]",True,0.0,True,Optimization terminated successfully.,0.017324209213256836,"[3.1422765089348568, 0.41989403250492335, 1.5952907483666152, 0.1861433993136087, 1.0412381609744688, 0.1203520100389062]"
aes_w0004,aes,medium_connectivity,finite_shot_holdout,8192,17,ring,reversed,3,18,COBYLA,beat_initial,40,25,204800,1135260.0,1135260.0,0.0,1166169.5759364832,1144146.053839264,0.0,0.09158434557721618,1135277.7942817272,,1135260.0000000838,,1135260.0,,1135260.0,,"[0, 1, 2, 3]",True,0.0,True,Optimization terminated successfully.,0.017479419708251953,"[3.1636179026599103, 0.3994677072316477, 1.5599968964898265, 0.1711447037123134, 1.0093051257998125, 0.13127245971924043]"
aes_w0004,aes,medium_connectivity,finite_shot_holdout,8192,23,ring,reversed,3,18,COBYLA,beat_initial,40,25,204800,1135260.0,1135260.0,0.0,1162941.3081602335,1140670.7208503375,0.0,0.14064930770220652,1135260.5333255327,,1135260.0,,1135260.0,,1135260.0,,"[0, 1, 2, 3]",True,0.0,True,Optimization terminated successfully.,0.01727128028869629,"[3.152657865367568, 0.3970510938831136, 1.569636527037566, 0.14997081895493075, 1.0558274345507745, 0.08837409821055706]"
aes_w0004,aes,medium_connectivity,finite_shot_holdout,8192,29,ring,reversed,3,18,COBYLA,beat_initial,40,25,204800,1135260.0,1135260.0,0.0,1166708.060584187,1144682.6867176716,0.0,0.08435957610315867,1135289.3508748433,,1135260.0000006254,,1135260.0,,1135260.0,,"[0, 1, 2, 3]",True,0.0,True,Optimization terminated successfully.,0.017189979553222656,"[3.1337552567512486, 0.39369748972919105, 1.5674925234812087, 0.19299015304635286, 1.0484498687468329, 0.12638547227303273]"
aes_w0005,aes,medium_connectivity,finite_shot_holdout,8192,11,ring,reversed,3,18,COBYLA,beat_initial,40,40,327680,792584.0,788774.0,3810.0,802939.4065047867,792298.2563376062,0.053320729929254296,0.0010790216708077473,790882.6423926428,0.44655055311212705,790387.4807604087,0.5765142361132068,788793.3905383119,0.9949106198656397,788774.0,1.0,"[0, 1, 4, 5]",True,0.0018457190378853405,False,Maximum number of function evaluations has been exceeded.,0.02595043182373047,"[3.102490008606962, 0.5478951412092226, 2.119958749102891, -0.3794734578482141, 1.4311847509012396, 0.47516214889350095]"
aes_w0005,aes,medium_connectivity,finite_shot_holdout,8192,17,ring,reversed,3,18,COBYLA,beat_initial,40,40,327680,792584.0,788774.0,3810.0,806295.9004360309,796542.9056530286,0.03225312268948386,0.00015944275573182725,791132.2792208871,0.38102907588264817,790679.8821803936,0.49976845658961755,789594.3410597179,0.7846873859008053,788774.0,1.0,"[0, 1, 4, 5]",True,0.0023705009400851614,False,Maximum number of function evaluations has been exceeded.,0.026164531707763672,"[3.1334083869438603, 0.39955838901997764, 1.6888087431476755, 0.06772676136915769, 1.1398808792488846, 0.43714215305712567]"
aes_w0005,aes,medium_connectivity,finite_shot_holdout,8192,23,ring,reversed,3,18,COBYLA,beat_initial,40,35,286720,792584.0,788774.0,3810.0,807523.3403483628,798038.6531436797,0.01971682271048041,1.7729828636589808e-05,791488.8955688942,0.28742898454219884,790884.9353217756,0.445948734442096,790260.4298278022,0.6098609375847159,790350.0,0.5863517060367454,"[0, 1, 4, 3]",False,0.0016118901922320872,True,Optimization terminated successfully.,0.022882938385009766,"[3.352482797563303, 0.5964508424404966, 1.5690352864234207, 0.15041750781501423, 1.055615573376894, 0.08831803486488986]"
aes_w0005,aes,medium_connectivity,finite_shot_holdout,8192,29,ring,reversed,3,18,COBYLA,beat_initial,40,40,327680,792584.0,788774.0,3810.0,805972.2939494362,796068.6202046514,0.03531487707605485,0.00015945198905837073,791089.785859741,0.39218218904434704,790683.9758953291,0.49869399072725834,789594.343247993,0.7846868115503847,790350.0,0.5863517060367454,"[0, 1, 4, 3]",False,0.00175268714476565,False,Maximum number of function evaluations has been exceeded.,0.02585577964782715,"[3.3527112360384663, 0.502050922857669, 1.990965168407397, 0.007581195640288996, 0.9858797909429857, 0.3836635956628074]"
aes_w0006,aes,medium_connectivity,finite_shot_holdout,8192,11,ring,reversed,3,18,COBYLA,beat_initial,40,36,294912,592970.0,584833.0,8137.0,604358.4528934528,590216.3155832209,0.17601022797734078,0.00035440490522263004,587965.9667751782,0.6149727448472151,587295.375226446,0.6973853721954084,584994.8474293314,0.9801096928436288,584833.0,1.0,"[0, 4, 2, 1]",True,0.003758950464734864,True,Optimization terminated successfully.,0.02377033233642578,"[3.040872446417251, 0.25681468073190716, 1.840442153536392, 0.09156744681817174, 1.0369675849867679, 0.3672402616971292]"
aes_w0006,aes,medium_connectivity,finite_shot_holdout,8192,17,ring,reversed,3,18,COBYLA,beat_initial,40,40,327680,592970.0,584833.0,8137.0,605008.8958396808,590185.7434451118,0.18265887450626628,0.0005567058934059991,587803.9458618939,0.6348843723861449,586892.4974977282,0.7468971982637076,584867.8641725727,0.9957153530081436,584833.0,1.0,"[0, 4, 2, 1]",True,0.004594734008005554,False,Maximum number of function evaluations has been exceeded.,0.02621006965637207,"[3.383732223295741, 0.28262587570335235, 1.7460112473220517, 0.1322142413674382, 1.2698911120318228, 0.37260454136927285]"
aes_w0006,aes,medium_connectivity,finite_shot_holdout,8192,23,ring,reversed,3,18,COBYLA,beat_initial,40,40,327680,592970.0,584833.0,8137.0,604747.3030223411,590110.5355719747,0.18551918725556407,0.0007369785726303298,587717.9712486179,0.6454502582502321,586634.1702421171,0.778644433806423,584840.2048883399,0.9991145522502332,584833.0,1.0,"[0, 4, 2, 1]",True,0.004190399680147648,False,Maximum number of function evaluations has been exceeded.,0.026436567306518555,"[3.2713465535602246, 0.46201416519260624, 1.7538293038364872, 0.040453787769754876, 1.3544761755988945, 0.325446671394097]"
aes_w0006,aes,medium_connectivity,finite_shot_holdout,8192,29,ring,reversed,3,18,COBYLA,beat_initial,40,40,327680,592970.0,584833.0,8137.0,606690.2846089436,590353.3138906126,0.177201249927286,0.0009359044731269608,587501.584931182,0.672043144748436,586204.9250526434,0.8313966999332181,584835.1438600007,0.9997365294333721,584833.0,1.0,"[0, 4, 2, 1]",True,0.004036455357159356,False,Maximum number of function evaluations has been exceeded.,0.026015758514404297,"[3.3402664616654225, 0.3433971711789945, 1.8640261317142317, 0.10140347365239426, 1.0817835739829331, 0.44674958621069844]"
aes_w0007,aes,medium_connectivity,finite_shot_holdout,8192,11,ring,reversed,3,18,COBYLA,beat_initial,40,25,204800,1123168.0,1123168.0,0.0,1148933.110739385,1126757.9336414407,0.0,0.08139656455765029,1123174.8219737224,,1123168.0000005474,,1123168.0,,1123168.0,,"[0, 1, 2, 3]",True,0.0,True,Optimization terminated successfully.,0.01739335060119629,"[3.1422765089348568, 0.41989403250492335, 1.5952907483666152, 0.1861433993136087, 1.0412381609744688, 0.1203520100389062]"
aes_w0007,aes,medium_connectivity,finite_shot_holdout,8192,17,ring,reversed,3,18,COBYLA,beat_initial,40,25,204800,1123168.0,1123168.0,0.0,1147586.754793102,1125812.3974728093,0.0,0.09704763446054286,1123170.2387969703,,1123168.0000000068,,1123168.0,,1123168.0,,"[0, 1, 2, 3]",True,0.0,True,Optimization terminated successfully.,0.017870187759399414,"[3.1636179026599103, 0.3994677072316477, 1.5599968964898265, 0.1711447037123134, 1.0093051257998125, 0.13127245971924043]"
aes_w0007,aes,medium_connectivity,finite_shot_holdout,8192,23,ring,reversed,3,18,COBYLA,beat_initial,40,25,204800,1123168.0,1123168.0,0.0,1145069.488052117,1124188.8038819171,0.0,0.14758649701794066,1123168.0552522575,,1123168.0,,1123168.0,,1123168.0,,"[0, 1, 2, 3]",True,0.0,True,Optimization terminated successfully.,0.01727604866027832,"[3.152657865367568, 0.3970510938831136, 1.569636527037566, 0.14997081895493075, 1.0558274345507745, 0.08837409821055706]"
aes_w0007,aes,medium_connectivity,finite_shot_holdout,8192,29,ring,reversed,3,18,COBYLA,beat_initial,40,25,204800,1123168.0,1123168.0,0.0,1148075.4473294609,1126235.1391298792,0.0,0.08940329371887207,1123171.8579346738,,1123168.0000000582,,1123168.0,,1123168.0,,"[0, 1, 2, 3]",True,0.0,True,Optimization terminated successfully.,0.01738452911376953,"[3.1337552567512486, 0.39369748972919105, 1.5674925234812087, 0.19299015304635286, 1.0484498687468329, 0.12638547227303273]"
aes_w0008,aes,high_connectivity,finite_shot_holdout,8192,11,ring,reversed,3,18,COBYLA,beat_initial,40,35,286720,667486.0,654906.0,12580.0,682975.1941094995,660878.0866117587,0.14848657969173276,0.11905462534086877,654908.2809855981,0.9998186815899759,654905.9999999999,1.0000000000000093,654906.0,1.0,654906.0,1.0,"[1, 0, 2, 3]",True,0.003578618423834058,True,Optimization terminated successfully.,0.022890806198120117,"[3.0887245821366056, 0.4031031265647445, 1.803562590719001, 0.17906337662768965, 1.048857212313166, 0.10621558773936637]"
aes_w0008,aes,high_connectivity,finite_shot_holdout,8192,17,ring,reversed,3,18,COBYLA,beat_initial,40,40,327680,667486.0,654906.0,12580.0,684387.2698963379,660777.6452604078,0.15844781818962142,0.1203053524738914,654907.768222253,0.9998594417922929,654905.9999999999,1.0000000000000093,654906.0,1.0,654906.0,1.0,"[1, 0, 2, 3]",True,0.0042864679008726685,False,Maximum number of function evaluations has been exceeded.,0.026845455169677734,"[3.269386509322488, 0.401869824325172, 1.8245094015109236, 0.19377608857280085, 1.2024112049936257, 0.22044092299358878]"
aes_w0008,aes,high_connectivity,finite_shot_holdout,8192,23,ring,reversed,3,18,COBYLA,beat_initial,40,40,327680,667486.0,654906.0,12580.0,681680.8010061103,659451.8449961885,0.19731938164180124,0.13316826331969003,654906.6962399883,0.9999446550088776,654905.9999999999,1.0000000000000093,654906.0,1.0,654906.0,1.0,"[1, 0, 2, 3]",True,0.0042561571963143216,False,Maximum number of function evaluations has been exceeded.,0.026181459426879883,"[3.170570444285208, 0.46233163048824777, 1.9266892644598586, -0.11772931745745592, 1.2597019107830596, 0.45390025776259707]"
aes_w0008,aes,high_connectivity,finite_shot_holdout,8192,29,ring,reversed,3,18,COBYLA,beat_initial,40,33,270336,667486.0,654906.0,12580.0,683489.5199391197,660884.5471710367,0.1487265569389397,0.11838276803958057,654908.3325085093,0.9998145859690556,654906.0,1.0,654906.0,1.0,654906.0,1.0,"[1, 0, 2, 3]",True,0.004021259002306974,True,Optimization terminated successfully.,0.022099971771240234,"[3.333765189341887, 0.3938425212828788, 1.7667052360108575, 0.19276848932799404, 1.0489941235658968, 0.1262684358727317]"
aes_w0009,aes,high_connectivity,finite_shot_holdout,8192,11,ring,reversed,3,18,COBYLA,beat_initial,40,40,327680,1066733.0,1063033.0,3700.0,1104076.082769123,1079614.961057621,0.013858621669052463,0.002575739090908599,1066103.01720314,0.17026562077295337,1063773.2809063275,0.7999240793709367,1063033.03332523,0.99999099318108,1063033.0,1.0,"[0, 5, 2, 3]",True,0.0009490008691133501,False,Maximum number of function evaluations has been exceeded.,0.02598118782043457,"[2.954444768352878, 0.5920474138662694, 2.060190646652283, 0.38187121357700754, 1.225061273842103, 0.3036673966291926]"
aes_w0009,aes,high_connectivity,finite_shot_holdout,8192,17,ring,reversed,3,18,COBYLA,beat_initial,40,40,327680,1066733.0,1063033.0,3700.0,1106589.87643072,1082222.8139106238,0.011850189339334363,0.0026323477690007487,1066953.5353552045,-0.05960415005526581,1063834.1072223682,0.7834845344950697,1063033.0264125757,0.9999928614660166,1063033.0,1.0,"[0, 5, 2, 3]",True,0.0010596230486968538,False,Maximum number of function evaluations has been exceeded.,0.026195287704467773,"[3.1571954682587493, 0.3876619227339372, 1.4997052032349092, 0.4211001252578541, 0.9918542930996704, 0.40909284079338515]"
aes_w0009,aes,high_connectivity,finite_shot_holdout,8192,23,ring,reversed,3,18,COBYLA,beat_initial,40,40,327680,1066733.0,1063033.0,3700.0,1104250.2655536064,1080541.62576699,0.016321262114617742,0.004531603861274926,1065752.943550749,0.2648801214191937,1063475.54521296,0.8803931856864585,1063033.0000107433,0.9999999970964131,1063033.0,1.0,"[0, 5, 2, 3]",True,0.0010942125859049344,False,Maximum number of function evaluations has been exceeded.,0.025946378707885742,"[3.5193015791923297, 0.4753555701035552, 1.7872966744104637, 0.3219421275488424, 1.4345134357524374, 0.582030177079644]"
aes_w0009,aes,high_connectivity,finite_shot_holdout,8192,29,ring,reversed,3,18,COBYLA,beat_initial,40,40,327680,1066733.0,1063033.0,3700.0,1104158.5309258595,1079612.5398427006,0.013523389499886199,0.002451024876483292,1066174.6342735013,0.15090965581044705,1063802.152217803,0.7921210222153899,1063033.0556137979,0.9999849692438225,1063033.0,1.0,"[0, 5, 2, 3]",True,0.0013505122850788558,False,Maximum number of function evaluations has been exceeded.,0.026211977005004883,"[3.5300616875703636, 0.6058195905175786, 1.9848440328026917, 0.3586866681671247, 1.3062714445325636, 0.29995966149823194]"
aes_w0010,aes,high_connectivity,finite_shot_holdout,8192,11,ring,reversed,3,18,COBYLA,beat_initial,40,40,327680,1141154.0,1141041.0,113.0,1231743.2717350544,1171810.1521937686,0.002932371007442407,0.002932371007442407,1146572.4612848214,-47.95098482142821,1141612.0608177078,-4.053635554936244,1141041.0006746957,0.9999940292415234,1141041.0,1.0,"[0, 5, 2, 3]",True,0.000605347821623947,False,Maximum number of function evaluations has been exceeded.,0.026243925094604492,"[3.2353216988102114, 0.6700163526347891, 1.5679314932192896, 0.20388258307030838, 1.0246785218629053, 0.3256936028886763]"
aes_w0010,aes,high_connectivity,finite_shot_holdout,8192,17,ring,reversed,3,18,COBYLA,beat_initial,40,40,327680,1141154.0,1141041.0,113.0,1221453.9614137271,1164245.887082738,0.006591091374855338,0.006591091374855338,1143592.1853349786,-21.576861371492257,1141114.3078129608,0.35125829238213796,1141041.0000000002,0.9999999999979395,1141041.0,1.0,"[0, 5, 2, 3]",True,0.0008322357883752427,False,Maximum number of function evaluations has been exceeded.,0.026190757751464844,"[3.028683729955291, 0.3122046837729119, 1.8241816259872004, 0.3814221465676247, 1.2597150670781703, 0.46418850184586685]"
aes_w0010,aes,high_connectivity,finite_shot_holdout,8192,23,ring,reversed,3,18,COBYLA,beat_initial,40,40,327680,1141154.0,1141041.0,113.0,1222805.6686686638,1163276.823930883,0.004894080749230352,0.004894080749230352,1142838.3438057164,-14.905697395720114,1141086.35057288,0.5986674966381252,1141041.0000002116,0.9999999981270526,1141041.0,1.0,"[0, 5, 2, 3]",True,0.0006743063019771869,False,Maximum number of function evaluations has been exceeded.,0.026149749755859375,"[3.343942436899921, 0.3309071920183401, 1.6383894607460245, 0.36337749556831506, 1.0493003586068959, 0.3157773980875869]"
aes_w0010,aes,high_connectivity,finite_shot_holdout,8192,29,ring,reversed,3,18,COBYLA,beat_initial,40,40,327680,1141154.0,1141041.0,113.0,1212322.1887595267,1157034.6315845482,0.006465744533595602,0.006465744533595602,1141857.5045158297,-6.225703679909105,1141063.023554312,0.8051012892737589,1141041.0000000005,0.9999999999958791,1141041.0,1.0,"[0, 5, 2, 3]",True,0.0008416921975122966,False,Maximum number of function evaluations has been exceeded.,0.026255369186401367,"[3.2778787582553885, 0.3892677364301392, 1.9154611849107614, 0.2813953813928634, 1.27094607092849, 0.35233591767254363]"
aes_w0011,aes,high_connectivity,finite_shot_holdout,8192,11,ring,reversed,3,18,COBYLA,beat_initial,40,35,286720,807761.0,806183.0,1578.0,825053.916553341,809747.206530767,0.00010997469816003422,0.00010997469816003422,807774.4541230758,-0.008526060250835642,807717.7790308279,0.027389714304232055,807188.6932327426,0.3626785597321902,807761.0,0.0,"[0, 1, 2, 3]",False,0.00013047449331708973,True,Optimization terminated successfully.,0.023888349533081055,"[3.1423595438225083, 0.6193939500099982, 1.5956520986774314, 0.1868326637224401, 1.0408784763191912, 0.12044139785715587]"
aes_w0011,aes,high_connectivity,finite_shot_holdout,8192,17,ring,reversed,3,18,COBYLA,beat_initial,40,40,327680,807761.0,806183.0,1578.0,825109.9576891704,811606.4291268139,0.0018738127674125197,0.0018738127674125197,807767.878408591,-0.004358940805469053,807165.8221605195,0.37717226836530854,806183.7273199942,0.9995390874561199,806183.0,1.0,"[1, 4, 2, 3]",True,0.0004465539561256535,False,Maximum number of function evaluations has been exceeded.,0.0265963077545166,"[3.088815011230765, 0.36764495913384027, 1.8328513872403422, 0.27957341045145523, 0.8784580795747738, 0.5112214546670318]"
aes_w0011,aes,high_connectivity,finite_shot_holdout,8192,23,ring,reversed,3,18,COBYLA,beat_initial,40,40,327680,807761.0,806183.0,1578.0,826055.9196271278,812398.6435386165,0.0016065762612604009,0.0016065762612604009,807915.4560431137,-0.09788088917219362,807237.3311903229,0.3318560264113593,806185.1773423906,0.9986201885990864,806183.0,1.0,"[1, 4, 2, 3]",True,0.0005032617501341112,False,Maximum number of function evaluations has been exceeded.,0.02584242820739746,"[3.37875307812491, 0.34084113475298805, 1.5394288995692553, 0.4074435918506891, 0.9989246930651557, 0.45854496236829356]"
aes_w0011,aes,high_connectivity,finite_shot_holdout,8192,29,ring,reversed,3,18,COBYLA,beat_initial,40,40,327680,807761.0,806183.0,1578.0,824857.3305028757,812991.06821976,0.002093200017569931,0.002093200017569931,808516.910273107,-0.4790305913225612,807201.5038065357,0.354560325389267,806183.2955788721,0.9998126876602748,806183.0,1.0,"[1, 4, 2, 3]",True,0.00038639595018181495,False,Maximum number of function evaluations has been exceeded.,0.02620410919189453,"[3.15352354743627, 0.5878852852438516, 2.004790011864138, 0.6130132371955251, 0.9879494684298858, 0.5123546794538196]"
ibex_w0000,ibex,low_connectivity,finite_shot_holdout,8192,11,ring,reversed,3,18,COBYLA,beat_initial,40,40,327680,987521.0,987451.0,70.0,992127.9524397127,987493.3999586122,0.09857157638529714,0.09857157638529714,987451.0913477623,0.9986950319676128,987451.0000000002,0.9999999999966739,987451.0,1.0,987451.0,1.0,"[0, 5, 2, 3]",True,0.0028838449966698005,False,Maximum number of function evaluations has been exceeded.,0.025467872619628906,"[3.4451012532104723, 0.48357300053539376, 1.8238221203517853, 0.04405317206339597, 1.0310936731575195, -0.15191159921414196]"
ibex_w0000,ibex,low_connectivity,finite_shot_holdout,8192,17,ring,reversed,3,18,COBYLA,beat_initial,40,40,327680,987521.0,987451.0,70.0,991549.1270630168,987492.8241902019,0.10062789213578772,0.10062789213578772,987451.0789260888,0.9988724844463702,987451.0000000002,0.9999999999966739,987451.0,1.0,987451.0,1.0,"[0, 5, 2, 3]",True,0.003494041573500662,False,Maximum number of function evaluations has been exceeded.,0.025452852249145508,"[3.3925655121662874, 0.3126638921119078, 1.8224172948483597, 0.0905598852056441, 1.2665339967202718, 0.09131807152382489]"
ibex_w0000,ibex,low_connectivity,finite_shot_holdout,8192,23,ring,reversed,3,18,COBYLA,beat_initial,40,40,327680,987521.0,987451.0,70.0,992634.4800246101,987493.5038437564,0.09820055801224134,0.09820055801224134,987451.0937854837,0.9986602073751523,987451.0000000002,0.9999999999966739,987451.0,1.0,987451.0,1.0,"[0, 5, 2, 3]",True,0.003061361213885247,False,Maximum number of function evaluations has been exceeded.,0.025714874267578125,"[3.3468385246963557, 0.36459544027503565, 1.7610238313075777, 0.10376827571929448, 1.063140777075691, 0.08579551731253758]"
ibex_w0000,ibex,low_connectivity,finite_shot_holdout,8192,29,ring,reversed,3,18,COBYLA,beat_initial,40,40,327680,987521.0,987451.0,70.0,993260.4866524081,987493.7087488029,0.09746875427505423,0.09746875427505423,987451.098782905,0.9985888156424543,987451.0000000002,0.9999999999966739,987451.0,1.0,987451.0,1.0,"[0, 5, 2, 3]",True,0.002780815956591215,False,Maximum number of function evaluations has been exceeded.,0.02989482879638672,"[3.315525859443425, 0.4192548437474179, 1.788824472037988, 0.1477320393637014, 1.0638792034520608, -0.009830451652925006]"
ibex_w0001,ibex,low_connectivity,finite_shot_holdout,8192,11,ring,reversed,3,18,COBYLA,beat_initial,40,25,204800,328500.0,328500.0,0.0,355207.97518632154,330404.72217833245,0.0,0.0965208068235115,328502.2324400213,,328500.0000000075,,328500.0,,328500.0,,"[0, 1, 2, 3]",True,0.0,True,Optimization terminated successfully.,0.017287492752075195,"[3.1422765089348568, 0.41989403250492335, 1.5952907483666152, 0.1861433993136087, 1.0412381609744688, 0.1203520100389062]"
ibex_w0001,ibex,low_connectivity,finite_shot_holdout,8192,17,ring,reversed,3,18,COBYLA,beat_initial,40,25,204800,328500.0,328500.0,0.0,353928.23396314343,330037.59010803746,0.0,0.11339562095133693,328500.6648736766,,328500.0000000001,,328500.0,,328500.0,,"[0, 1, 2, 3]",True,0.0,True,Optimization terminated successfully.,0.0177915096282959,"[3.1636179026599103, 0.3994677072316477, 1.5599968964898265, 0.1711447037123134, 1.0093051257998125, 0.13127245971924043]"
ibex_w0001,ibex,low_connectivity,finite_shot_holdout,8192,23,ring,reversed,3,18,COBYLA,beat_initial,40,25,204800,328500.0,328500.0,0.0,351733.7621188149,329039.57886974385,0.0,0.16408383738073856,328500.01530642196,,328500.0,,328500.0,,328500.0,,"[0, 1, 2, 3]",True,0.0,True,Optimization terminated successfully.,0.017268657684326172,"[3.152657865367568, 0.3970510938831136, 1.569636527037566, 0.14997081895493075, 1.0558274345507745, 0.08837409821055706]"
ibex_w0001,ibex,low_connectivity,finite_shot_holdout,8192,29,ring,reversed,3,18,COBYLA,beat_initial,40,25,204800,328500.0,328500.0,0.0,354369.24433581566,330197.74072329723,0.0,0.10544070403763714,328501.1788810645,,328500.0000000006,,328500.0,,328500.0,,"[0, 1, 2, 3]",True,0.0,True,Optimization terminated successfully.,0.017162799835205078,"[3.1337552567512486, 0.39369748972919105, 1.5674925234812087, 0.19299015304635286, 1.0484498687468329, 0.12638547227303273]"
ibex_w0002,ibex,low_connectivity,finite_shot_holdout,8192,11,ring,reversed,3,18,COBYLA,beat_initial,40,34,278528,495080.0,493020.0,2060.0,513879.87967124727,499832.97657957353,2.076005528019455e-05,2.076005528019455e-05,495204.9126812641,-0.06063722391461375,495069.1196663932,0.005281715343103888,494912.0708436434,0.08151900794010077,495080.0,0.0,"[0, 1, 2, 3]",False,6.542368018826742e-05,True,Optimization terminated successfully.,0.022383928298950195,"[3.141826175723287, 0.6194127234640279, 1.5954673047398338, 0.18564064274890124, 1.0414456116517214, 0.1208404458135342]"
ibex_w0002,ibex,low_connectivity,finite_shot_holdout,8192,17,ring,reversed,3,18,COBYLA,beat_initial,40,33,270336,495080.0,493020.0,2060.0,507838.91389446903,495819.31243732705,5.884311275002144e-06,5.884311275002144e-06,495079.2358556464,0.00037094386098386487,495076.89917658415,0.0015052540853644442,495030.94301332266,0.023814071202594152,495080.0,0.0,"[0, 1, 2, 3]",False,2.3548921394271236e-05,True,Optimization terminated successfully.,0.022060871124267578,"[3.1641332327046636, 0.3990465179908287, 1.7598815204932674, 0.171171555889395, 1.0090176996757096, 0.13195097879161788]"
ibex_w0002,ibex,low_connectivity,finite_shot_holdout,8192,23,ring,reversed,3,18,COBYLA,beat_initial,40,25,204800,495080.0,493020.0,2060.0,506620.098313455,495260.0656312717,1.655527946466482e-06,1.655527946466482e-06,495079.7819016512,0.00010587298486481231,495079.1271250415,0.0004237257080091598,495066.07829616894,0.0067581086558543,495080.0,0.0,"[0, 1, 2, 3]",False,5.949773417572743e-06,True,Optimization terminated successfully.,0.017769813537597656,"[3.152657865367568, 0.3970510938831136, 1.569636527037566, 0.14997081895493075, 1.0558274345507745, 0.08837409821055706]"
ibex_w0002,ibex,low_connectivity,finite_shot_holdout,8192,29,ring,reversed,3,18,COBYLA,beat_initial,40,37,303104,495080.0,493020.0,2060.0,515273.5430785499,501233.10112113407,0.00019183487030493206,0.00019183487030493206,495590.3200815764,-0.24772819494000678,494990.66523669404,0.043366389954349625,493958.8260912415,0.5442591790089811,493020.0,1.0,"[3, 0, 2, 5]",True,0.0001284964920595405,True,Optimization terminated successfully.,0.024410724639892578,"[3.1340549873969366, 0.3938326989762861, 1.596745877142202, 0.3632850252265514, 1.0197555732749677, 0.3262786778416036]"
ibex_w0003,ibex,low_connectivity,finite_shot_holdout,8192,11,ring,reversed,3,18,COBYLA,beat_initial,40,34,278528,490766.0,484573.0,6193.0,498963.0612591724,487645.34642088594,0.19247724827659238,0.005014949816392738,485311.25670036377,0.8807917486898488,484826.6091427889,0.959049064623136,484573.0000009455,0.9999999998473236,484573.0,1.0,"[5, 0, 2, 1]",True,0.00405087748417115,True,Optimization terminated successfully.,0.024510860443115234,"[3.0929212046254944, 0.6200868247453337, 1.595683426261439, 0.18594278014120247, 1.0409512981047855, 0.12038760507762393]"
ibex_w0003,ibex,low_connectivity,finite_shot_holdout,8192,17,ring,reversed,3,18,COBYLA,beat_initial,40,39,319488,490766.0,484573.0,6193.0,498686.3849064819,487556.6855541351,0.19324844921714707,0.0051588329038037145,485306.1234519155,0.8816206278192296,484818.8522889796,0.9603015842112754,484573.00000052294,0.9999999999155599,484573.0,1.0,"[5, 0, 2, 1]",True,0.004635363017259074,True,Optimization terminated successfully.,0.025273799896240234,"[3.338161785967418, 0.6020058135907372, 1.554860672143784, 0.14424725583853426, 1.004732306557971, 0.16298674487393547]"
ibex_w0003,ibex,low_connectivity,finite_shot_holdout,8192,23,ring,reversed,3,18,COBYLA,beat_initial,40,39,319488,490766.0,484573.0,6193.0,498230.64872550423,487358.5810132572,0.19488796925747223,0.003331835950095929,485411.5958282322,0.8645897257819828,484983.6877584563,0.9336851673734418,484573.0009600446,0.9999998449790698,484573.0,1.0,"[5, 0, 2, 1]",True,0.004355856295389774,True,Optimization terminated successfully.,0.025764942169189453,"[3.1624960715989423, 0.6027860601728067, 1.5724513825213027, 0.15183419262226916, 1.2550246137707792, 0.08511473081041564]"
ibex_w0003,ibex,low_connectivity,finite_shot_holdout,8192,29,ring,reversed,3,18,COBYLA,beat_initial,40,38,311296,490766.0,484573.0,6193.0,498534.8957430706,487509.7061473718,0.19383848624978414,0.005139589268415217,485308.3064258714,0.8812681372725035,484821.12179921573,0.9599351204237474,484573.000000566,0.9999999999086047,484573.0,1.0,"[5, 0, 2, 1]",True,0.004478037095738756,True,Optimization terminated successfully.,0.024730205535888672,"[3.3369370194969226, 0.5941301623728387, 1.767460207151384, 0.1814713324607922, 1.0478322050441602, 0.1258220545986407]"
ibex_w0004,ibex,medium_connectivity,finite_shot_holdout,8192,11,ring,reversed,3,18,COBYLA,beat_initial,40,40,327680,1006420.0,1006340.0,80.0,1023831.8363707134,1011834.0734248906,0.005748362012602211,0.005748362012602211,1007053.2891314185,-7.916114142730658,1006366.7581723061,0.6655228461735533,1006340.0000000044,0.9999999999447027,1006340.0,1.0,"[4, 1, 2, 3]",True,0.0007820720318652078,False,Maximum number of function evaluations has been exceeded.,0.028214216232299805,"[3.1499939983405993, 0.44808349483005333, 1.6996311413833822, 0.16863602357888238, 1.0278387149718413, 0.3408986284823726]"
ibex_w0004,ibex,medium_connectivity,finite_shot_holdout,8192,17,ring,reversed,3,18,COBYLA,beat_initial,40,37,303104,1006420.0,1006340.0,80.0,1024235.1545701626,1011452.0555978258,0.004517294712478213,0.004517294712478213,1006853.0646336987,-5.413307921233354,1006367.416994525,0.6572875684374594,1006340.0000007066,0.9999999911669875,1006340.0,1.0,"[4, 1, 2, 3]",True,0.0006829463241739403,True,Optimization terminated successfully.,0.028560161590576172,"[3.2653881184181115, 0.39440715043393454, 1.8106577609379013, 0.3738111801396111, 1.2169590975552902, 0.12712687900778127]"
ibex_w0004,ibex,medium_connectivity,finite_shot_holdout,8192,23,ring,reversed,3,18,COBYLA,beat_initial,40,38,311296,1006420.0,1006340.0,80.0,1022071.9858036732,1010368.5582857076,0.005798140075957166,0.005798140075957166,1006511.9115429806,-1.1488942872572807,1006358.068812221,0.7741398472368018,1006340.0000000036,0.9999999999548891,1006340.0,1.0,"[4, 1, 2, 3]",True,0.0008245661834576827,True,Optimization terminated successfully.,0.024675369262695312,"[3.355681732121247, 0.39495124032997586, 1.5682836812723204, 0.1494776276820037, 1.0542653483196265, 0.2930763980166528]"
ibex_w0004,ibex,medium_connectivity,finite_shot_holdout,8192,29,ring,reversed,3,18,COBYLA,beat_initial,40,36,294912,1006420.0,1006340.0,80.0,1026836.3639240288,1014135.1256459389,0.004371427207352238,0.004371427207352238,1008362.1554143325,-24.27694267915649,1006629.7360277202,-2.6217003465018935,1006340.0000012878,0.9999999839026714,1006340.0,1.0,"[4, 1, 2, 3]",True,0.0007591587292352628,True,Optimization terminated successfully.,0.02356123924255371,"[3.134283730385231, 0.3936686276199339, 1.767835347000521, 0.3934320482963343, 1.0483821477663509, 0.3270198988553001]"
ibex_w0005,ibex,medium_connectivity,finite_shot_holdout,8192,11,ring,reversed,3,18,COBYLA,beat_initial,40,40,327680,917575.0,915675.0,1900.0,926893.4080750106,917272.8710762379,0.11139579305410094,0.0007293086132322757,916849.2375557204,0.38198023383138013,916695.4493293044,0.46292140562926715,915736.9564380357,0.9673913484022609,915675.0,1.0,"[0, 3, 2, 1]",True,0.0030879847923247898,False,Maximum number of function evaluations has been exceeded.,0.025341510772705078,"[3.3358970958695693, 0.3456055775097814, 1.8043906001373036, 0.13356647797185356, 1.0392159716920935, 0.08048599275779515]"
ibex_w0005,ibex,medium_connectivity,finite_shot_holdout,8192,17,ring,reversed,3,18,COBYLA,beat_initial,40,40,327680,917575.0,915675.0,1900.0,925259.2398815923,917257.801629509,0.11732765471628356,0.0005610276120708881,916861.8350557436,0.3753499706612753,916740.400513379,0.4392628876952528,915798.489421443,0.9350055676615968,915675.0,1.0,"[0, 3, 2, 1]",True,0.003868396446805445,False,Maximum number of function evaluations has been exceeded.,0.025855302810668945,"[3.2936324486184927, 0.30466467420376336, 1.8348461361631887, 0.04788561181803185, 1.2211614578560979, 0.16533923814466206]"
ibex_w0005,ibex,medium_connectivity,finite_shot_holdout,8192,23,ring,reversed,3,18,COBYLA,beat_initial,40,37,303104,917575.0,915675.0,1900.0,928528.1914454779,917282.539380653,0.10707679520589132,0.001116830934006474,916820.5824630779,0.39706186153797285,916598.989727761,0.5136896169678872,915687.6502065805,0.9933419965365656,915675.0,1.0,"[0, 3, 2, 1]",True,0.00321875044147832,True,Optimization terminated successfully.,0.024086475372314453,"[3.15603848059701, 0.39494823463121026, 1.7691934864602907, 0.14824215227479323, 1.205761347582549, 0.08758717943603819]"
ibex_w0005,ibex,medium_connectivity,finite_shot_holdout,8192,29,ring,reversed,3,18,COBYLA,beat_initial,40,40,327680,917575.0,915675.0,1900.0,926078.9172441032,917257.2496580512,0.11702911340827815,0.0008358369948503197,916841.1383453518,0.3862429761306358,916667.975215003,0.47738146578788904,915715.0348185328,0.9789290428774946,915675.0,1.0,"[0, 3, 2, 1]",True,0.0030134620354883407,False,Maximum number of function evaluations has been exceeded.,0.02624058723449707,"[3.2996370241431423, 0.2780352304578817, 1.8489842216584274, 0.0947526545899429, 1.036305338680443, 0.17194741985821]"
ibex_w0006,ibex,medium_connectivity,finite_shot_holdout,8192,11,ring,reversed,3,18,COBYLA,beat_initial,40,40,327680,1312687.0,1298907.0,13780.0,1314222.6484072413,1305661.2096996857,0.3878386167939805,0.0013769202014842744,1302087.0588505187,0.7692264985109826,1301208.8575790497,0.8329566343215055,1298913.3806403636,0.999536963689147,1298907.0,1.0,"[0, 5, 3, 1]",True,0.004868267559548017,False,Maximum number of function evaluations has been exceeded.,0.02557373046875,"[3.22325070795287, 0.5837816345457596, 1.9180831163498664, 0.028513250560959845, 1.397737832196942, 0.2854228797650117]"
ibex_w0006,ibex,medium_connectivity,finite_shot_holdout,8192,17,ring,reversed,3,18,COBYLA,beat_initial,40,40,327680,1312687.0,1298907.0,13780.0,1314705.5127671293,1305844.8898543057,0.36504398101618996,0.001413948409313671,1302094.1027108063,0.7687153330329246,1301233.9794267835,0.8311335684482214,1298913.3243201552,0.999541050786996,1298907.0,1.0,"[0, 5, 3, 2]",True,0.005579827444956805,False,Maximum number of function evaluations has been exceeded.,0.026041746139526367,"[3.1335977551440224, 0.5415055155493455, 1.784107185166519, 0.20220219670584552, 1.2029997470356875, 0.09094166143438749]"
ibex_w0006,ibex,medium_connectivity,finite_shot_holdout,8192,23,ring,reversed,3,18,COBYLA,beat_initial,40,40,327680,1312687.0,1298907.0,13780.0,1315110.4797014513,1305721.4579425938,0.3594316182987161,0.0034901029258859106,1301584.1695529334,0.8057206420222478,1300089.9869418556,0.9141518910119278,1298907.000851701,0.9999999381929598,1298907.0,1.0,"[0, 5, 3, 1]",True,0.005899417423041098,True,Optimization terminated successfully.,0.026406288146972656,"[3.152382097289023, 0.5964605688018376, 1.5740396216507442, 0.14938314323150184, 1.0557714301475638, 0.2631178232055342]"
ibex_w0006,ibex,medium_connectivity,finite_shot_holdout,8192,29,ring,reversed,3,18,COBYLA,beat_initial,40,40,327680,1312687.0,1298907.0,13780.0,1314704.186590962,1305821.304335373,0.36589083571780817,0.0014612137923594904,1302080.8130812931,0.7696797473662457,1301196.92904482,0.8338222754121987,1298912.1147920701,0.999628824958627,1298907.0,1.0,"[0, 5, 3, 1]",True,0.0054568208202854926,False,Maximum number of function evaluations has been exceeded.,0.025920391082763672,"[3.3172845643619326, 0.5474631537075698, 1.7813370124884602, 0.18077153703171753, 1.0689413130372516, 0.11389619592312936]"
ibex_w0007,ibex,medium_connectivity,finite_shot_holdout,8192,11,ring,reversed,3,18,COBYLA,beat_initial,40,40,327680,915692.0,911572.0,4120.0,940193.454561574,922839.882348556,0.021534897146438366,0.005649382780383259,913394.0102297921,0.5577645073320153,911724.4141773017,0.9630062676452211,911572.000000045,0.9999999999890649,911572.0,1.0,"[4, 1, 0, 3]",True,0.0011329428089832964,False,Maximum number of function evaluations has been exceeded.,0.026166439056396484,"[3.2197410968459597, 0.5947123161963359, 1.6469465952347024, 0.44833549604910083, 1.0558257586974407, 0.42151369412121586]"
ibex_w0007,ibex,medium_connectivity,finite_shot_holdout,8192,17,ring,reversed,3,18,COBYLA,beat_initial,40,40,327680,915692.0,911572.0,4120.0,940483.6103135832,922808.5621417387,0.020766135158612052,0.005157110240738496,913458.3382660373,0.5421509063016291,911746.8850278358,0.9575521777097465,911572.0000003427,0.9999999999168139,911572.0,1.0,"[4, 1, 0, 3]",True,0.0016893988449761415,False,Maximum number of function evaluations has been exceeded.,0.025963306427001953,"[3.046601108285778, 0.5020130069441205, 1.4549879584871628, 0.41619169338031814, 1.3050042192974245, 0.44218266315772853]"
ibex_w0007,ibex,medium_connectivity,finite_shot_holdout,8192,23,ring,reversed,3,18,COBYLA,beat_initial,40,40,327680,915692.0,911572.0,4120.0,939490.2598995432,922145.1946216904,0.023923232722886205,0.005992905966183397,913145.6081731488,0.6180562686531983,911703.0529026863,0.9681910430373075,911572.000000011,0.9999999999973439,911572.0,1.0,"[4, 1, 0, 3]",True,0.001454352955209976,False,Maximum number of function evaluations has been exceeded.,0.026498794555664062,"[3.154659184372628, 0.5973820640614377, 1.776156882911454, 0.4221851441296612, 1.2625561537817698, 0.4644782813297772]"
ibex_w0007,ibex,medium_connectivity,finite_shot_holdout,8192,29,ring,reversed,3,18,COBYLA,beat_initial,40,40,327680,915692.0,911572.0,4120.0,940064.6839532906,922521.219708063,0.022869291112192713,0.0059158501891275,913252.5008211761,0.5921114511708492,911708.9159471275,0.9667679739981784,911572.000000015,0.9999999999963549,911572.0,1.0,"[4, 1, 0, 3]",True,0.0015238571826138195,False,Maximum number of function evaluations has been exceeded.,0.02586507797241211,"[3.346820265986668, 0.6018743240034784, 1.6779482807901072, 0.4545371553142074, 1.2751432805125325, 0.39500313911060736]"
ibex_w0008,ibex,high_connectivity,finite_shot_holdout,8192,11,ring,reversed,3,18,COBYLA,beat_initial,40,35,286720,958345.0,955315.0,3030.0,986210.8436771971,969084.6418857137,0.0021738586073951514,3.054538737974189e-05,959447.7638208523,-0.3639484557268216,957448.5618843453,0.29585416358242445,956082.9739464395,0.746543252000181,956185.0,0.7128712871287128,"[0, 3, 2, 1]",False,0.00046005171772606484,True,Optimization terminated successfully.,0.02307724952697754,"[3.142399448218228, 0.6196649285891203, 1.5945507948068318, 0.18675934928574425, 1.041251295521462, 0.12027921461849135]"
ibex_w0008,ibex,high_connectivity,finite_shot_holdout,8192,17,ring,reversed,3,18,COBYLA,beat_initial,40,40,327680,958345.0,955315.0,3030.0,989223.9969833777,971405.4287531772,0.003803000822109018,0.0003311295385644928,959556.9789282687,-0.39999304563321925,957066.5070929526,0.4219448538110192,955539.0711472173,0.9260491263309245,955315.0,1.0,"[3, 1, 2, 0]",True,0.0006792164934797609,False,Maximum number of function evaluations has been exceeded.,0.02567768096923828,"[3.0800255929115163, 0.24003690779274353, 1.6602217441926663, 0.5646335659010159, 0.9878063633344011, 0.417267509580886]"
ibex_w0008,ibex,high_connectivity,finite_shot_holdout,8192,23,ring,reversed,3,18,COBYLA,beat_initial,40,40,327680,958345.0,955315.0,3030.0,986775.8718345419,969262.0836859392,0.004903707375224143,0.0002538347526902606,958911.3734608612,-0.18692193427760917,956772.067381902,0.5191196759399288,955622.5550507461,0.8984966829220884,955315.0,1.0,"[3, 1, 2, 0]",True,0.0007039822529503008,False,Maximum number of function evaluations has been exceeded.,0.026586055755615234,"[3.3516820019875126, 0.3978920396491645, 1.5708256305552943, 0.34864306399897643, 1.0561300499725272, 0.28802753880946974]"
ibex_w0008,ibex,high_connectivity,finite_shot_holdout,8192,29,ring,reversed,3,18,COBYLA,beat_initial,40,40,327680,958345.0,955315.0,3030.0,987584.2585739109,970267.0009781923,0.003071338599503719,9.443240554386125e-05,959582.9906792664,-0.4085777819361046,957239.5704215653,0.36482824370781386,955905.9267962482,0.8049746547035701,956185.0,0.7128712871287128,"[0, 3, 2, 1]",False,0.00047886589256639507,False,Maximum number of function evaluations has been exceeded.,0.026221275329589844,"[3.2655339121988076, 0.5995987505288789, 1.8337363385167746, 0.35999490971875736, 1.0426887563594551, 0.12065162678971532]"
ibex_w0009,ibex,high_connectivity,finite_shot_holdout,8192,11,ring,reversed,3,18,COBYLA,beat_initial,40,38,311296,463123.0,462461.0,662.0,483513.53928090533,462778.2956653233,0.1301753529745803,0.1301753529745803,462461.0880012783,0.9998670675554573,462460.99999999994,1.000000000000088,462461.0,1.0,462461.0,1.0,"[1, 0, 2, 3]",True,0.0033257460118804186,True,Optimization terminated successfully.,0.02483081817626953,"[3.0297269382680794, 0.2965037854904552, 1.8153859589989059, 0.19469730866720722, 1.0529045186811894, 0.14309051020658745]"
ibex_w0009,ibex,high_connectivity,finite_shot_holdout,8192,17,ring,reversed,3,18,COBYLA,beat_initial,40,40,327680,463123.0,462461.0,662.0,480920.6645649871,462758.2119364298,0.13775984273799116,0.13775984273799116,462461.05024195154,0.9999241058133842,462461.0,1.0,462461.0,1.0,462461.0,1.0,"[1, 0, 2, 3]",True,0.004089337383197494,False,Maximum number of function evaluations has been exceeded.,0.025785207748413086,"[3.4351060355054694, 0.3161179449080374, 1.7727485302645893, 0.09303292710538427, 1.2719090488133205, 0.23611059328479864]"
ibex_w0009,ibex,high_connectivity,finite_shot_holdout,8192,23,ring,reversed,3,18,COBYLA,beat_initial,40,37,303104,463123.0,462461.0,662.0,485574.21376967983,462794.65229605127,0.123998377624158,0.123998377624158,462461.13841256575,0.9997909175743964,462461.0,1.0,462461.0,1.0,462461.0,1.0,"[1, 0, 2, 3]",True,0.0034510929029398026,True,Optimization terminated successfully.,0.024376869201660156,"[3.1551529695424807, 0.3953553232299368, 1.7689962719212893, 0.14895266035460453, 1.2057086811717954, 0.08909823858667681]"
ibex_w0009,ibex,high_connectivity,finite_shot_holdout,8192,29,ring,reversed,3,18,COBYLA,beat_initial,40,40,327680,463123.0,462461.0,662.0,480353.49170670996,462775.7723872039,0.13112825256651256,0.13112825256651256,462461.08203916665,0.9998760737663908,462461.0,1.0,462461.0,1.0,462461.0,1.0,"[1, 0, 2, 3]",True,0.0034709997705683173,False,Maximum number of function evaluations has been exceeded.,0.025937795639038086,"[3.258265704927404, 0.297406302943291, 1.8126199540688377, 0.14143231410504814, 1.0391367671086154, 0.13319204372181845]"
ibex_w0010,ibex,high_connectivity,finite_shot_holdout,8192,11,ring,reversed,3,18,COBYLA,beat_initial,40,38,311296,894106.0,881976.0,12130.0,895292.3340798942,889351.217520464,0.4154980900001687,0.0024510174428581063,886587.7133255029,0.6198092889115472,884555.003498549,0.7873863562614187,881976.1707987568,0.9999859193110664,881976.0,1.0,"[0, 2, 3, 1]",True,0.0050616871772806915,True,Optimization terminated successfully.,0.024653196334838867,"[3.152480969336507, 0.47614152338806, 1.6040237302735134, 0.20087341629515992, 0.997725245179947, 0.10714069885370808]"
ibex_w0010,ibex,high_connectivity,finite_shot_holdout,8192,17,ring,reversed,3,18,COBYLA,beat_initial,40,37,303104,894106.0,881976.0,12130.0,895149.7632426593,889026.8149841422,0.41388101909873226,0.003203958183493401,886360.2432226867,0.6385619766952436,884095.3289277097,0.8252820339893058,881976.0075979175,0.9999993736259309,881976.0,1.0,"[0, 2, 3, 1]",True,0.005723037589035803,True,Optimization terminated successfully.,0.024663209915161133,"[3.164474565150031, 0.3971779903558075, 1.7602948441360564, 0.21747737577961568, 1.0289398532159733, 0.1292045293352696]"
ibex_w0010,ibex,high_connectivity,finite_shot_holdout,8192,23,ring,reversed,3,18,COBYLA,beat_initial,40,39,319488,894106.0,881976.0,12130.0,895604.8517777269,889958.9492986327,0.40393813136295814,0.0016738433731806183,886831.2925599912,0.5997285605942917,885125.1845267313,0.7403805006816768,881980.1743540732,0.9996558652866248,881976.0,1.0,"[0, 2, 3, 1]",True,0.005815249833694337,True,Optimization terminated successfully.,0.02545309066772461,"[3.169020470918453, 0.5923778244037894, 1.574023290205372, 0.14600934406135763, 1.0210867473481198, 0.13303926242193248]"
ibex_w0010,ibex,high_connectivity,finite_shot_holdout,8192,29,ring,reversed,3,18,COBYLA,beat_initial,40,40,327680,894106.0,881976.0,12130.0,895347.3645704153,889408.5075958187,0.4114057063883243,0.0026212977052590958,886519.7591660166,0.6254114455056395,884433.5957595843,0.7973952382865346,881976.0831561793,0.9999931445853844,881976.0,1.0,"[0, 2, 3, 1]",True,0.005510518151563042,True,Optimization terminated successfully.,0.02568507194519043,"[3.336245458478049, 0.4812196328972589, 1.770814147492672, 0.19047659214776963, 1.047862614789217, 0.12353157663686125]"
ibex_w0011,ibex,high_connectivity,finite_shot_holdout,8192,11,ring,reversed,3,18,COBYLA,beat_initial,40,25,204800,849273.0,849273.0,0.0,1041356.2955376306,866148.8003467266,0.0,0.07784499256441361,849303.6912522265,,849273.0000052474,,849273.0,,849273.0,,"[0, 1, 2, 3]",True,0.0,True,Optimization terminated successfully.,0.018010377883911133,"[3.1422765089348568, 0.41989403250492335, 1.5952907483666152, 0.1861433993136087, 1.0412381609744688, 0.1203520100389062]"
ibex_w0011,ibex,high_connectivity,finite_shot_holdout,8192,17,ring,reversed,3,18,COBYLA,beat_initial,40,25,204800,849273.0,849273.0,0.0,1031477.9398672807,862625.975586696,0.0,0.09310198326589046,849283.4631027294,,849273.0000000733,,849273.0,,849273.0,,"[0, 1, 2, 3]",True,0.0,True,Optimization terminated successfully.,0.01721644401550293,"[3.1636179026599103, 0.3994677072316477, 1.5599968964898265, 0.1711447037123134, 1.0093051257998125, 0.13127245971924043]"
ibex_w0011,ibex,high_connectivity,finite_shot_holdout,8192,23,ring,reversed,3,18,COBYLA,beat_initial,40,25,204800,849273.0,849273.0,0.0,1011934.2666225156,853424.6197848842,0.0,0.14314591020233544,849273.2741047305,,849273.0,,849273.0,,849273.0,,"[0, 1, 2, 3]",True,0.0,True,Optimization terminated successfully.,0.01811075210571289,"[3.152657865367568, 0.3970510938831136, 1.569636527037566, 0.14997081895493075, 1.0558274345507745, 0.08837409821055706]"
ibex_w0011,ibex,high_connectivity,finite_shot_holdout,8192,29,ring,reversed,3,18,COBYLA,beat_initial,40,25,204800,849273.0,849273.0,0.0,1035283.9369902483,864313.555840003,0.0,0.08566857283096752,849290.7037495591,,849273.0000005923,,849273.0,,849273.0,,"[0, 1, 2, 3]",True,0.0,True,Optimization terminated successfully.,0.018218994140625,"[3.1337552567512486, 0.39369748972919105, 1.5674925234812087, 0.19299015304635286, 1.0484498687468329, 0.12638547227303273]"
