cells,sites,register_width,invalid_codewords,net_count,geometry_family,instances,phase_cx_median,phase_cx_q1,phase_cx_q3,phase_cx_min,phase_cx_max,walsh_terms_median,walsh_terms_min,walsh_terms_max
4,6,3,2,6,compact,5,1080.0,1080.0,1272.0,1068,1320,282.0,282,306
4,6,3,2,6,line,5,1272.0,972.0,1284.0,924,1416,306.0,258,330
4,6,3,2,6,l_shape,5,1428.0,1320.0,1440.0,1308,1488,354.0,330,354
4,6,3,2,6,sparse_scatter,5,1464.0,1404.0,1476.0,1308,1548,354.0,330,378
4,6,3,2,6,all,20,1314.0,1224.0,1431.0,924,1548,330.0,258,378
4,8,3,0,6,compact,5,852.0,792.0,888.0,120,996,210.0,48,270
4,8,3,0,6,line,5,1284.0,1116.0,1344.0,492,1440,306.0,138,342
4,8,3,0,6,l_shape,5,1128.0,1116.0,1284.0,492,1344,306.0,138,330
4,8,3,0,6,sparse_scatter,5,1548.0,1476.0,1548.0,1464,1548,366.0,354,378
4,8,3,0,6,all,20,1206.0,879.0,1446.0,120,1548,306.0,48,378
4,9,4,7,6,compact,5,8244.0,8232.0,8328.0,7668,8520,1398.0,1272,1428
4,9,4,7,6,line,5,8688.0,7812.0,8688.0,7008,8820,1446.0,1284,1470
4,9,4,7,6,l_shape,5,8640.0,7836.0,8664.0,7836,8916,1446.0,1344,1470
4,9,4,7,6,sparse_scatter,5,8928.0,8916.0,9108.0,8868,9120,1494.0,1482,1518
4,9,4,7,6,all,20,8652.0,8133.0,8880.0,7008,9120,1446.0,1272,1518
4,12,4,4,6,compact,5,7872.0,7656.0,8052.0,4584,8196,1350.0,762,1374
4,12,4,4,6,line,5,8280.0,7800.0,8520.0,5184,8832,1398.0,906,1470
4,12,4,4,6,l_shape,5,8412.0,7668.0,8484.0,7104,8760,1422.0,1218,1458
4,12,4,4,6,sparse_scatter,5,9228.0,9120.0,9228.0,9036,9228,1530.0,1506,1530
4,12,4,4,6,all,20,8346.0,7767.0,8883.0,4584,9228,1410.0,762,1530
4,16,4,0,6,compact,5,7368.0,7188.0,7392.0,216,7632,1230.0,84,1290
4,16,4,0,6,line,5,8856.0,8832.0,8952.0,1680,9060,1470.0,354,1494
4,16,4,0,6,l_shape,5,8748.0,8676.0,8820.0,1692,9000,1446.0,354,1494
4,16,4,0,6,sparse_scatter,5,9168.0,9144.0,9228.0,9036,9228,1518.0,1506,1530
4,16,4,0,6,all,20,8826.0,7386.0,9042.0,216,9228,1470.0,84,1530
