readouts_per_seed,total_readouts_four_seed_selector,qaoa_single_seed_mean_exact_hit_probability,uniform_single_seed_mean_exact_hit_probability,qaoa_four_seed_selector_mean_exact_hit_probability,uniform_four_seed_selector_mean_exact_hit_probability,qaoa_minus_uniform_single_seed,qaoa_minus_uniform_four_seed_selector
1,4,0.06536372505306814,0.005246913580246904,0.21150168735595523,0.020570170275031108,0.06011681147282124,0.19093151708092412
2,8,0.12090714150414354,0.010423096707818874,0.3338395393821847,0.040088692546069477,0.11048404479632466,0.2937508468361152
4,16,0.2098475193712126,0.020570170275031108,0.4610492092629376,0.07635026022428841,0.1892773490961815,0.38469894903864915
8,32,0.3300201916780253,0.040088692546069477,0.5519448344271197,0.13989093018923873,0.2899314991319558,0.412053904237881
16,64,0.4549948716761371,0.07635026022428841,0.6080291880805924,0.24241850096496165,0.3786446114518487,0.3656106871156307
32,128,0.5461549767093177,0.13989093018923873,0.663870373535758,0.39374355323523713,0.40626404652007897,0.2701268203005208
64,256,0.6022503179760853,0.24241850096496165,0.7270792093875836,0.5949378072394041,0.35983181701112366,0.1321414021481795
128,512,0.6557543797238349,0.39374355323523713,0.7920548734643288,0.8097503499930833,0.26201082648859775,-0.017695476528754472
256,1024,0.7176083541193815,0.5949378072394041,0.8498039705365036,0.9554084059240113,0.12267054687997736,-0.10560443538750774
512,2048,0.7816623457248946,0.8097503499930833,0.8941703130164311,0.9974347941476182,-0.028088004268188693,-0.10326448113118702
1024,4096,0.8388246061261806,0.9554084059240113,0.9247957225451066,0.9999913930549482,-0.11658379979783073,-0.07519567050984166
4096,16384,0.9142509033245592,0.9999913930549482,0.9599096667988789,1.0,-0.08574048973038906,-0.0400903332011211
