instance_id,family,num_cells,num_sites,method,init_mode,optimizer_seed,exact_hpwl,initial_hpwl,optimal_probability,feasible_probability,improvement_probability,objective_value,evaluations,optimizer_success,theta,runtime_seconds
fresh4_sparse_grid_904000,sparse_grid,4,6,penalty_row_xy,deterministic,11,10.41,16.83,0.03878952338066999,0.33234246940478374,0.13444196465428696,14.760793101390103,77,True,"[0.4503969370990935, 1.8070893322413695, 0.15151617309672694, 1.0714140198928435, 0.36753374513259457]",0.08488476900038222
fresh4_sparse_grid_904000,sparse_grid,4,6,penalty_row_xy,deterministic,17,10.41,16.83,0.06073989314144531,0.4249086593619603,0.2532756742850575,12.959012247041859,142,True,"[0.6862428661516797, 1.790480112198082, 0.5940737515236854, 0.8046023875634637, 0.0622819105534902]",0.18298359699929279
fresh4_sparse_grid_904000,sparse_grid,4,6,penalty_row_xy,deterministic,23,10.41,16.83,0.019652708516703272,0.46483581862604284,0.2855021658583125,13.395767817521524,93,True,"[0.6320954142111362, 1.8526647056152297, 0.54121241893861, 1.2746812410274688, -0.04148284829834653]",0.09131274399987888
fresh4_sparse_grid_904000,sparse_grid,4,6,penalty_row_xy,deterministic,31,10.41,16.83,0.031342790138654805,0.3445903452377681,0.15866579753874516,14.47991996767303,62,True,"[0.4410418972862492, 1.854692416593183, 0.12213293156636934, 1.2451479027544408, 0.29837314672685766]",0.06328151199977583
fresh4_sparse_grid_904000,sparse_grid,4,6,penalty_row_xy,poor,11,10.41,28.020000000000003,0.07574436342873951,0.35020985633630247,0.34540435824467247,14.395214535549856,75,True,"[0.5557523366960632, 1.8278464560575605, 0.21751531351648726, 1.0156979746825128, 0.11728748193273575]",0.08198615000037535
fresh4_sparse_grid_904000,sparse_grid,4,6,penalty_row_xy,poor,17,10.41,28.020000000000003,0.07578842999215392,0.3487762873698691,0.3440041757261072,14.39557163320244,64,True,"[0.5559862070017236, 1.8241856360776967, 0.21760601461749224, 1.0164761539603988, 0.11871246993743123]",0.07102177999968262
fresh4_sparse_grid_904000,sparse_grid,4,6,penalty_row_xy,poor,23,10.41,28.020000000000003,0.051258484489158984,0.3481490096583566,0.34788759261549507,13.740863935115232,63,True,"[0.7803513780192196, 1.7740416387023665, 0.4129304808168915, 1.2492903226216585, 0.3533841152348919]",0.0669770280001103
fresh4_sparse_grid_904000,sparse_grid,4,6,penalty_row_xy,poor,31,10.41,28.020000000000003,0.0758150324014773,0.3507460137908927,0.3460249030803455,14.395320571509876,45,True,"[0.5535637522539978, 1.8293704006243034, 0.21737225368143953, 1.0166788832910445, 0.11640506548726592]",0.049212251999961154
fresh4_sparse_grid_904000,sparse_grid,4,6,token,deterministic,11,10.41,16.83,0.2276379483291488,1.0000000000000002,0.3293977830088844,10.697128743453728,200,False,"[1.494345372090197, 1.3114869273324568, 0.691066858186214, 0.8968943176861743, 0.3271994726611729]",0.055675135999990744
fresh4_sparse_grid_904000,sparse_grid,4,6,token,deterministic,17,10.41,16.83,0.1445680165796665,1.0,0.4027368048080918,11.763746667117076,69,True,"[0.7359760575066665, 1.4039315661411087, 1.4392595033150488, 1.0395959230216874, 0.3611213432453857]",0.020199503999720037
fresh4_sparse_grid_904000,sparse_grid,4,6,token,deterministic,23,10.41,16.83,0.1445683404558673,1.0,0.40240069096845127,11.763742508546667,72,True,"[0.7364760347518151, 1.4029754981707625, 1.4380268215583774, 1.0405880381906027, 0.3615337486581495]",0.020994556999539782
fresh4_sparse_grid_904000,sparse_grid,4,6,token,deterministic,31,10.41,16.83,0.1445679508869876,1.0,0.40280217895168796,11.763747510611076,69,True,"[0.7373013073027087, 1.403848774076446, 1.4393864124753966, 1.0395675570843326, 0.36170889910280496]",0.02010185199924308
fresh4_sparse_grid_904000,sparse_grid,4,6,token,poor,11,10.41,28.020000000000003,0.21696856037741752,1.0,0.9998603208897369,10.85027671828354,69,True,"[1.561254284421091, 2.086889578368455, 0.39044120532421583, 0.8810996489960831, 0.5891209566748038]",0.021267299000101048
fresh4_sparse_grid_904000,sparse_grid,4,6,token,poor,17,10.41,28.020000000000003,0.21700211253671786,0.9999999999999999,0.9998637082725855,10.850300005680824,79,True,"[1.5605856407943697, 2.0667356145296076, 0.3883714185979484, 0.8799948876094935, 0.5886714055404209]",0.02488857799926336
fresh4_sparse_grid_904000,sparse_grid,4,6,token,poor,23,10.41,28.020000000000003,0.21705094915554624,1.0000000000000002,0.9998602364534306,10.848958705810562,128,True,"[1.5532256314904365, 1.8485846667618455, 0.39012560971819393, 0.8799087067687484, 0.5900532075134105]",0.040010476000134076
fresh4_sparse_grid_904000,sparse_grid,4,6,token,poor,31,10.41,28.020000000000003,0.21722341451814955,1.0,0.9998350936940124,10.845170272158716,141,True,"[1.5411018427119836, 1.7084744107665373, 0.3921845887511235, 0.880883395466081, 0.5929767513961494]",0.045196540999313584
