design,window_id,case_kind,selection_stratum,seed,initial_hpwl_dbu,selected_hpwl_dbu,hpwl_delta_dbu,setup_wns_ns,setup_tns_ns,hold_wns_ns,hold_tns_ns
gcd,__baseline_before__,baseline,__all__,none,0,0,0,-0.15504528655356675,-6.902965505702716,0.09313917956070472,0.0
gcd,gcd_w0000,assignment,low_connectivity,11,48554,48554,0,-0.15504528655356675,-6.902965505702716,0.09313917956070472,0.0
gcd,gcd_w0001,assignment,low_connectivity,11,116508,113778,-2730,-0.15504528655356675,-6.902963729345827,0.09313917956070472,0.0
gcd,gcd_w0002,assignment,low_connectivity,11,106526,106456,-70,-0.15504528655356675,-6.902954847561379,0.09313917956070472,0.0
gcd,gcd_w0003,assignment,low_connectivity,11,118619,118279,-340,-0.15504528655356675,-6.902964173435049,0.09313917956070472,0.0
gcd,gcd_w0004,assignment,medium_connectivity,11,163540,157255,-6285,-0.15554011296963685,-6.9035805692757535,0.09313917956070472,0.0
gcd,gcd_w0005,assignment,medium_connectivity,11,179500,156361,-23139,-0.15504528655356675,-6.902965505702716,0.09313917956070472,0.0
gcd,gcd_w0006,assignment,medium_connectivity,11,136808,135057,-1751,-0.15504528655356675,-6.903164457674356,0.09313917956070472,0.0
gcd,gcd_w0007,assignment,medium_connectivity,11,131960,130976,-984,-0.15504528655356675,-6.902965505702716,0.09313917956070472,0.0
gcd,gcd_w0008,assignment,high_connectivity,11,255787,255787,0,-0.15504528655356675,-6.902965505702716,0.09313917956070472,0.0
gcd,gcd_w0009,assignment,high_connectivity,11,136075,119790,-16285,-0.15389484566733788,-6.899653044192762,0.09313917956070472,0.0
gcd,gcd_w0010,assignment,high_connectivity,11,78843,78843,0,-0.15504528655356675,-6.902965505702716,0.09313917956070472,0.0
gcd,gcd_w0011,assignment,high_connectivity,11,197788,192497,-5291,-0.15504528655356675,-6.902965505702716,0.09313917956070472,0.0
gcd,__baseline_after__,baseline,__all__,none,0,0,0,-0.15504528655356675,-6.902965505702716,0.09313917956070472,0.0
