instance_id,family,cells,sites,method,initialization,seed,budget,evaluations,best_cost,exact_cost,initial_cost,optimal_hit,ratio
quality_6_8_compact_1,compact,6,8,uniform,deterministic,401,32,32,28.0,23.380000000000003,42.08,False,1.1976047904191616
quality_6_8_compact_1,compact,6,8,uniform,deterministic,409,32,32,25.660000000000004,23.380000000000003,42.08,False,1.097519247219846
quality_6_8_compact_1,compact,6,8,uniform,deterministic,419,32,32,28.2,23.380000000000003,42.08,False,1.206159110350727
quality_6_8_compact_1,compact,6,8,uniform,deterministic,421,32,32,31.200000000000003,23.380000000000003,42.08,False,1.3344739093242086
quality_6_8_compact_1,compact,6,8,uniform,deterministic,401,128,128,27.860000000000007,23.380000000000003,42.08,False,1.191616766467066
quality_6_8_compact_1,compact,6,8,uniform,deterministic,409,128,128,25.660000000000004,23.380000000000003,42.08,False,1.097519247219846
quality_6_8_compact_1,compact,6,8,uniform,deterministic,419,128,128,25.16,23.380000000000003,42.08,False,1.0761334473909323
quality_6_8_compact_1,compact,6,8,uniform,deterministic,421,128,128,26.56,23.380000000000003,42.08,False,1.1360136869118904
quality_6_8_compact_1,compact,6,8,uniform,deterministic,401,512,512,23.380000000000003,23.380000000000003,42.08,True,1.0
quality_6_8_compact_1,compact,6,8,uniform,deterministic,409,512,512,24.5,23.380000000000003,42.08,False,1.0479041916167664
quality_6_8_compact_1,compact,6,8,uniform,deterministic,419,512,512,25.16,23.380000000000003,42.08,False,1.0761334473909323
quality_6_8_compact_1,compact,6,8,uniform,deterministic,421,512,512,23.380000000000003,23.380000000000003,42.08,True,1.0
quality_6_8_compact_1,compact,6,8,annealing,deterministic,401,32,32,26.340000000000003,23.380000000000003,42.08,False,1.1266039349871686
quality_6_8_compact_1,compact,6,8,annealing,deterministic,409,32,32,30.56,23.380000000000003,42.08,False,1.3071000855431991
quality_6_8_compact_1,compact,6,8,annealing,deterministic,419,32,32,24.32,23.380000000000003,42.08,False,1.0402053036783574
quality_6_8_compact_1,compact,6,8,annealing,deterministic,421,32,32,28.02,23.380000000000003,42.08,False,1.198460222412318
quality_6_8_compact_1,compact,6,8,annealing,deterministic,401,128,128,26.04,23.380000000000003,42.08,False,1.1137724550898203
quality_6_8_compact_1,compact,6,8,annealing,deterministic,409,128,128,24.32,23.380000000000003,42.08,False,1.0402053036783574
quality_6_8_compact_1,compact,6,8,annealing,deterministic,419,128,128,23.380000000000003,23.380000000000003,42.08,True,1.0
quality_6_8_compact_1,compact,6,8,annealing,deterministic,421,128,128,23.380000000000003,23.380000000000003,42.08,True,1.0
quality_6_8_compact_1,compact,6,8,annealing,deterministic,401,512,512,23.380000000000003,23.380000000000003,42.08,True,1.0
quality_6_8_compact_1,compact,6,8,annealing,deterministic,409,512,512,24.32,23.380000000000003,42.08,False,1.0402053036783574
quality_6_8_compact_1,compact,6,8,annealing,deterministic,419,512,512,23.380000000000003,23.380000000000003,42.08,True,1.0
quality_6_8_compact_1,compact,6,8,annealing,deterministic,421,512,512,23.380000000000003,23.380000000000003,42.08,True,1.0
quality_6_8_compact_1,compact,6,8,multistart_greedy,deterministic,401,32,32,26.04,23.380000000000003,42.08,False,1.1137724550898203
quality_6_8_compact_1,compact,6,8,multistart_greedy,deterministic,409,32,32,26.04,23.380000000000003,42.08,False,1.1137724550898203
quality_6_8_compact_1,compact,6,8,multistart_greedy,deterministic,419,32,32,26.04,23.380000000000003,42.08,False,1.1137724550898203
quality_6_8_compact_1,compact,6,8,multistart_greedy,deterministic,421,32,32,26.04,23.380000000000003,42.08,False,1.1137724550898203
quality_6_8_compact_1,compact,6,8,multistart_greedy,deterministic,401,128,128,23.380000000000003,23.380000000000003,42.08,True,1.0
quality_6_8_compact_1,compact,6,8,multistart_greedy,deterministic,409,128,128,23.380000000000003,23.380000000000003,42.08,True,1.0
quality_6_8_compact_1,compact,6,8,multistart_greedy,deterministic,419,128,128,23.380000000000003,23.380000000000003,42.08,True,1.0
quality_6_8_compact_1,compact,6,8,multistart_greedy,deterministic,421,128,128,23.380000000000003,23.380000000000003,42.08,True,1.0
quality_6_8_compact_1,compact,6,8,multistart_greedy,deterministic,401,512,512,23.380000000000003,23.380000000000003,42.08,True,1.0
quality_6_8_compact_1,compact,6,8,multistart_greedy,deterministic,409,512,512,23.380000000000003,23.380000000000003,42.08,True,1.0
quality_6_8_compact_1,compact,6,8,multistart_greedy,deterministic,419,512,512,23.380000000000003,23.380000000000003,42.08,True,1.0
quality_6_8_compact_1,compact,6,8,multistart_greedy,deterministic,421,512,512,23.380000000000003,23.380000000000003,42.08,True,1.0
quality_6_8_compact_1,compact,6,8,uniform,poor,401,32,32,28.0,23.380000000000003,52.74000000000001,False,1.1976047904191616
quality_6_8_compact_1,compact,6,8,uniform,poor,409,32,32,25.660000000000004,23.380000000000003,52.74000000000001,False,1.097519247219846
quality_6_8_compact_1,compact,6,8,uniform,poor,419,32,32,28.2,23.380000000000003,52.74000000000001,False,1.206159110350727
quality_6_8_compact_1,compact,6,8,uniform,poor,421,32,32,31.200000000000003,23.380000000000003,52.74000000000001,False,1.3344739093242086
quality_6_8_compact_1,compact,6,8,uniform,poor,401,128,128,27.860000000000007,23.380000000000003,52.74000000000001,False,1.191616766467066
quality_6_8_compact_1,compact,6,8,uniform,poor,409,128,128,25.660000000000004,23.380000000000003,52.74000000000001,False,1.097519247219846
quality_6_8_compact_1,compact,6,8,uniform,poor,419,128,128,25.16,23.380000000000003,52.74000000000001,False,1.0761334473909323
quality_6_8_compact_1,compact,6,8,uniform,poor,421,128,128,26.56,23.380000000000003,52.74000000000001,False,1.1360136869118904
quality_6_8_compact_1,compact,6,8,uniform,poor,401,512,512,23.380000000000003,23.380000000000003,52.74000000000001,True,1.0
quality_6_8_compact_1,compact,6,8,uniform,poor,409,512,512,24.5,23.380000000000003,52.74000000000001,False,1.0479041916167664
quality_6_8_compact_1,compact,6,8,uniform,poor,419,512,512,25.16,23.380000000000003,52.74000000000001,False,1.0761334473909323
quality_6_8_compact_1,compact,6,8,uniform,poor,421,512,512,23.380000000000003,23.380000000000003,52.74000000000001,True,1.0
quality_6_8_compact_1,compact,6,8,annealing,poor,401,32,32,23.380000000000003,23.380000000000003,52.74000000000001,True,1.0
quality_6_8_compact_1,compact,6,8,annealing,poor,409,32,32,24.759999999999998,23.380000000000003,52.74000000000001,False,1.0590248075278013
quality_6_8_compact_1,compact,6,8,annealing,poor,419,32,32,29.04,23.380000000000003,52.74000000000001,False,1.242087254063302
quality_6_8_compact_1,compact,6,8,annealing,poor,421,32,32,31.36,23.380000000000003,52.74000000000001,False,1.341317365269461
quality_6_8_compact_1,compact,6,8,annealing,poor,401,128,128,23.380000000000003,23.380000000000003,52.74000000000001,True,1.0
quality_6_8_compact_1,compact,6,8,annealing,poor,409,128,128,23.380000000000003,23.380000000000003,52.74000000000001,True,1.0
quality_6_8_compact_1,compact,6,8,annealing,poor,419,128,128,23.380000000000003,23.380000000000003,52.74000000000001,True,1.0
quality_6_8_compact_1,compact,6,8,annealing,poor,421,128,128,23.380000000000003,23.380000000000003,52.74000000000001,True,1.0
quality_6_8_compact_1,compact,6,8,annealing,poor,401,512,512,23.380000000000003,23.380000000000003,52.74000000000001,True,1.0
quality_6_8_compact_1,compact,6,8,annealing,poor,409,512,512,23.380000000000003,23.380000000000003,52.74000000000001,True,1.0
quality_6_8_compact_1,compact,6,8,annealing,poor,419,512,512,23.380000000000003,23.380000000000003,52.74000000000001,True,1.0
quality_6_8_compact_1,compact,6,8,annealing,poor,421,512,512,23.380000000000003,23.380000000000003,52.74000000000001,True,1.0
quality_6_8_compact_1,compact,6,8,multistart_greedy,poor,401,32,32,35.68,23.380000000000003,52.74000000000001,False,1.5260906757912744
quality_6_8_compact_1,compact,6,8,multistart_greedy,poor,409,32,32,35.68,23.380000000000003,52.74000000000001,False,1.5260906757912744
quality_6_8_compact_1,compact,6,8,multistart_greedy,poor,419,32,32,35.68,23.380000000000003,52.74000000000001,False,1.5260906757912744
quality_6_8_compact_1,compact,6,8,multistart_greedy,poor,421,32,32,35.68,23.380000000000003,52.74000000000001,False,1.5260906757912744
quality_6_8_compact_1,compact,6,8,multistart_greedy,poor,401,128,128,26.259999999999998,23.380000000000003,52.74000000000001,False,1.123182207014542
quality_6_8_compact_1,compact,6,8,multistart_greedy,poor,409,128,128,24.5,23.380000000000003,52.74000000000001,False,1.0479041916167664
quality_6_8_compact_1,compact,6,8,multistart_greedy,poor,419,128,128,26.259999999999998,23.380000000000003,52.74000000000001,False,1.123182207014542
quality_6_8_compact_1,compact,6,8,multistart_greedy,poor,421,128,128,26.259999999999998,23.380000000000003,52.74000000000001,False,1.123182207014542
quality_6_8_compact_1,compact,6,8,multistart_greedy,poor,401,512,512,23.380000000000003,23.380000000000003,52.74000000000001,True,1.0
quality_6_8_compact_1,compact,6,8,multistart_greedy,poor,409,512,512,23.380000000000003,23.380000000000003,52.74000000000001,True,1.0
quality_6_8_compact_1,compact,6,8,multistart_greedy,poor,419,512,512,23.380000000000003,23.380000000000003,52.74000000000001,True,1.0
quality_6_8_compact_1,compact,6,8,multistart_greedy,poor,421,512,512,23.380000000000003,23.380000000000003,52.74000000000001,True,1.0
quality_6_8_compact_1,compact,6,8,uniform,random,401,32,32,28.0,23.380000000000003,42.11999999999999,False,1.1976047904191616
quality_6_8_compact_1,compact,6,8,uniform,random,409,32,32,25.660000000000004,23.380000000000003,42.11999999999999,False,1.097519247219846
quality_6_8_compact_1,compact,6,8,uniform,random,419,32,32,28.2,23.380000000000003,42.11999999999999,False,1.206159110350727
quality_6_8_compact_1,compact,6,8,uniform,random,421,32,32,31.200000000000003,23.380000000000003,42.11999999999999,False,1.3344739093242086
quality_6_8_compact_1,compact,6,8,uniform,random,401,128,128,27.860000000000007,23.380000000000003,42.11999999999999,False,1.191616766467066
quality_6_8_compact_1,compact,6,8,uniform,random,409,128,128,25.660000000000004,23.380000000000003,42.11999999999999,False,1.097519247219846
quality_6_8_compact_1,compact,6,8,uniform,random,419,128,128,25.16,23.380000000000003,42.11999999999999,False,1.0761334473909323
quality_6_8_compact_1,compact,6,8,uniform,random,421,128,128,26.56,23.380000000000003,42.11999999999999,False,1.1360136869118904
quality_6_8_compact_1,compact,6,8,uniform,random,401,512,512,23.380000000000003,23.380000000000003,42.11999999999999,True,1.0
quality_6_8_compact_1,compact,6,8,uniform,random,409,512,512,24.5,23.380000000000003,42.11999999999999,False,1.0479041916167664
quality_6_8_compact_1,compact,6,8,uniform,random,419,512,512,25.16,23.380000000000003,42.11999999999999,False,1.0761334473909323
quality_6_8_compact_1,compact,6,8,uniform,random,421,512,512,23.380000000000003,23.380000000000003,42.11999999999999,True,1.0
quality_6_8_compact_1,compact,6,8,annealing,random,401,32,32,26.04,23.380000000000003,42.11999999999999,False,1.1137724550898203
quality_6_8_compact_1,compact,6,8,annealing,random,409,32,32,26.799999999999997,23.380000000000003,42.11999999999999,False,1.1462788708297689
quality_6_8_compact_1,compact,6,8,annealing,random,419,32,32,23.380000000000003,23.380000000000003,42.11999999999999,True,1.0
quality_6_8_compact_1,compact,6,8,annealing,random,421,32,32,34.980000000000004,23.380000000000003,42.11999999999999,False,1.4961505560307955
quality_6_8_compact_1,compact,6,8,annealing,random,401,128,128,24.5,23.380000000000003,42.11999999999999,False,1.0479041916167664
quality_6_8_compact_1,compact,6,8,annealing,random,409,128,128,23.380000000000003,23.380000000000003,42.11999999999999,True,1.0
quality_6_8_compact_1,compact,6,8,annealing,random,419,128,128,23.380000000000003,23.380000000000003,42.11999999999999,True,1.0
quality_6_8_compact_1,compact,6,8,annealing,random,421,128,128,24.5,23.380000000000003,42.11999999999999,False,1.0479041916167664
quality_6_8_compact_1,compact,6,8,annealing,random,401,512,512,24.5,23.380000000000003,42.11999999999999,False,1.0479041916167664
quality_6_8_compact_1,compact,6,8,annealing,random,409,512,512,23.380000000000003,23.380000000000003,42.11999999999999,True,1.0
quality_6_8_compact_1,compact,6,8,annealing,random,419,512,512,23.380000000000003,23.380000000000003,42.11999999999999,True,1.0
quality_6_8_compact_1,compact,6,8,annealing,random,421,512,512,23.380000000000003,23.380000000000003,42.11999999999999,True,1.0
quality_6_8_compact_1,compact,6,8,multistart_greedy,random,401,32,32,28.16,23.380000000000003,42.11999999999999,False,1.204448246364414
quality_6_8_compact_1,compact,6,8,multistart_greedy,random,409,32,32,28.16,23.380000000000003,42.11999999999999,False,1.204448246364414
quality_6_8_compact_1,compact,6,8,multistart_greedy,random,419,32,32,28.16,23.380000000000003,42.11999999999999,False,1.204448246364414
quality_6_8_compact_1,compact,6,8,multistart_greedy,random,421,32,32,28.16,23.380000000000003,42.11999999999999,False,1.204448246364414
quality_6_8_compact_1,compact,6,8,multistart_greedy,random,401,128,128,24.32,23.380000000000003,42.11999999999999,False,1.0402053036783574
quality_6_8_compact_1,compact,6,8,multistart_greedy,random,409,128,128,24.32,23.380000000000003,42.11999999999999,False,1.0402053036783574
quality_6_8_compact_1,compact,6,8,multistart_greedy,random,419,128,128,24.32,23.380000000000003,42.11999999999999,False,1.0402053036783574
quality_6_8_compact_1,compact,6,8,multistart_greedy,random,421,128,128,24.32,23.380000000000003,42.11999999999999,False,1.0402053036783574
quality_6_8_compact_1,compact,6,8,multistart_greedy,random,401,512,512,23.380000000000003,23.380000000000003,42.11999999999999,True,1.0
quality_6_8_compact_1,compact,6,8,multistart_greedy,random,409,512,512,23.380000000000003,23.380000000000003,42.11999999999999,True,1.0
quality_6_8_compact_1,compact,6,8,multistart_greedy,random,419,512,512,23.380000000000003,23.380000000000003,42.11999999999999,True,1.0
quality_6_8_compact_1,compact,6,8,multistart_greedy,random,421,512,512,23.380000000000003,23.380000000000003,42.11999999999999,True,1.0
