instance_id,family,cells,sites,method,initialization,seed,budget,evaluations,observed_oracle_calls,best_cost,exact_cost,initial_cost,optimal_hit,ratio
quality_4_6_scatter_0,scatter,4,6,uniform,deterministic,401,32,32,32,31.41,31.11,45.980000000000004,False,1.0096432015429122
quality_4_6_scatter_0,scatter,4,6,uniform,deterministic,409,32,32,32,31.11,31.11,45.980000000000004,True,1.0
quality_4_6_scatter_0,scatter,4,6,uniform,deterministic,419,32,32,32,34.71,31.11,45.980000000000004,False,1.115718418514947
quality_4_6_scatter_0,scatter,4,6,uniform,deterministic,421,32,32,32,31.11,31.11,45.980000000000004,True,1.0
quality_4_6_scatter_0,scatter,4,6,uniform,deterministic,401,128,128,128,31.41,31.11,45.980000000000004,False,1.0096432015429122
quality_4_6_scatter_0,scatter,4,6,uniform,deterministic,409,128,128,128,31.11,31.11,45.980000000000004,True,1.0
quality_4_6_scatter_0,scatter,4,6,uniform,deterministic,419,128,128,128,33.089999999999996,31.11,45.980000000000004,False,1.0636451301832208
quality_4_6_scatter_0,scatter,4,6,uniform,deterministic,421,128,128,128,31.11,31.11,45.980000000000004,True,1.0
quality_4_6_scatter_0,scatter,4,6,uniform,deterministic,401,512,512,512,31.11,31.11,45.980000000000004,True,1.0
quality_4_6_scatter_0,scatter,4,6,uniform,deterministic,409,512,512,512,31.11,31.11,45.980000000000004,True,1.0
quality_4_6_scatter_0,scatter,4,6,uniform,deterministic,419,512,512,512,31.11,31.11,45.980000000000004,True,1.0
quality_4_6_scatter_0,scatter,4,6,uniform,deterministic,421,512,512,512,31.11,31.11,45.980000000000004,True,1.0
quality_4_6_scatter_0,scatter,4,6,annealing,deterministic,401,32,32,32,34.71,31.11,45.980000000000004,False,1.115718418514947
quality_4_6_scatter_0,scatter,4,6,annealing,deterministic,409,32,32,32,34.07,31.11,45.980000000000004,False,1.0951462552234008
quality_4_6_scatter_0,scatter,4,6,annealing,deterministic,419,32,32,32,34.07,31.11,45.980000000000004,False,1.0951462552234008
quality_4_6_scatter_0,scatter,4,6,annealing,deterministic,421,32,32,32,37.25,31.11,45.980000000000004,False,1.1973641915782707
quality_4_6_scatter_0,scatter,4,6,annealing,deterministic,401,128,128,128,31.11,31.11,45.980000000000004,True,1.0
quality_4_6_scatter_0,scatter,4,6,annealing,deterministic,409,128,128,128,34.07,31.11,45.980000000000004,False,1.0951462552234008
quality_4_6_scatter_0,scatter,4,6,annealing,deterministic,419,128,128,128,34.07,31.11,45.980000000000004,False,1.0951462552234008
quality_4_6_scatter_0,scatter,4,6,annealing,deterministic,421,128,128,128,34.07,31.11,45.980000000000004,False,1.0951462552234008
quality_4_6_scatter_0,scatter,4,6,annealing,deterministic,401,512,512,512,31.11,31.11,45.980000000000004,True,1.0
quality_4_6_scatter_0,scatter,4,6,annealing,deterministic,409,512,512,512,34.07,31.11,45.980000000000004,False,1.0951462552234008
quality_4_6_scatter_0,scatter,4,6,annealing,deterministic,419,512,512,512,34.07,31.11,45.980000000000004,False,1.0951462552234008
quality_4_6_scatter_0,scatter,4,6,annealing,deterministic,421,512,512,512,34.07,31.11,45.980000000000004,False,1.0951462552234008
quality_4_6_scatter_0,scatter,4,6,multistart_greedy,deterministic,401,32,32,32,34.07,31.11,45.980000000000004,False,1.0951462552234008
quality_4_6_scatter_0,scatter,4,6,multistart_greedy,deterministic,409,32,32,32,34.07,31.11,45.980000000000004,False,1.0951462552234008
quality_4_6_scatter_0,scatter,4,6,multistart_greedy,deterministic,419,32,32,32,34.07,31.11,45.980000000000004,False,1.0951462552234008
quality_4_6_scatter_0,scatter,4,6,multistart_greedy,deterministic,421,32,32,32,34.07,31.11,45.980000000000004,False,1.0951462552234008
quality_4_6_scatter_0,scatter,4,6,multistart_greedy,deterministic,401,128,128,128,31.11,31.11,45.980000000000004,True,1.0
quality_4_6_scatter_0,scatter,4,6,multistart_greedy,deterministic,409,128,128,128,32.79,31.11,45.980000000000004,False,1.0540019286403086
quality_4_6_scatter_0,scatter,4,6,multistart_greedy,deterministic,419,128,128,128,31.11,31.11,45.980000000000004,True,1.0
quality_4_6_scatter_0,scatter,4,6,multistart_greedy,deterministic,421,128,128,128,31.11,31.11,45.980000000000004,True,1.0
quality_4_6_scatter_0,scatter,4,6,multistart_greedy,deterministic,401,512,512,512,31.11,31.11,45.980000000000004,True,1.0
quality_4_6_scatter_0,scatter,4,6,multistart_greedy,deterministic,409,512,512,512,31.11,31.11,45.980000000000004,True,1.0
quality_4_6_scatter_0,scatter,4,6,multistart_greedy,deterministic,419,512,512,512,31.11,31.11,45.980000000000004,True,1.0
quality_4_6_scatter_0,scatter,4,6,multistart_greedy,deterministic,421,512,512,512,31.11,31.11,45.980000000000004,True,1.0
quality_4_6_scatter_0,scatter,4,6,uniform,poor,401,32,32,32,31.41,31.11,74.55,False,1.0096432015429122
quality_4_6_scatter_0,scatter,4,6,uniform,poor,409,32,32,32,31.11,31.11,74.55,True,1.0
quality_4_6_scatter_0,scatter,4,6,uniform,poor,419,32,32,32,34.71,31.11,74.55,False,1.115718418514947
quality_4_6_scatter_0,scatter,4,6,uniform,poor,421,32,32,32,31.11,31.11,74.55,True,1.0
quality_4_6_scatter_0,scatter,4,6,uniform,poor,401,128,128,128,31.41,31.11,74.55,False,1.0096432015429122
quality_4_6_scatter_0,scatter,4,6,uniform,poor,409,128,128,128,31.11,31.11,74.55,True,1.0
quality_4_6_scatter_0,scatter,4,6,uniform,poor,419,128,128,128,33.089999999999996,31.11,74.55,False,1.0636451301832208
quality_4_6_scatter_0,scatter,4,6,uniform,poor,421,128,128,128,31.11,31.11,74.55,True,1.0
quality_4_6_scatter_0,scatter,4,6,uniform,poor,401,512,512,512,31.11,31.11,74.55,True,1.0
quality_4_6_scatter_0,scatter,4,6,uniform,poor,409,512,512,512,31.11,31.11,74.55,True,1.0
quality_4_6_scatter_0,scatter,4,6,uniform,poor,419,512,512,512,31.11,31.11,74.55,True,1.0
quality_4_6_scatter_0,scatter,4,6,uniform,poor,421,512,512,512,31.11,31.11,74.55,True,1.0
quality_4_6_scatter_0,scatter,4,6,annealing,poor,401,32,32,32,33.089999999999996,31.11,74.55,False,1.0636451301832208
quality_4_6_scatter_0,scatter,4,6,annealing,poor,409,32,32,32,40.94,31.11,74.55,False,1.3159755705560912
quality_4_6_scatter_0,scatter,4,6,annealing,poor,419,32,32,32,36.56,31.11,74.55,False,1.1751848280295725
quality_4_6_scatter_0,scatter,4,6,annealing,poor,421,32,32,32,31.11,31.11,74.55,True,1.0
quality_4_6_scatter_0,scatter,4,6,annealing,poor,401,128,128,128,31.11,31.11,74.55,True,1.0
quality_4_6_scatter_0,scatter,4,6,annealing,poor,409,128,128,128,37.25,31.11,74.55,False,1.1973641915782707
quality_4_6_scatter_0,scatter,4,6,annealing,poor,419,128,128,128,34.07,31.11,74.55,False,1.0951462552234008
quality_4_6_scatter_0,scatter,4,6,annealing,poor,421,128,128,128,31.11,31.11,74.55,True,1.0
quality_4_6_scatter_0,scatter,4,6,annealing,poor,401,512,512,512,31.11,31.11,74.55,True,1.0
quality_4_6_scatter_0,scatter,4,6,annealing,poor,409,512,512,512,37.25,31.11,74.55,False,1.1973641915782707
quality_4_6_scatter_0,scatter,4,6,annealing,poor,419,512,512,512,34.07,31.11,74.55,False,1.0951462552234008
quality_4_6_scatter_0,scatter,4,6,annealing,poor,421,512,512,512,31.11,31.11,74.55,True,1.0
quality_4_6_scatter_0,scatter,4,6,multistart_greedy,poor,401,32,32,32,38.82,31.11,74.55,False,1.2478302796528449
quality_4_6_scatter_0,scatter,4,6,multistart_greedy,poor,409,32,32,32,38.82,31.11,74.55,False,1.2478302796528449
quality_4_6_scatter_0,scatter,4,6,multistart_greedy,poor,419,32,32,32,38.82,31.11,74.55,False,1.2478302796528449
quality_4_6_scatter_0,scatter,4,6,multistart_greedy,poor,421,32,32,32,38.82,31.11,74.55,False,1.2478302796528449
quality_4_6_scatter_0,scatter,4,6,multistart_greedy,poor,401,128,128,128,31.11,31.11,74.55,True,1.0
quality_4_6_scatter_0,scatter,4,6,multistart_greedy,poor,409,128,128,128,31.11,31.11,74.55,True,1.0
quality_4_6_scatter_0,scatter,4,6,multistart_greedy,poor,419,128,128,128,31.11,31.11,74.55,True,1.0
quality_4_6_scatter_0,scatter,4,6,multistart_greedy,poor,421,128,128,128,31.11,31.11,74.55,True,1.0
quality_4_6_scatter_0,scatter,4,6,multistart_greedy,poor,401,512,512,512,31.11,31.11,74.55,True,1.0
quality_4_6_scatter_0,scatter,4,6,multistart_greedy,poor,409,512,512,512,31.11,31.11,74.55,True,1.0
quality_4_6_scatter_0,scatter,4,6,multistart_greedy,poor,419,512,512,512,31.11,31.11,74.55,True,1.0
quality_4_6_scatter_0,scatter,4,6,multistart_greedy,poor,421,512,512,512,31.11,31.11,74.55,True,1.0
quality_4_6_scatter_0,scatter,4,6,uniform,random,401,32,32,32,31.41,31.11,36.209999999999994,False,1.0096432015429122
quality_4_6_scatter_0,scatter,4,6,uniform,random,409,32,32,32,31.11,31.11,36.209999999999994,True,1.0
quality_4_6_scatter_0,scatter,4,6,uniform,random,419,32,32,32,34.71,31.11,36.209999999999994,False,1.115718418514947
quality_4_6_scatter_0,scatter,4,6,uniform,random,421,32,32,32,31.11,31.11,36.209999999999994,True,1.0
quality_4_6_scatter_0,scatter,4,6,uniform,random,401,128,128,128,31.41,31.11,36.209999999999994,False,1.0096432015429122
quality_4_6_scatter_0,scatter,4,6,uniform,random,409,128,128,128,31.11,31.11,36.209999999999994,True,1.0
quality_4_6_scatter_0,scatter,4,6,uniform,random,419,128,128,128,33.089999999999996,31.11,36.209999999999994,False,1.0636451301832208
quality_4_6_scatter_0,scatter,4,6,uniform,random,421,128,128,128,31.11,31.11,36.209999999999994,True,1.0
quality_4_6_scatter_0,scatter,4,6,uniform,random,401,512,512,512,31.11,31.11,36.209999999999994,True,1.0
quality_4_6_scatter_0,scatter,4,6,uniform,random,409,512,512,512,31.11,31.11,36.209999999999994,True,1.0
quality_4_6_scatter_0,scatter,4,6,uniform,random,419,512,512,512,31.11,31.11,36.209999999999994,True,1.0
quality_4_6_scatter_0,scatter,4,6,uniform,random,421,512,512,512,31.11,31.11,36.209999999999994,True,1.0
quality_4_6_scatter_0,scatter,4,6,annealing,random,401,32,32,32,33.33,31.11,36.209999999999994,False,1.0713596914175505
quality_4_6_scatter_0,scatter,4,6,annealing,random,409,32,32,32,31.11,31.11,36.209999999999994,True,1.0
quality_4_6_scatter_0,scatter,4,6,annealing,random,419,32,32,32,31.11,31.11,36.209999999999994,True,1.0
quality_4_6_scatter_0,scatter,4,6,annealing,random,421,32,32,32,31.11,31.11,36.209999999999994,True,1.0
quality_4_6_scatter_0,scatter,4,6,annealing,random,401,128,128,128,31.11,31.11,36.209999999999994,True,1.0
quality_4_6_scatter_0,scatter,4,6,annealing,random,409,128,128,128,31.11,31.11,36.209999999999994,True,1.0
quality_4_6_scatter_0,scatter,4,6,annealing,random,419,128,128,128,31.11,31.11,36.209999999999994,True,1.0
quality_4_6_scatter_0,scatter,4,6,annealing,random,421,128,128,128,31.11,31.11,36.209999999999994,True,1.0
quality_4_6_scatter_0,scatter,4,6,annealing,random,401,512,512,512,31.11,31.11,36.209999999999994,True,1.0
quality_4_6_scatter_0,scatter,4,6,annealing,random,409,512,512,512,31.11,31.11,36.209999999999994,True,1.0
quality_4_6_scatter_0,scatter,4,6,annealing,random,419,512,512,512,31.11,31.11,36.209999999999994,True,1.0
quality_4_6_scatter_0,scatter,4,6,annealing,random,421,512,512,512,31.11,31.11,36.209999999999994,True,1.0
quality_4_6_scatter_0,scatter,4,6,multistart_greedy,random,401,32,32,32,31.11,31.11,36.209999999999994,True,1.0
quality_4_6_scatter_0,scatter,4,6,multistart_greedy,random,409,32,32,32,31.11,31.11,36.209999999999994,True,1.0
quality_4_6_scatter_0,scatter,4,6,multistart_greedy,random,419,32,32,32,31.11,31.11,36.209999999999994,True,1.0
quality_4_6_scatter_0,scatter,4,6,multistart_greedy,random,421,32,32,32,31.11,31.11,36.209999999999994,True,1.0
quality_4_6_scatter_0,scatter,4,6,multistart_greedy,random,401,128,128,128,31.11,31.11,36.209999999999994,True,1.0
quality_4_6_scatter_0,scatter,4,6,multistart_greedy,random,409,128,128,128,31.11,31.11,36.209999999999994,True,1.0
quality_4_6_scatter_0,scatter,4,6,multistart_greedy,random,419,128,128,128,31.11,31.11,36.209999999999994,True,1.0
quality_4_6_scatter_0,scatter,4,6,multistart_greedy,random,421,128,128,128,31.11,31.11,36.209999999999994,True,1.0
quality_4_6_scatter_0,scatter,4,6,multistart_greedy,random,401,512,512,512,31.11,31.11,36.209999999999994,True,1.0
quality_4_6_scatter_0,scatter,4,6,multistart_greedy,random,409,512,512,512,31.11,31.11,36.209999999999994,True,1.0
quality_4_6_scatter_0,scatter,4,6,multistart_greedy,random,419,512,512,512,31.11,31.11,36.209999999999994,True,1.0
quality_4_6_scatter_0,scatter,4,6,multistart_greedy,random,421,512,512,512,31.11,31.11,36.209999999999994,True,1.0
