window_id,design,selection_stratum,local_hpwl_improvement_dbu,total_overflow,retained_cell_count,routed_wirelength,routed_wirelength_delta,via_count,via_count_delta,setup_wns_ns,setup_wns_ns_delta,setup_tns_ns,setup_tns_ns_delta,hold_wns_ns,hold_wns_ns_delta,hold_tns_ns,hold_tns_ns_delta,congestion_demand,congestion_demand_delta
mempool_group_w0000,mempool_group,low_connectivity,200,0,4,6039175.0,-510.0,1311135.0,131.0,-2.16,0.0,-12658.6,1.7999999999992724,-0.00890343,-0.0017867900000000008,-0.214537,-0.077429,1639468.0,-173.0
mempool_group_w0001,mempool_group,low_connectivity,410,0,4,6039734.0,49.0,1310885.0,-119.0,-2.16,0.0,-12659.6,0.7999999999992724,-0.00711664,0.0,-0.137108,0.0,1639654.0,13.0
mempool_group_w0002,mempool_group,low_connectivity,0,0,4,6039685.0,0.0,1311004.0,0.0,-2.16,0.0,-12660.4,0.0,-0.00711664,0.0,-0.137108,0.0,1639641.0,0.0
mempool_group_w0003,mempool_group,low_connectivity,0,0,4,6039685.0,0.0,1311004.0,0.0,-2.16,0.0,-12660.4,0.0,-0.00711664,0.0,-0.137108,0.0,1639641.0,0.0
mempool_group_w0004,mempool_group,medium_connectivity,0,0,4,6039685.0,0.0,1311004.0,0.0,-2.16,0.0,-12660.4,0.0,-0.00711664,0.0,-0.137108,0.0,1639641.0,0.0
mempool_group_w0005,mempool_group,medium_connectivity,0,0,4,6039685.0,0.0,1311004.0,0.0,-2.16,0.0,-12660.4,0.0,-0.00711664,0.0,-0.137108,0.0,1639641.0,0.0
mempool_group_w0006,mempool_group,medium_connectivity,3490,0,4,6039685.0,0.0,1311004.0,0.0,-2.16,0.0,-12660.4,0.0,-0.00711664,0.0,-0.137108,0.0,1639641.0,0.0
mempool_group_w0007,mempool_group,medium_connectivity,0,0,4,6039685.0,0.0,1311004.0,0.0,-2.16,0.0,-12660.4,0.0,-0.00711664,0.0,-0.137108,0.0,1639641.0,0.0
mempool_group_w0008,mempool_group,high_connectivity,2680,0,4,6039728.0,43.0,1311004.0,0.0,-2.16,0.0,-12659.2,1.1999999999989086,-0.00711664,0.0,-0.137108,0.0,1639643.0,2.0
mempool_group_w0009,mempool_group,high_connectivity,2240,0,4,6039685.0,0.0,1311004.0,0.0,-2.16,0.0,-12660.4,0.0,-0.00711664,0.0,-0.137108,0.0,1639641.0,0.0
mempool_group_w0010,mempool_group,high_connectivity,0,0,4,6039685.0,0.0,1311004.0,0.0,-2.16,0.0,-12660.4,0.0,-0.00711664,0.0,-0.137108,0.0,1639641.0,0.0
mempool_group_w0011,mempool_group,high_connectivity,0,0,4,6039685.0,0.0,1311004.0,0.0,-2.16,0.0,-12660.4,0.0,-0.00711664,0.0,-0.137108,0.0,1639641.0,0.0
swerv_w0000,swerv,low_connectivity,0,0,4,2839058.0,0.0,834139.0,0.0,-1.28142,0.0,-976.93,0.0,-0.066223,0.0,-6.19253,0.0,725787.0,0.0
swerv_w0001,swerv,low_connectivity,4521,0,4,2838936.0,-122.0,834042.0,-97.0,-1.28148,-5.999999999994898e-05,-977.254,-0.3240000000000691,-0.066223,0.0,-6.19253,0.0,725742.0,-45.0
swerv_w0002,swerv,low_connectivity,1326,0,4,2840720.0,1662.0,834316.0,177.0,-1.46721,-0.1857899999999999,-1154.79,-177.86,-0.0627743,0.003448699999999999,-5.84342,0.3491099999999996,726224.0,437.0
swerv_w0003,swerv,low_connectivity,9330,0,4,2838326.0,-732.0,833077.0,-1062.0,-1.62485,-0.3434299999999999,-946.437,30.492999999999938,-0.0661143,0.00010870000000000324,-5.57457,0.6179600000000001,726182.0,395.0
swerv_w0004,swerv,medium_connectivity,1298,0,4,2839315.0,257.0,834056.0,-83.0,-1.2804,0.0010200000000000209,-977.089,-0.1590000000001055,-0.0661344,8.860000000000812e-05,-6.61276,-0.4202300000000001,725822.0,35.0
swerv_w0005,swerv,medium_connectivity,0,0,4,2839058.0,0.0,834139.0,0.0,-1.28142,0.0,-976.93,0.0,-0.066223,0.0,-6.19253,0.0,725787.0,0.0
swerv_w0006,swerv,medium_connectivity,1240,0,4,2831104.0,-7954.0,832287.0,-1852.0,-1.52796,-0.24653999999999998,-910.007,66.923,-0.0665856,-0.0003625999999999907,-6.04981,0.14271999999999974,724083.0,-1704.0
swerv_w0007,swerv,medium_connectivity,10860,0,4,2838394.0,-664.0,833360.0,-779.0,-1.61348,-0.33206,-983.361,-6.43100000000004,-0.0660144,0.00020860000000000323,-5.81499,0.37753999999999976,725992.0,205.0
swerv_w0008,swerv,high_connectivity,9466,0,4,2839058.0,0.0,834139.0,0.0,-1.28142,0.0,-976.93,0.0,-0.066223,0.0,-6.19253,0.0,725787.0,0.0
swerv_w0009,swerv,high_connectivity,0,0,4,2839058.0,0.0,834139.0,0.0,-1.28142,0.0,-976.93,0.0,-0.066223,0.0,-6.19253,0.0,725787.0,0.0
swerv_w0010,swerv,high_connectivity,3050,0,4,2836485.0,-2573.0,833273.0,-866.0,-1.55637,-0.27495,-928.587,48.34299999999996,-0.0656042,0.0006188000000000027,-6.09359,0.0989399999999998,725848.0,61.0
swerv_w0011,swerv,high_connectivity,10742,0,4,2832518.0,-6540.0,832687.0,-1452.0,-1.55959,-0.27817000000000003,-903.929,73.00099999999998,-0.0659223,0.00030070000000000097,-6.31865,-0.12612000000000023,725379.0,-408.0
tinyRocket_w0000,tinyRocket,low_connectivity,0,0,4,745477.0,0.0,239698.0,0.0,-0.177443,0.0,-61.0131,0.0,0.0751342,0.0,0.0,0.0,182619.0,0.0
tinyRocket_w0001,tinyRocket,low_connectivity,0,0,4,745477.0,0.0,239698.0,0.0,-0.177443,0.0,-61.0131,0.0,0.0751342,0.0,0.0,0.0,182619.0,0.0
tinyRocket_w0002,tinyRocket,low_connectivity,226,0,4,745374.0,-103.0,239730.0,32.0,-0.177443,0.0,-60.8296,0.18350000000000222,0.0751342,0.0,0.0,0.0,182601.0,-18.0
tinyRocket_w0003,tinyRocket,low_connectivity,9375,0,4,745460.0,-17.0,239702.0,4.0,-0.177453,-1.0000000000010001e-05,-61.0118,0.001300000000000523,0.0751342,0.0,0.0,0.0,182613.0,-6.0
tinyRocket_w0004,tinyRocket,medium_connectivity,0,0,4,745477.0,0.0,239698.0,0.0,-0.177443,0.0,-61.0131,0.0,0.0751342,0.0,0.0,0.0,182619.0,0.0
tinyRocket_w0005,tinyRocket,medium_connectivity,4468,0,4,745446.0,-31.0,239709.0,11.0,-0.177443,0.0,-61.0131,0.0,0.0751342,0.0,0.0,0.0,182627.0,8.0
tinyRocket_w0006,tinyRocket,medium_connectivity,0,0,3,745477.0,0.0,239698.0,0.0,-0.177443,0.0,-61.0131,0.0,0.0751342,0.0,0.0,0.0,182619.0,0.0
tinyRocket_w0007,tinyRocket,medium_connectivity,0,0,4,745477.0,0.0,239698.0,0.0,-0.177443,0.0,-61.0131,0.0,0.0751342,0.0,0.0,0.0,182619.0,0.0
tinyRocket_w0008,tinyRocket,high_connectivity,9586,0,4,745389.0,-88.0,239738.0,40.0,-0.176308,0.0011349999999999971,-60.9885,0.02459999999999951,0.0751342,0.0,0.0,0.0,182605.0,-14.0
tinyRocket_w0009,tinyRocket,high_connectivity,1220,0,4,745477.0,0.0,239693.0,-5.0,-0.177443,0.0,-61.0131,0.0,0.0751342,0.0,0.0,0.0,182619.0,0.0
tinyRocket_w0010,tinyRocket,high_connectivity,5030,0,4,745460.0,-17.0,239704.0,6.0,-0.177443,0.0,-61.0073,0.0058000000000006935,0.0751342,0.0,0.0,0.0,182617.0,-2.0
tinyRocket_w0011,tinyRocket,high_connectivity,2450,0,4,745477.0,0.0,239698.0,0.0,-0.177443,0.0,-61.0131,0.0,0.0751342,0.0,0.0,0.0,182619.0,0.0
