window_id,design,selection_stratum,split,objective_shots,seed,graph,schedule,p,edge_layers,optimizer,objective,objective_evaluation_budget,objective_evaluations,total_objective_shots,initial_hpwl_dbu,exact_hpwl_dbu,exact_opportunity_dbu,expected_hpwl_dbu,cvar_0.25_hpwl_dbu,probability_beating_initial,optimal_probability,expected_best_64_hpwl_dbu,expected_best_64_gap_closure,expected_best_256_hpwl_dbu,expected_best_256_gap_closure,expected_best_4096_hpwl_dbu,expected_best_4096_gap_closure,sampled_best_4096_hpwl_dbu,sampled_best_4096_gap_closure,sampled_best_4096_assignment,sampled_exact_hit_4096,objective_estimator_rmse,optimizer_success,optimizer_message,optimizer_runtime_seconds,parameters,method,solution_assignment,best_hpwl_dbu
mempool_group_w0000,mempool_group,low_connectivity,finite_shot_holdout,8192,11,ring,reversed,3,18,COBYLA,beat_initial,40,37,303104,3697688.0,3697488.0,200.0,3707390.963171766,3697590.5523430146,0.12457755876463421,0.08767105832155273,3697488.079322736,0.999603386321105,3697488.000000001,0.9999999999953434,3697488.0,1.0,3697488.0,1.0,"[2, 1, 5, 3]",True,0.0033420048381939474,True,Optimization terminated successfully.,0.02647686004638672,"[3.0900002540177582, 0.4042224209600804, 1.800893919057569, 0.17510681917825907, 1.0453502808160755, 0.10595562223317438]",finite_shot_token_qaoa,"[2, 1, 5, 3]",3697488.0
mempool_group_w0001,mempool_group,low_connectivity,finite_shot_holdout,8192,11,ring,reversed,3,18,COBYLA,beat_initial,40,40,327680,1101426.0,1101016.0,410.0,1107258.9276046397,1101282.7940020012,0.11800375216916177,0.08089449290770374,1101017.5561134766,0.9962046012765069,1101016.0000001418,0.9999999996541613,1101016.0,1.0,1101016.0,1.0,"[4, 1, 2, 3]",True,0.0031597896429592645,False,Maximum number of function evaluations has been exceeded.,0.0255889892578125,"[3.294014418820996, 0.28670983593776106, 1.7044880974428573, 0.058496551237102526, 1.0356308858187389, 0.21042879087108565]",finite_shot_token_qaoa,"[4, 1, 2, 3]",1101016.0
mempool_group_w0002,mempool_group,low_connectivity,finite_shot_holdout,8192,11,ring,reversed,3,18,COBYLA,beat_initial,40,25,204800,1723321.0,1723321.0,0.0,1733328.7472567472,1723676.053978905,0.0,0.23090286258042106,1723321.0002344565,,1723321.0,,1723321.0,,1723321.0,,"[0, 1, 2, 3]",True,0.0,True,Optimization terminated successfully.,0.017166614532470703,"[3.1422765089348568, 0.41989403250492335, 1.5952907483666152, 0.1861433993136087, 1.0412381609744688, 0.1203520100389062]",finite_shot_token_qaoa,"[0, 1, 2, 3]",1723321.0
mempool_group_w0003,mempool_group,low_connectivity,finite_shot_holdout,8192,11,ring,reversed,3,18,COBYLA,beat_initial,40,25,204800,1103256.0,1103256.0,0.0,1113695.967751829,1103256.0,0.0,0.3042551552404309,1103256.0000003455,,1103256.0,,1103256.0,,1103256.0,,"[0, 1, 2, 3]",True,0.0,True,Optimization terminated successfully.,0.01739978790283203,"[3.1422765089348568, 0.41989403250492335, 1.5952907483666152, 0.1861433993136087, 1.0412381609744688, 0.1203520100389062]",finite_shot_token_qaoa,"[0, 1, 2, 3]",1103256.0
mempool_group_w0004,mempool_group,medium_connectivity,finite_shot_holdout,8192,11,ring,reversed,3,18,COBYLA,beat_initial,40,25,204800,1460882.0,1460882.0,0.0,1485012.950142161,1465020.7121613983,0.0,0.08135233512903114,1460902.2012832074,,1460882.0000016976,,1460882.0,,1460882.0,,"[0, 1, 2, 3]",True,0.0,True,Optimization terminated successfully.,0.017107248306274414,"[3.1422765089348568, 0.41989403250492335, 1.5952907483666152, 0.1861433993136087, 1.0412381609744688, 0.1203520100389062]",finite_shot_token_qaoa,"[0, 1, 2, 3]",1460882.0
mempool_group_w0005,mempool_group,medium_connectivity,finite_shot_holdout,8192,11,ring,reversed,3,18,COBYLA,beat_initial,40,25,204800,4405920.0,4405920.0,0.0,4475684.925793755,4417172.525543208,0.0,0.10168810082968807,4405932.03704203,,4405920.00000001,,4405920.0,,4405920.0,,"[0, 1, 2, 3]",True,0.0,True,Optimization terminated successfully.,0.017412662506103516,"[3.1422765089348568, 0.41989403250492335, 1.5952907483666152, 0.1861433993136087, 1.0412381609744688, 0.1203520100389062]",finite_shot_token_qaoa,"[0, 1, 2, 3]",4405920.0
mempool_group_w0006,mempool_group,medium_connectivity,finite_shot_holdout,8192,11,ring,reversed,3,18,COBYLA,beat_initial,40,40,327680,902182.0,898692.0,3490.0,913646.1316897557,900776.2349929531,0.10796180747670878,0.0007189023523321849,898919.5544016311,0.9347981657217428,898888.3029555349,0.9437527348037561,898704.3922603887,0.996449209057678,898692.0,1.0,"[0, 5, 2, 3]",True,0.0030633057419056043,False,Maximum number of function evaluations has been exceeded.,0.025532960891723633,"[3.261441863483153, 0.2931893462766873, 1.841148619857075, 0.08638190103885049, 1.052604816183661, 0.1517373021466434]",finite_shot_token_qaoa,"[0, 5, 2, 3]",898692.0
mempool_group_w0007,mempool_group,medium_connectivity,finite_shot_holdout,8192,11,ring,reversed,3,18,COBYLA,beat_initial,40,25,204800,4412335.0,4412335.0,0.0,4474093.845776877,4423159.973049301,0.0,0.10130588001526175,4412339.450009661,,4412335.000000005,,4412335.0,,4412335.0,,"[0, 1, 2, 3]",True,0.0,True,Optimization terminated successfully.,0.017490625381469727,"[3.1422765089348568, 0.41989403250492335, 1.5952907483666152, 0.1861433993136087, 1.0412381609744688, 0.1203520100389062]",finite_shot_token_qaoa,"[0, 1, 2, 3]",4412335.0
mempool_group_w0008,mempool_group,high_connectivity,finite_shot_holdout,8192,17,ring,reversed,3,18,COBYLA,beat_initial,40,40,327680,660205.0,657525.0,2680.0,673936.2519489789,659229.485024072,0.10973622741412625,0.00019693921771189482,657754.5781885918,0.914336496794122,657743.6905909405,0.9183990332311447,657627.6511997274,0.9616973135345389,657525.0,1.0,"[1, 0, 5, 3]",True,0.00375099799786114,False,Maximum number of function evaluations has been exceeded.,0.02518749237060547,"[3.36698541598157, 0.37424756452766805, 1.5575090512593137, 0.1610862246199027, 0.9797363687068907, 0.13570871757204797]",finite_shot_token_qaoa,"[1, 0, 5, 3]",657525.0
mempool_group_w0009,mempool_group,high_connectivity,finite_shot_holdout,8192,11,ring,reversed,3,18,COBYLA,beat_initial,40,40,327680,679324.0,677084.0,2240.0,704396.9063132567,678387.2529391071,0.10454766304608659,0.10454766304608659,677085.909706531,0.9991474524415285,677084.0000000013,0.9999999999994283,677084.0,1.0,677084.0,1.0,"[5, 1, 2, 3]",True,0.0029207043907682043,False,Maximum number of function evaluations has been exceeded.,0.02557539939880371,"[3.518047337382696, 0.25273237993591346, 1.9606167602936224, 0.29238175433678326, 0.982483841683195, 0.1114547928459402]",finite_shot_token_qaoa,"[5, 1, 2, 3]",677084.0
mempool_group_w0010,mempool_group,high_connectivity,finite_shot_holdout,8192,11,ring,reversed,3,18,COBYLA,beat_initial,40,25,204800,1220936.0,1220936.0,0.0,1267165.7888945905,1225838.3419198624,0.0,0.17504064342717762,1220936.0733198577,,1220936.0,,1220936.0,,1220936.0,,"[0, 1, 2, 3]",True,0.0,True,Optimization terminated successfully.,0.016511201858520508,"[3.1422765089348568, 0.41989403250492335, 1.5952907483666152, 0.1861433993136087, 1.0412381609744688, 0.1203520100389062]",finite_shot_token_qaoa,"[0, 1, 2, 3]",1220936.0
mempool_group_w0011,mempool_group,high_connectivity,finite_shot_holdout,8192,11,ring,reversed,3,18,COBYLA,beat_initial,40,25,204800,585943.0,585943.0,0.0,650789.3958533144,593726.7690429041,0.0,0.10225656512280365,585947.1276621388,,585943.0000000041,,585943.0,,585943.0,,"[0, 1, 2, 3]",True,0.0,True,Optimization terminated successfully.,0.016900062561035156,"[3.1422765089348568, 0.41989403250492335, 1.5952907483666152, 0.1861433993136087, 1.0412381609744688, 0.1203520100389062]",finite_shot_token_qaoa,"[0, 1, 2, 3]",585943.0
swerv_w0000,swerv,low_connectivity,finite_shot_holdout,8192,11,ring,reversed,3,18,COBYLA,beat_initial,40,25,204800,117481.0,117481.0,0.0,155841.81747362408,123802.31053336807,0.0,0.09095057843717282,117492.69704706475,,117481.00000012714,,117481.0,,117481.0,,"[0, 1, 2, 3]",True,0.0,True,Optimization terminated successfully.,0.017324447631835938,"[3.1422765089348568, 0.41989403250492335, 1.5952907483666152, 0.1861433993136087, 1.0412381609744688, 0.1203520100389062]",finite_shot_token_qaoa,"[0, 1, 2, 3]",117481.0
swerv_w0001,swerv,low_connectivity,finite_shot_holdout,8192,11,ring,reversed,3,18,COBYLA,beat_initial,40,40,327680,181728.0,177207.0,4521.0,216042.11127157687,193321.99766986637,0.01929911835748689,0.003212834479722949,180389.35271189036,0.29609539661792555,177925.20127551688,0.8411410582798311,177207.00272553402,0.9999993971391231,177207.0,1.0,"[0, 4, 2, 3]",True,0.0011237278053380009,False,Maximum number of function evaluations has been exceeded.,0.02562689781188965,"[3.0844283340568697, 0.5693451538770385, 1.5017933339772471, 0.34483193458060335, 0.9952179019469557, 0.6083162586457639]",finite_shot_token_qaoa,"[0, 4, 2, 3]",177207.0
swerv_w0002,swerv,low_connectivity,finite_shot_holdout,8192,11,ring,reversed,3,18,COBYLA,beat_initial,40,40,327680,1761641.0,1760315.0,1326.0,1770209.33858012,1762172.426355662,0.09134664617604994,0.0798192030750023,1760318.5439724387,0.9973273209361486,1760315.0000001083,0.9999999999183512,1760315.0,1.0,1760315.0,1.0,"[0, 5, 1, 3]",True,0.0027749556908657326,False,Maximum number of function evaluations has been exceeded.,0.025333404541015625,"[3.4581681721505007, 0.7652035260264474, 1.7978394700934395, 0.37774867300625, 1.0430107035051452, 0.3185058926316559]",finite_shot_token_qaoa,"[0, 5, 1, 3]",1760315.0
swerv_w0003,swerv,low_connectivity,finite_shot_holdout,8192,17,ring,reversed,3,18,COBYLA,beat_initial,40,35,286720,149951.0,140621.0,9330.0,151229.73670605273,144947.2570384653,0.3012561309972296,2.424007430036042e-05,141423.41835342688,0.9139958892361327,141227.12262353644,0.9350350885813028,140992.24825293358,0.9602091904679976,140621.0,1.0,"[3, 2, 0, 1]",True,0.0054599935964288115,True,Optimization terminated successfully.,0.022032737731933594,"[3.164305582851599, 0.39927610447798556, 1.7604463662252192, 0.1711932458336493, 0.9853092317709932, 0.13606827759437373]",finite_shot_token_qaoa,"[3, 2, 0, 1]",140621.0
swerv_w0004,swerv,medium_connectivity,finite_shot_holdout,8192,11,ring,reversed,3,18,COBYLA,beat_initial,40,40,327680,657796.0,656498.0,1298.0,666523.389689084,657347.7829790915,0.08632839385755779,0.08632839385755779,656502.0164552203,0.996905658535985,656498.000000119,0.9999999999083387,656498.0,1.0,656498.0,1.0,"[0, 1, 2, 4]",True,0.002727792415421552,False,Maximum number of function evaluations has been exceeded.,0.02813267707824707,"[3.392936947527153, 0.2678427104791867, 1.887962186375691, 0.09385350312821872, 0.8864594961760109, 0.12486117484036985]",finite_shot_token_qaoa,"[0, 1, 2, 4]",656498.0
swerv_w0005,swerv,medium_connectivity,finite_shot_holdout,8192,11,ring,reversed,3,18,COBYLA,beat_initial,40,25,204800,2690996.0,2690996.0,0.0,2728304.540024153,2698473.2593005477,0.0,0.06134342712726373,2691127.9728545486,,2690996.000578277,,2690996.0,,2690996.0,,"[0, 1, 2, 3]",True,0.0,True,Optimization terminated successfully.,0.021851778030395508,"[3.1422765089348568, 0.41989403250492335, 1.5952907483666152, 0.1861433993136087, 1.0412381609744688, 0.1203520100389062]",finite_shot_token_qaoa,"[0, 1, 2, 3]",2690996.0
swerv_w0006,swerv,medium_connectivity,finite_shot_holdout,8192,11,ring,reversed,3,18,COBYLA,beat_initial,40,33,270336,1509406.0,1508166.0,1240.0,1537950.2526754024,1517921.3362120185,0.0007881015485431928,0.0007881015485431928,1510727.794596674,-1.0659633844144523,1509258.6893845934,0.11879888339242298,1508215.0838483227,0.9604162513526276,1508166.0,1.0,"[0, 1, 4, 3]",True,0.00026813033046580283,True,Optimization terminated successfully.,0.020900249481201172,"[3.142514852611711, 0.6192090515266233, 1.594785952343466, 0.1865488885630154, 1.041101689550616, 0.12016193546098784]",finite_shot_token_qaoa,"[0, 1, 4, 3]",1508166.0
swerv_w0007,swerv,medium_connectivity,finite_shot_holdout,8192,11,ring,reversed,3,18,COBYLA,beat_initial,40,35,286720,1423387.0,1412527.0,10860.0,1439396.7587028376,1420272.3920890982,0.13729715174691695,0.051575565754415444,1412755.3767665732,0.9789708318072585,1412527.008659179,0.9999992026538591,1412527.0,1.0,1412527.0,1.0,"[0, 1, 2, 4]",True,0.003419668027727191,True,Optimization terminated successfully.,0.022670745849609375,"[3.0910887119265156, 0.39934606172141274, 1.7935528654619632, 0.1750110566557333, 1.044188249976967, 0.11053298511713316]",finite_shot_token_qaoa,"[0, 1, 2, 4]",1412527.0
swerv_w0008,swerv,high_connectivity,finite_shot_holdout,8192,11,ring,reversed,3,18,COBYLA,beat_initial,40,33,270336,889524.0,880058.0,9466.0,925087.8717878921,884230.8038716186,0.14592757185402666,0.13307188017178875,880058.6393263001,0.9999324607753938,880058.0,1.0,880058.0,1.0,880058.0,1.0,"[1, 0, 2, 3]",True,0.0035725009059784612,True,Optimization terminated successfully.,0.022367477416992188,"[3.091879606933031, 0.4206214240617602, 1.795644725228655, 0.18621578836708397, 1.0415454388078387, 0.1201537719664441]",finite_shot_token_qaoa,"[1, 0, 2, 3]",880058.0
swerv_w0009,swerv,high_connectivity,finite_shot_holdout,8192,11,ring,reversed,3,18,COBYLA,beat_initial,40,25,204800,642540.0,642540.0,0.0,705492.5155496235,652657.0927446398,0.0,0.08245343811926324,642581.997189943,,642540.0000016688,,642540.0,,642540.0,,"[0, 1, 2, 3]",True,0.0,True,Optimization terminated successfully.,0.01691722869873047,"[3.1422765089348568, 0.41989403250492335, 1.5952907483666152, 0.1861433993136087, 1.0412381609744688, 0.1203520100389062]",finite_shot_token_qaoa,"[0, 1, 2, 3]",642540.0
swerv_w0010,swerv,high_connectivity,finite_shot_holdout,8192,17,ring,reversed,3,18,COBYLA,beat_initial,40,38,311296,2124787.0,2121737.0,3050.0,2131896.838999143,2123496.2988299965,0.206575344031747,0.00042876826738349626,2122596.4170595226,0.718223914910627,2122470.9471640103,0.7593615855704077,2121852.859948847,0.9620131315255812,2121737.0,1.0,"[4, 0, 2, 3]",True,0.004685455143904843,True,Optimization terminated successfully.,0.02401137351989746,"[3.4219519267509804, 0.3212563759802989, 1.8051442982776849, 0.11539588730295913, 1.2119557009051432, 0.10180010950549813]",finite_shot_token_qaoa,"[4, 0, 2, 3]",2121737.0
swerv_w0011,swerv,high_connectivity,finite_shot_holdout,8192,11,ring,reversed,3,18,COBYLA,beat_initial,40,38,311296,832876.0,822134.0,10742.0,842997.5773976406,829353.457282841,0.1506487923518318,0.04277321128696463,822462.1236711211,0.9694541359969204,822134.0595312791,0.9999944580823737,822134.0,1.0,822134.0,1.0,"[0, 1, 2, 4]",True,0.003579067421961773,True,Optimization terminated successfully.,0.02372574806213379,"[3.0926253291307924, 0.4057728245305457, 1.7890602875853527, 0.17483006596867678, 1.039265381044803, 0.10466957516789924]",finite_shot_token_qaoa,"[0, 1, 2, 4]",822134.0
tinyRocket_w0000,tinyRocket,low_connectivity,finite_shot_holdout,8192,11,ring,reversed,3,18,COBYLA,beat_initial,40,25,204800,1116719.0,1116719.0,0.0,1142682.754660527,1118174.5551150802,0.0,0.09332503180528953,1116719.5375209674,,1116719.0000000033,,1116719.0,,1116719.0,,"[0, 1, 2, 3]",True,0.0,True,Optimization terminated successfully.,0.01646280288696289,"[3.1422765089348568, 0.41989403250492335, 1.5952907483666152, 0.1861433993136087, 1.0412381609744688, 0.1203520100389062]",finite_shot_token_qaoa,"[0, 1, 2, 3]",1116719.0
tinyRocket_w0001,tinyRocket,low_connectivity,finite_shot_holdout,8192,11,ring,reversed,3,18,COBYLA,beat_initial,40,25,204800,846115.0,846115.0,0.0,860842.4293439989,849917.088129,0.0,0.06949618974933376,846145.8370665261,,846115.0000219735,,846115.0,,846115.0,,"[0, 1, 2, 3]",True,0.0,True,Optimization terminated successfully.,0.016699790954589844,"[3.1422765089348568, 0.41989403250492335, 1.5952907483666152, 0.1861433993136087, 1.0412381609744688, 0.1203520100389062]",finite_shot_token_qaoa,"[0, 1, 2, 3]",846115.0
tinyRocket_w0002,tinyRocket,low_connectivity,finite_shot_holdout,8192,11,ring,reversed,3,18,COBYLA,beat_initial,40,40,327680,1725982.0,1725756.0,226.0,1750391.3843587562,1734053.418615545,0.010164271517219284,0.010164271517219284,1727088.430266343,-4.895709143110873,1725802.082924223,0.7960932556502686,1725756.0,1.0,1725756.0,1.0,"[0, 5, 2, 3]",True,0.0009358516017515906,False,Maximum number of function evaluations has been exceeded.,0.02501082420349121,"[3.0986207485782726, 0.5293230056419043, 1.806932887511091, 0.19628023845392775, 1.0616745093591413, 0.5022072399847161]",finite_shot_token_qaoa,"[0, 5, 2, 3]",1725756.0
tinyRocket_w0003,tinyRocket,low_connectivity,finite_shot_holdout,8192,11,ring,reversed,3,18,COBYLA,beat_initial,40,38,311296,92681.0,83306.0,9375.0,94829.13362095889,87065.89243874235,0.41547989209956976,0.018664670113105956,84024.34190783142,0.9233768631646487,83325.00692817506,0.9979725943279933,83306.0,1.0,83306.0,1.0,"[0, 4, 1, 3]",True,0.004911037454989969,True,Optimization terminated successfully.,0.0248870849609375,"[3.115534131039574, 0.47406653044156627, 1.5931321464030683, 0.42402288742574035, 1.040511715847604, 0.3367734458099114]",finite_shot_token_qaoa,"[0, 4, 1, 3]",83306.0
tinyRocket_w0004,tinyRocket,medium_connectivity,finite_shot_holdout,8192,11,ring,reversed,3,18,COBYLA,beat_initial,40,25,204800,133685.0,133685.0,0.0,148829.02733564647,135857.3712968612,0.0,0.06927710253765595,133689.86518032185,,133685.00000479489,,133685.0,,133685.0,,"[0, 1, 2, 3]",True,0.0,True,Optimization terminated successfully.,0.016360759735107422,"[3.1422765089348568, 0.41989403250492335, 1.5952907483666152, 0.1861433993136087, 1.0412381609744688, 0.1203520100389062]",finite_shot_token_qaoa,"[0, 1, 2, 3]",133685.0
tinyRocket_w0005,tinyRocket,medium_connectivity,finite_shot_holdout,8192,11,ring,reversed,3,18,COBYLA,beat_initial,40,40,327680,1830283.0,1825815.0,4468.0,1852437.5862571243,1828228.646087001,0.11494818224032449,0.11494818224032449,1825816.8034738998,0.9995963576768488,1825815.0000000002,0.9999999999999479,1825815.0,1.0,1825815.0,1.0,"[1, 0, 2, 3]",True,0.0030440566789990985,False,Maximum number of function evaluations has been exceeded.,0.025103092193603516,"[3.0258032353201085, 0.23778385290314785, 1.862699459558537, 0.08965119120499009, 1.0685037951727645, 0.1965166301235272]",finite_shot_token_qaoa,"[1, 0, 2, 3]",1825815.0
tinyRocket_w0006,tinyRocket,medium_connectivity,finite_shot_holdout,8192,11,ring,reversed,3,18,COBYLA,beat_initial,40,25,204800,1681129.0,1681129.0,0.0,1713138.6215783597,1688788.9518650193,0.0,0.07304885620259756,1681174.9774420934,,1681129.0000208414,,1681129.0,,1681129.0,,"[0, 1, 2, 3]",True,0.0,True,Optimization terminated successfully.,0.016303062438964844,"[3.1422765089348568, 0.41989403250492335, 1.5952907483666152, 0.1861433993136087, 1.0412381609744688, 0.1203520100389062]",finite_shot_token_qaoa,"[0, 1, 2, 3]",1681129.0
tinyRocket_w0007,tinyRocket,medium_connectivity,finite_shot_holdout,8192,11,ring,reversed,3,18,COBYLA,beat_initial,40,25,204800,1334079.0,1334079.0,0.0,1352266.8003810518,1338861.4898368972,0.0,0.07558533534516293,1334094.5787723514,,1334079.0000016373,,1334079.0,,1334079.0,,"[0, 1, 2, 3]",True,0.0,True,Optimization terminated successfully.,0.016521453857421875,"[3.1422765089348568, 0.41989403250492335, 1.5952907483666152, 0.1861433993136087, 1.0412381609744688, 0.1203520100389062]",finite_shot_token_qaoa,"[0, 1, 2, 3]",1334079.0
tinyRocket_w0008,tinyRocket,high_connectivity,finite_shot_holdout,8192,11,ring,reversed,3,18,COBYLA,beat_initial,40,40,327680,169151.0,159565.0,9586.0,204085.23060954324,167681.7496270635,0.09774149355813742,0.0006991283061547629,165183.1156422864,0.41392492778151463,164472.46540781806,0.4880591062155163,159899.307176523,0.9651254770996247,159565.0,1.0,"[0, 1, 4, 3]",True,0.0028463921604166666,False,Maximum number of function evaluations has been exceeded.,0.024763822555541992,"[3.4020881437422883, 0.3498304294428267, 1.881161296096284, 0.11710592965865824, 1.0633602242125808, 0.11406637667147299]",finite_shot_token_qaoa,"[0, 1, 4, 3]",159565.0
tinyRocket_w0009,tinyRocket,high_connectivity,finite_shot_holdout,8192,11,ring,reversed,3,18,COBYLA,beat_initial,40,40,327680,1401450.0,1400230.0,1220.0,1441552.0993087294,1416565.607487489,0.009638293001548672,0.006215657021807366,1402086.6466681566,-0.5218415312759089,1400386.7299376803,0.8715328379669685,1400230.0000000033,0.9999999999973281,1400230.0,1.0,"[4, 1, 0, 3]",True,0.0008026853250227027,False,Maximum number of function evaluations has been exceeded.,0.024944782257080078,"[3.141063993128784, 0.6318683586348591, 1.5296045410793835, 0.37380224959182223, 1.2271337506153304, 0.5170600345763279]",finite_shot_token_qaoa,"[4, 1, 0, 3]",1400230.0
tinyRocket_w0010,tinyRocket,high_connectivity,finite_shot_holdout,8192,11,ring,reversed,3,18,COBYLA,beat_initial,40,37,303104,951742.0,946712.0,5030.0,978435.6804542589,955014.0313643954,0.03329806144011197,0.0020446487960344463,950371.1216752449,0.2725404224165245,948511.0350475949,0.6423389567405718,946712.1264166805,0.9999748674591412,946712.0,1.0,"[2, 1, 0, 3]",True,0.00167199057884685,True,Optimization terminated successfully.,0.023078203201293945,"[3.0162108180895353, 0.6284299596917657, 1.8229667160319565, 0.16201591076547267, 0.9866305327646198, 0.09297923188261693]",finite_shot_token_qaoa,"[2, 1, 0, 3]",946712.0
tinyRocket_w0011,tinyRocket,high_connectivity,finite_shot_holdout,8192,11,ring,reversed,3,18,COBYLA,beat_initial,40,40,327680,2000966.0,1998516.0,2450.0,2012229.4478749128,2000750.188773638,0.09185929133552392,0.001805366503149618,2000209.6526689066,0.30871319636464956,1999712.334575723,0.5117001731743162,1998517.1596807807,0.9995266609058279,1998516.0,1.0,"[4, 1, 2, 3]",True,0.0027402880308072947,False,Maximum number of function evaluations has been exceeded.,0.02456808090209961,"[3.303871684040451, 0.31237707775813806, 1.7844133734866623, 0.03063697087908433, 1.0860769848571892, 0.16321723306781663]",finite_shot_token_qaoa,"[4, 1, 2, 3]",1998516.0
