instance_id,family,method,topology,routing_seed,active_qubits,symbolic_parameters,circuit_sha256,coupling_sha256,routed_sha256,routed_cx,routed_depth,routed_two_qubit_depth,runtime_seconds
phase_6_line_1,line,penalty_row_xy,line25,211,24,5,73eec801f54189ecba6e29c367a730aad214088f4a0201a538f0982a724d86c2,c2f3118a9974a81d61549e88762192e46148fce74b86f0a092bb7b2c8ab44148,24822e2fb3b2836e5ef98de872ef2abdd00eadc9b12f505787817ba16ddd8dff,2817,1324,546,1.0595707008615136
phase_6_line_1,line,penalty_row_xy,line25,223,24,5,73eec801f54189ecba6e29c367a730aad214088f4a0201a538f0982a724d86c2,c2f3118a9974a81d61549e88762192e46148fce74b86f0a092bb7b2c8ab44148,3682b5c2411b1cf5cbb7d0a033581fce0166deebd698977321b1965925f98cdf,2845,1370,530,0.49564276030287147
phase_6_line_1,line,penalty_row_xy,line25,227,24,5,73eec801f54189ecba6e29c367a730aad214088f4a0201a538f0982a724d86c2,c2f3118a9974a81d61549e88762192e46148fce74b86f0a092bb7b2c8ab44148,1493540461169335f5b1efd56ef4043195175afa201a2418b79763e1e8ca80ca,2830,1331,558,0.5028669708408415
phase_6_line_1,line,penalty_row_xy,line25,229,24,5,73eec801f54189ecba6e29c367a730aad214088f4a0201a538f0982a724d86c2,c2f3118a9974a81d61549e88762192e46148fce74b86f0a092bb7b2c8ab44148,815844b18651292b0126c47b38d4db09415ad5cbfbb2e4dcc85916dc6ac5195c,2832,1450,585,0.5450920411385596
phase_6_line_1,line,penalty_row_xy,line25,233,24,5,73eec801f54189ecba6e29c367a730aad214088f4a0201a538f0982a724d86c2,c2f3118a9974a81d61549e88762192e46148fce74b86f0a092bb7b2c8ab44148,24dc01daac65096a9d12408290fbccdd07e0815d5a2071da6d7b225cb02f2741,2825,1385,584,0.49996600998565555
phase_6_line_1,line,penalty_row_xy,grid25,211,24,5,73eec801f54189ecba6e29c367a730aad214088f4a0201a538f0982a724d86c2,c4c6cc02c886c248eb69f2a021d0cfa8fc81c64134bc38ee0f73d8d6c949595b,3f19133870f42d0f74f024a1d93ec61fa5d92808e599c7c805b625c22e5320b3,2491,1702,693,0.42373915296047926
phase_6_line_1,line,penalty_row_xy,grid25,223,24,5,73eec801f54189ecba6e29c367a730aad214088f4a0201a538f0982a724d86c2,c4c6cc02c886c248eb69f2a021d0cfa8fc81c64134bc38ee0f73d8d6c949595b,08ca8bfc5aaf0c4479942a7ead9a0c0f91c71ce7a3aa0e91d1373d77bc80954a,2507,1811,718,0.43261368898674846
phase_6_line_1,line,penalty_row_xy,grid25,227,24,5,73eec801f54189ecba6e29c367a730aad214088f4a0201a538f0982a724d86c2,c4c6cc02c886c248eb69f2a021d0cfa8fc81c64134bc38ee0f73d8d6c949595b,39b8eef9c513643f3c165f846978041b86785f90574f39c40ac003f5d10b9e61,2462,1636,693,0.49229803727939725
phase_6_line_1,line,penalty_row_xy,grid25,229,24,5,73eec801f54189ecba6e29c367a730aad214088f4a0201a538f0982a724d86c2,c4c6cc02c886c248eb69f2a021d0cfa8fc81c64134bc38ee0f73d8d6c949595b,2b3f4239168596db6a4e7e0775b09b639086587e47982b4f49e13b8e3c0d28bf,2502,1632,716,0.43157926900312304
phase_6_line_1,line,penalty_row_xy,grid25,233,24,5,73eec801f54189ecba6e29c367a730aad214088f4a0201a538f0982a724d86c2,c4c6cc02c886c248eb69f2a021d0cfa8fc81c64134bc38ee0f73d8d6c949595b,f0c0f1ba128feba37e65042a4d9acef1ae776b4dc007ef2e35e6cb3fc25ac91c,2421,1614,679,0.42461330303922296
phase_6_line_1,line,token_beam_zero,line25,211,19,5,01a341183ce53a4f7dcdf3bd2987d0a231544c9d4fba8266a4a0b0cfa1521117,c2f3118a9974a81d61549e88762192e46148fce74b86f0a092bb7b2c8ab44148,f11510a13924d139d0c1e18f7ccdb364add6728b316fc25bfa0e65ea58c68a82,5402,4922,3351,0.567407997790724
phase_6_line_1,line,token_beam_zero,line25,223,19,5,01a341183ce53a4f7dcdf3bd2987d0a231544c9d4fba8266a4a0b0cfa1521117,c2f3118a9974a81d61549e88762192e46148fce74b86f0a092bb7b2c8ab44148,e8c5978ef50ad33b4d006e9577bb1e9b15b7366fead463aa1ef3c764b3937b90,5365,4903,3300,0.5016553187742829
phase_6_line_1,line,token_beam_zero,line25,227,19,5,01a341183ce53a4f7dcdf3bd2987d0a231544c9d4fba8266a4a0b0cfa1521117,c2f3118a9974a81d61549e88762192e46148fce74b86f0a092bb7b2c8ab44148,5305fb77300573ef2188d8043c5ce6b2ac6f7060f3700a7e9c562415e238a315,5542,4951,3360,0.5018441923893988
phase_6_line_1,line,token_beam_zero,line25,229,19,5,01a341183ce53a4f7dcdf3bd2987d0a231544c9d4fba8266a4a0b0cfa1521117,c2f3118a9974a81d61549e88762192e46148fce74b86f0a092bb7b2c8ab44148,6c3530ffeeddd22dae529f1064deb335b51646db0b3aefa5377bc8b372b704ff,5492,5014,3434,0.43847066489979625
phase_6_line_1,line,token_beam_zero,line25,233,19,5,01a341183ce53a4f7dcdf3bd2987d0a231544c9d4fba8266a4a0b0cfa1521117,c2f3118a9974a81d61549e88762192e46148fce74b86f0a092bb7b2c8ab44148,3b6cbbbf121bc068aa1ce0dacc95299a3e6bb23593183579ab4d116a05ec7900,5352,4921,3309,0.5038812533020973
phase_6_line_1,line,token_beam_zero,grid25,211,19,5,01a341183ce53a4f7dcdf3bd2987d0a231544c9d4fba8266a4a0b0cfa1521117,c4c6cc02c886c248eb69f2a021d0cfa8fc81c64134bc38ee0f73d8d6c949595b,884902d07f0c81d877098907532f4cafa16be8d9708ece5c3444337c8f37856c,3241,3725,2332,0.3864118903875351
phase_6_line_1,line,token_beam_zero,grid25,223,19,5,01a341183ce53a4f7dcdf3bd2987d0a231544c9d4fba8266a4a0b0cfa1521117,c4c6cc02c886c248eb69f2a021d0cfa8fc81c64134bc38ee0f73d8d6c949595b,5d75a42f42145106cc93679a686e4f79eed90dfb7589e8690f230b66577d95fc,3307,3829,2402,0.34656305704265833
phase_6_line_1,line,token_beam_zero,grid25,227,19,5,01a341183ce53a4f7dcdf3bd2987d0a231544c9d4fba8266a4a0b0cfa1521117,c4c6cc02c886c248eb69f2a021d0cfa8fc81c64134bc38ee0f73d8d6c949595b,7b8eda8262e24bc5b64fb6efc9950deccf94b3c2fa4641002a3d09a79851d7a3,3276,3714,2315,0.3138690940104425
phase_6_line_1,line,token_beam_zero,grid25,229,19,5,01a341183ce53a4f7dcdf3bd2987d0a231544c9d4fba8266a4a0b0cfa1521117,c4c6cc02c886c248eb69f2a021d0cfa8fc81c64134bc38ee0f73d8d6c949595b,033dd28b4d18885c471198a1f39374b28885373c1412aaef4539589f482637d6,3352,3673,2355,0.37343048118054867
phase_6_line_1,line,token_beam_zero,grid25,233,19,5,01a341183ce53a4f7dcdf3bd2987d0a231544c9d4fba8266a4a0b0cfa1521117,c4c6cc02c886c248eb69f2a021d0cfa8fc81c64134bc38ee0f73d8d6c949595b,f7fa4ad89d030f3b791d790d0903977691bacb05969baf420f5d6f49269165e1,3283,3814,2341,0.3851017118431628
phase_6_line_1,line,token_beam_l1,line25,211,19,5,6b3b1dde6c9805f33e15ef7de769b7cecae1f9e94c52b94aa4c8d40d0ba38a00,c2f3118a9974a81d61549e88762192e46148fce74b86f0a092bb7b2c8ab44148,af2aa71877f14581162cbc951dcc05b1e1c960c3e6638dc8b0668dcff740d7fe,4014,3726,2422,0.30145918717607856
phase_6_line_1,line,token_beam_l1,line25,223,19,5,6b3b1dde6c9805f33e15ef7de769b7cecae1f9e94c52b94aa4c8d40d0ba38a00,c2f3118a9974a81d61549e88762192e46148fce74b86f0a092bb7b2c8ab44148,f410c58f2966c0464e061b94b458582f09633bdc0b33cdf917d912e999eaad9b,4005,3745,2406,0.34411045676097274
phase_6_line_1,line,token_beam_l1,line25,227,19,5,6b3b1dde6c9805f33e15ef7de769b7cecae1f9e94c52b94aa4c8d40d0ba38a00,c2f3118a9974a81d61549e88762192e46148fce74b86f0a092bb7b2c8ab44148,c72d6b7e906fe5356a5cc4091f467959c6fe490a2be691980531779b4d32c165,4038,3665,2411,0.2940221577882767
phase_6_line_1,line,token_beam_l1,line25,229,19,5,6b3b1dde6c9805f33e15ef7de769b7cecae1f9e94c52b94aa4c8d40d0ba38a00,c2f3118a9974a81d61549e88762192e46148fce74b86f0a092bb7b2c8ab44148,552ddbf9f3b464fe29d7992bfddb6057858c60a4c4026ff12006db6df3e193f0,4067,3674,2438,0.29602958215400577
phase_6_line_1,line,token_beam_l1,line25,233,19,5,6b3b1dde6c9805f33e15ef7de769b7cecae1f9e94c52b94aa4c8d40d0ba38a00,c2f3118a9974a81d61549e88762192e46148fce74b86f0a092bb7b2c8ab44148,96a1b80f6b0d0670a7b0bee513f93f4350143a8851a29a1b7eb532d6e3771152,4045,3742,2461,0.2964640581049025
phase_6_line_1,line,token_beam_l1,grid25,211,19,5,6b3b1dde6c9805f33e15ef7de769b7cecae1f9e94c52b94aa4c8d40d0ba38a00,c4c6cc02c886c248eb69f2a021d0cfa8fc81c64134bc38ee0f73d8d6c949595b,28f9f4bf4d8d00875e6bb0a76de9f51a34ea979e2a45280457a5817b8b399ad0,2462,2771,1763,0.2573342230170965
phase_6_line_1,line,token_beam_l1,grid25,223,19,5,6b3b1dde6c9805f33e15ef7de769b7cecae1f9e94c52b94aa4c8d40d0ba38a00,c4c6cc02c886c248eb69f2a021d0cfa8fc81c64134bc38ee0f73d8d6c949595b,0d740cdac40d359b48f54c378bfa83bc29f57b2d689cd744e6fb82b90a940e41,2405,2782,1737,0.3368961946107447
phase_6_line_1,line,token_beam_l1,grid25,227,19,5,6b3b1dde6c9805f33e15ef7de769b7cecae1f9e94c52b94aa4c8d40d0ba38a00,c4c6cc02c886c248eb69f2a021d0cfa8fc81c64134bc38ee0f73d8d6c949595b,77c70372cb1599728cd0bfe757a80f56f3eae5a9dec231ad12a9408997c6b3a6,2437,2740,1732,0.2608212339691818
phase_6_line_1,line,token_beam_l1,grid25,229,19,5,6b3b1dde6c9805f33e15ef7de769b7cecae1f9e94c52b94aa4c8d40d0ba38a00,c4c6cc02c886c248eb69f2a021d0cfa8fc81c64134bc38ee0f73d8d6c949595b,044165c82b43834d347a7aaeaf34bdede97a66edd66eeed3c5d7f52e01e0c529,2442,2789,1748,0.23845597403123975
phase_6_line_1,line,token_beam_l1,grid25,233,19,5,6b3b1dde6c9805f33e15ef7de769b7cecae1f9e94c52b94aa4c8d40d0ba38a00,c4c6cc02c886c248eb69f2a021d0cfa8fc81c64134bc38ee0f73d8d6c949595b,3ebfb924dbe15ad93d4a765c7c72ce8b1a7d42602d05d5988f05513d7f745192,2413,2778,1739,0.25642403587698936
phase_6_line_1,line,token_gray_zero,line25,211,19,5,e73549e38574871724184ab874bc54f8c4f8e1b2b69f9ac81ee2305fb90ba786,c2f3118a9974a81d61549e88762192e46148fce74b86f0a092bb7b2c8ab44148,b41d42fc8796140892c826e81ef694bec12a5c6152db66623c1a5d8ce74f80fe,3835,3442,2335,0.30784028582274914
phase_6_line_1,line,token_gray_zero,line25,223,19,5,e73549e38574871724184ab874bc54f8c4f8e1b2b69f9ac81ee2305fb90ba786,c2f3118a9974a81d61549e88762192e46148fce74b86f0a092bb7b2c8ab44148,4a82493594e8c2dfeb1e910aaab0e6049f0750383f855d8c8ba5ead2bb522e3e,3818,3506,2362,0.30393493128940463
phase_6_line_1,line,token_gray_zero,line25,227,19,5,e73549e38574871724184ab874bc54f8c4f8e1b2b69f9ac81ee2305fb90ba786,c2f3118a9974a81d61549e88762192e46148fce74b86f0a092bb7b2c8ab44148,0d69ef01acbcd6fd45075029cf83293daf6b4d00bf46b2e7217ef6a85fabfcda,3707,3444,2316,0.34771413495764136
phase_6_line_1,line,token_gray_zero,line25,229,19,5,e73549e38574871724184ab874bc54f8c4f8e1b2b69f9ac81ee2305fb90ba786,c2f3118a9974a81d61549e88762192e46148fce74b86f0a092bb7b2c8ab44148,830882cf3e59bcca82b732dffdff2d3dc773fab50fed743912754d8bd040c088,3841,3528,2409,0.3078628689981997
phase_6_line_1,line,token_gray_zero,line25,233,19,5,e73549e38574871724184ab874bc54f8c4f8e1b2b69f9ac81ee2305fb90ba786,c2f3118a9974a81d61549e88762192e46148fce74b86f0a092bb7b2c8ab44148,03d354cec8fc823a245d685415be3ee95d8e428d76c0278fad3c2a497a0afcbb,3890,3354,2348,0.312146392185241
phase_6_line_1,line,token_gray_zero,grid25,211,19,5,e73549e38574871724184ab874bc54f8c4f8e1b2b69f9ac81ee2305fb90ba786,c4c6cc02c886c248eb69f2a021d0cfa8fc81c64134bc38ee0f73d8d6c949595b,bc78f85589f6b798acb6e8499b47fb23053cddf16dc7749498bae94c5b03e857,2392,2541,1586,0.27264163503423333
phase_6_line_1,line,token_gray_zero,grid25,223,19,5,e73549e38574871724184ab874bc54f8c4f8e1b2b69f9ac81ee2305fb90ba786,c4c6cc02c886c248eb69f2a021d0cfa8fc81c64134bc38ee0f73d8d6c949595b,1f6f655f581de5e60be66c2bd6bd8ef030d331badefa30e794456230ea6e4171,2429,2667,1655,0.2739009871147573
phase_6_line_1,line,token_gray_zero,grid25,227,19,5,e73549e38574871724184ab874bc54f8c4f8e1b2b69f9ac81ee2305fb90ba786,c4c6cc02c886c248eb69f2a021d0cfa8fc81c64134bc38ee0f73d8d6c949595b,894d4708cf76b363e20d0eb7e456e5d3f53ee709ce1fdabd49ca49150a8a2133,2393,2636,1659,0.31702249869704247
phase_6_line_1,line,token_gray_zero,grid25,229,19,5,e73549e38574871724184ab874bc54f8c4f8e1b2b69f9ac81ee2305fb90ba786,c4c6cc02c886c248eb69f2a021d0cfa8fc81c64134bc38ee0f73d8d6c949595b,8bb0bae30a86e8b7633deaa134cd454e40720480766459f788f44e05eaf25a17,2401,2631,1598,0.27523921709507704
phase_6_line_1,line,token_gray_zero,grid25,233,19,5,e73549e38574871724184ab874bc54f8c4f8e1b2b69f9ac81ee2305fb90ba786,c4c6cc02c886c248eb69f2a021d0cfa8fc81c64134bc38ee0f73d8d6c949595b,e68b883320bc2cd80c5bc9c8cb592828cc1e23978e427ec50783aa61b5bf9e61,2415,2616,1640,0.27116792974993587
phase_6_line_1,line,token_gray_l1,line25,211,19,5,3a250d88f5c1d9053ce9896b2c67285a852d4c967a5195fdbd391d85d9b5c897,c2f3118a9974a81d61549e88762192e46148fce74b86f0a092bb7b2c8ab44148,e6eaf78474f466ef9000824331353b03b895c808a7c5b481b5ff5cfcdd48ea61,3599,3239,2248,0.29378357995301485
phase_6_line_1,line,token_gray_l1,line25,223,19,5,3a250d88f5c1d9053ce9896b2c67285a852d4c967a5195fdbd391d85d9b5c897,c2f3118a9974a81d61549e88762192e46148fce74b86f0a092bb7b2c8ab44148,43d949c7de7acd7bae0ff8ac5513d5184b62e74b9d680223c5c27a4e3c1c8311,3584,3194,2245,0.29680940601974726
phase_6_line_1,line,token_gray_l1,line25,227,19,5,3a250d88f5c1d9053ce9896b2c67285a852d4c967a5195fdbd391d85d9b5c897,c2f3118a9974a81d61549e88762192e46148fce74b86f0a092bb7b2c8ab44148,b60ca213d7c32f0952ea94bbb2fb25c718c5a1ce62a42e7499d3b3cc3b2f7791,3569,3160,2168,0.3397686332464218
phase_6_line_1,line,token_gray_l1,line25,229,19,5,3a250d88f5c1d9053ce9896b2c67285a852d4c967a5195fdbd391d85d9b5c897,c2f3118a9974a81d61549e88762192e46148fce74b86f0a092bb7b2c8ab44148,08d68413dc33f84230b7d146419e9fce32e9f11abae42c614341d76e6521060b,3571,3255,2247,0.29495774302631617
phase_6_line_1,line,token_gray_l1,line25,233,19,5,3a250d88f5c1d9053ce9896b2c67285a852d4c967a5195fdbd391d85d9b5c897,c2f3118a9974a81d61549e88762192e46148fce74b86f0a092bb7b2c8ab44148,85988276b22b3f7b24b478a2720aa98c4b0138967fdbf5c975c90e3b68d25a5c,3598,3321,2307,0.36508253356441855
phase_6_line_1,line,token_gray_l1,grid25,211,19,5,3a250d88f5c1d9053ce9896b2c67285a852d4c967a5195fdbd391d85d9b5c897,c4c6cc02c886c248eb69f2a021d0cfa8fc81c64134bc38ee0f73d8d6c949595b,33f82598740d24473fe01e9cb03c53fe99a52344733853b94dc381bd1eca93b6,2268,2365,1554,0.2558038430288434
phase_6_line_1,line,token_gray_l1,grid25,223,19,5,3a250d88f5c1d9053ce9896b2c67285a852d4c967a5195fdbd391d85d9b5c897,c4c6cc02c886c248eb69f2a021d0cfa8fc81c64134bc38ee0f73d8d6c949595b,04552b7d633661f798e10c2de70695912641137f8520a47723bac6e8f1e6220b,2192,2313,1452,0.28807209664955735
phase_6_line_1,line,token_gray_l1,grid25,227,19,5,3a250d88f5c1d9053ce9896b2c67285a852d4c967a5195fdbd391d85d9b5c897,c4c6cc02c886c248eb69f2a021d0cfa8fc81c64134bc38ee0f73d8d6c949595b,dbdfae4c6e84f1fdf99cec1981b09552dbaaa9b671b17b4fc1bf0f56b19db5a1,2227,2279,1505,0.23676517326384783
phase_6_line_1,line,token_gray_l1,grid25,229,19,5,3a250d88f5c1d9053ce9896b2c67285a852d4c967a5195fdbd391d85d9b5c897,c4c6cc02c886c248eb69f2a021d0cfa8fc81c64134bc38ee0f73d8d6c949595b,5b282f6283700af785552d8aa5b77d571e2241291b59c94348abde1cd0a59256,2227,2372,1500,0.258887005969882
phase_6_line_1,line,token_gray_l1,grid25,233,19,5,3a250d88f5c1d9053ce9896b2c67285a852d4c967a5195fdbd391d85d9b5c897,c4c6cc02c886c248eb69f2a021d0cfa8fc81c64134bc38ee0f73d8d6c949595b,cc89df09921b2a6c1090433cab079aa1d224bce64b2a0fef2db4907747ef5439,2242,2375,1509,0.3293969389051199
