kind,width,terms,seconds,sites,policy,gray_cx,gray_rz,naive_cx,valid_residual
growth,1,2,7.584225386381149e-06,,,,,,
growth,2,8,1.2343283742666245e-05,,,,,,
growth,3,24,2.4145003408193588e-05,,,,,,
growth,4,60,4.6386849135160446e-05,,,,,,
growth,5,136,9.69618558883667e-05,,,,,,
growth,6,292,0.00020845234394073486,,,,,,
growth,7,608,0.0006295419298112392,,,,,,
growth,8,1244,0.0009782370179891586,,,,,,
growth,9,2520,0.0019682561978697777,,,,,,
growth,10,5076,0.003994781989604235,,,,,,
growth,11,10192,0.007551230024546385,,,,,,
growth,12,20428,0.014334048144519329,,,,,,
growth,13,40904,0.03029886819422245,,,,,,
growth,14,81860,0.0609076083637774,,,,,,
growth,15,163776,0.12917765229940414,,,,,,
growth,16,327612,0.2741068829782307,,,,,,
row,3,43,,6,zero,292,218,178,0.0
row,3,22,,6,l1,238,108,88,0.0
row,3,23,,6,structured,264,114,82,0.0
grid,3,51,,6,zero,318,258,202,0.0
grid,3,8,,6,l1,86,40,20,0.0
grid,3,8,,6,structured,86,40,20,0.0
row,3,23,,8,zero,264,114,82,0.0
row,3,23,,8,l1,264,114,82,0.0
row,3,23,,8,structured,264,114,82,0.0
grid,3,8,,8,zero,86,40,20,0.0
grid,3,8,,8,l1,86,40,20,0.0
grid,3,8,,8,structured,86,40,20,0.0
row,4,214,,9,zero,1406,1164,1168,0.0
row,4,25,,9,l1,344,126,122,0.0
row,4,59,,9,structured,720,306,282,0.0
grid,4,191,,9,zero,1262,1026,978,0.0
grid,4,9,,9,l1,110,46,26,0.0
grid,4,14,,9,structured,148,68,36,0.0
row,4,151,,12,zero,1286,818,866,0.0
row,4,58,,12,l1,706,300,296,0.0
row,4,59,,12,structured,720,306,282,0.0
grid,4,127,,12,zero,1182,706,770,0.0
grid,4,9,,12,l1,110,46,26,0.0
grid,4,14,,12,structured,148,68,36,0.0
row,4,59,,16,zero,720,306,282,0.0
row,4,59,,16,l1,720,306,282,0.0
row,4,59,,16,structured,720,306,282,0.0
grid,4,14,,16,zero,148,68,36,0.0
grid,4,14,,16,l1,148,68,36,0.0
grid,4,14,,16,structured,148,68,36,0.0
