instance_id,initialization,temperature,seed,ratio,evaluations
0000_sparse_grid_502,deterministic,0.05,401,1.0,128
0000_sparse_grid_502,deterministic,0.05,409,1.0,128
0000_sparse_grid_502,deterministic,0.05,419,1.0,128
0000_sparse_grid_502,deterministic,0.05,421,1.0,128
0000_sparse_grid_502,deterministic,0.2,401,1.0,128
0000_sparse_grid_502,deterministic,0.2,409,1.0,128
0000_sparse_grid_502,deterministic,0.2,419,1.0,128
0000_sparse_grid_502,deterministic,0.2,421,1.0,128
0000_sparse_grid_502,deterministic,1.0,401,1.0,128
0000_sparse_grid_502,deterministic,1.0,409,1.0,128
0000_sparse_grid_502,deterministic,1.0,419,1.0,128
0000_sparse_grid_502,deterministic,1.0,421,1.0,128
0000_sparse_grid_502,poor,0.05,401,1.0,128
0000_sparse_grid_502,poor,0.05,409,1.0,128
0000_sparse_grid_502,poor,0.05,419,1.0,128
0000_sparse_grid_502,poor,0.05,421,1.0,128
0000_sparse_grid_502,poor,0.2,401,1.0,128
0000_sparse_grid_502,poor,0.2,409,1.0,128
0000_sparse_grid_502,poor,0.2,419,1.0,128
0000_sparse_grid_502,poor,0.2,421,1.0,128
0000_sparse_grid_502,poor,1.0,401,1.0,128
0000_sparse_grid_502,poor,1.0,409,1.0,128
0000_sparse_grid_502,poor,1.0,419,1.0,128
0000_sparse_grid_502,poor,1.0,421,1.0,128
0000_sparse_grid_502,random,0.05,401,1.0,128
0000_sparse_grid_502,random,0.05,409,1.0,128
0000_sparse_grid_502,random,0.05,419,1.0,128
0000_sparse_grid_502,random,0.05,421,1.0,128
0000_sparse_grid_502,random,0.2,401,1.0,128
0000_sparse_grid_502,random,0.2,409,1.0,128
0000_sparse_grid_502,random,0.2,419,1.0,128
0000_sparse_grid_502,random,0.2,421,1.0,128
0000_sparse_grid_502,random,1.0,401,1.0,128
0000_sparse_grid_502,random,1.0,409,1.0,128
0000_sparse_grid_502,random,1.0,419,1.0,128
0000_sparse_grid_502,random,1.0,421,1.0,128
0001_dense_grid_503,deterministic,0.05,401,1.0,128
0001_dense_grid_503,deterministic,0.05,409,1.0,128
0001_dense_grid_503,deterministic,0.05,419,1.0,128
0001_dense_grid_503,deterministic,0.05,421,1.0,128
0001_dense_grid_503,deterministic,0.2,401,1.0,128
0001_dense_grid_503,deterministic,0.2,409,1.0,128
0001_dense_grid_503,deterministic,0.2,419,1.0,128
0001_dense_grid_503,deterministic,0.2,421,1.0,128
0001_dense_grid_503,deterministic,1.0,401,1.0,128
0001_dense_grid_503,deterministic,1.0,409,1.0,128
0001_dense_grid_503,deterministic,1.0,419,1.0,128
0001_dense_grid_503,deterministic,1.0,421,1.0,128
0001_dense_grid_503,poor,0.05,401,1.0,128
0001_dense_grid_503,poor,0.05,409,1.0,128
0001_dense_grid_503,poor,0.05,419,1.0,128
0001_dense_grid_503,poor,0.05,421,1.0,128
0001_dense_grid_503,poor,0.2,401,1.0,128
0001_dense_grid_503,poor,0.2,409,1.0,128
0001_dense_grid_503,poor,0.2,419,1.0,128
0001_dense_grid_503,poor,0.2,421,1.0,128
0001_dense_grid_503,poor,1.0,401,1.0,128
0001_dense_grid_503,poor,1.0,409,1.0,128
0001_dense_grid_503,poor,1.0,419,1.0,128
0001_dense_grid_503,poor,1.0,421,1.0,128
0001_dense_grid_503,random,0.05,401,1.0,128
0001_dense_grid_503,random,0.05,409,1.0,128
0001_dense_grid_503,random,0.05,419,1.0,128
0001_dense_grid_503,random,0.05,421,1.0,128
0001_dense_grid_503,random,0.2,401,1.0,128
0001_dense_grid_503,random,0.2,409,1.0,128
0001_dense_grid_503,random,0.2,419,1.0,128
0001_dense_grid_503,random,0.2,421,1.0,128
0001_dense_grid_503,random,1.0,401,1.0,128
0001_dense_grid_503,random,1.0,409,1.0,128
0001_dense_grid_503,random,1.0,419,1.0,128
0001_dense_grid_503,random,1.0,421,1.0,128
0002_sparse_grid_line_504,deterministic,0.05,401,1.0,128
0002_sparse_grid_line_504,deterministic,0.05,409,1.0,128
0002_sparse_grid_line_504,deterministic,0.05,419,1.0,128
0002_sparse_grid_line_504,deterministic,0.05,421,1.0,128
0002_sparse_grid_line_504,deterministic,0.2,401,1.0,128
0002_sparse_grid_line_504,deterministic,0.2,409,1.0,128
0002_sparse_grid_line_504,deterministic,0.2,419,1.0,128
0002_sparse_grid_line_504,deterministic,0.2,421,1.0,128
0002_sparse_grid_line_504,deterministic,1.0,401,1.0,128
0002_sparse_grid_line_504,deterministic,1.0,409,1.0,128
0002_sparse_grid_line_504,deterministic,1.0,419,1.0,128
0002_sparse_grid_line_504,deterministic,1.0,421,1.0,128
0002_sparse_grid_line_504,poor,0.05,401,1.0,128
0002_sparse_grid_line_504,poor,0.05,409,1.0,128
0002_sparse_grid_line_504,poor,0.05,419,1.0,128
0002_sparse_grid_line_504,poor,0.05,421,1.0,128
0002_sparse_grid_line_504,poor,0.2,401,1.0,128
0002_sparse_grid_line_504,poor,0.2,409,1.0,128
0002_sparse_grid_line_504,poor,0.2,419,1.0,128
0002_sparse_grid_line_504,poor,0.2,421,1.0,128
0002_sparse_grid_line_504,poor,1.0,401,1.0,128
0002_sparse_grid_line_504,poor,1.0,409,1.0,128
0002_sparse_grid_line_504,poor,1.0,419,1.0,128
0002_sparse_grid_line_504,poor,1.0,421,1.0,128
0002_sparse_grid_line_504,random,0.05,401,1.0,128
0002_sparse_grid_line_504,random,0.05,409,1.0,128
0002_sparse_grid_line_504,random,0.05,419,1.0,128
0002_sparse_grid_line_504,random,0.05,421,1.0,128
0002_sparse_grid_line_504,random,0.2,401,1.0,128
0002_sparse_grid_line_504,random,0.2,409,1.0,128
0002_sparse_grid_line_504,random,0.2,419,1.0,128
0002_sparse_grid_line_504,random,0.2,421,1.0,128
0002_sparse_grid_line_504,random,1.0,401,1.0,128
0002_sparse_grid_line_504,random,1.0,409,1.0,128
0002_sparse_grid_line_504,random,1.0,419,1.0,128
0002_sparse_grid_line_504,random,1.0,421,1.0,128
0003_dense_grid_line_505,deterministic,0.05,401,1.0,128
0003_dense_grid_line_505,deterministic,0.05,409,1.0,128
0003_dense_grid_line_505,deterministic,0.05,419,1.0,128
0003_dense_grid_line_505,deterministic,0.05,421,1.0,128
0003_dense_grid_line_505,deterministic,0.2,401,1.0,128
0003_dense_grid_line_505,deterministic,0.2,409,1.0,128
0003_dense_grid_line_505,deterministic,0.2,419,1.0,128
0003_dense_grid_line_505,deterministic,0.2,421,1.0,128
0003_dense_grid_line_505,deterministic,1.0,401,1.0,128
0003_dense_grid_line_505,deterministic,1.0,409,1.0,128
0003_dense_grid_line_505,deterministic,1.0,419,1.0,128
0003_dense_grid_line_505,deterministic,1.0,421,1.0,128
0003_dense_grid_line_505,poor,0.05,401,1.0,128
0003_dense_grid_line_505,poor,0.05,409,1.0,128
0003_dense_grid_line_505,poor,0.05,419,1.0,128
0003_dense_grid_line_505,poor,0.05,421,1.0,128
0003_dense_grid_line_505,poor,0.2,401,1.0,128
0003_dense_grid_line_505,poor,0.2,409,1.0,128
0003_dense_grid_line_505,poor,0.2,419,1.0,128
0003_dense_grid_line_505,poor,0.2,421,1.0,128
0003_dense_grid_line_505,poor,1.0,401,1.0,128
0003_dense_grid_line_505,poor,1.0,409,1.0,128
0003_dense_grid_line_505,poor,1.0,419,1.0,128
0003_dense_grid_line_505,poor,1.0,421,1.0,128
0003_dense_grid_line_505,random,0.05,401,1.0,128
0003_dense_grid_line_505,random,0.05,409,1.0,128
0003_dense_grid_line_505,random,0.05,419,1.0,128
0003_dense_grid_line_505,random,0.05,421,1.0,128
0003_dense_grid_line_505,random,0.2,401,1.0,128
0003_dense_grid_line_505,random,0.2,409,1.0,128
0003_dense_grid_line_505,random,0.2,419,1.0,128
0003_dense_grid_line_505,random,0.2,421,1.0,128
0003_dense_grid_line_505,random,1.0,401,1.0,128
0003_dense_grid_line_505,random,1.0,409,1.0,128
0003_dense_grid_line_505,random,1.0,419,1.0,128
0003_dense_grid_line_505,random,1.0,421,1.0,128
0004_sparse_grid_lshape_506,deterministic,0.05,401,1.0,128
0004_sparse_grid_lshape_506,deterministic,0.05,409,1.0,128
0004_sparse_grid_lshape_506,deterministic,0.05,419,1.0,128
0004_sparse_grid_lshape_506,deterministic,0.05,421,1.0,128
0004_sparse_grid_lshape_506,deterministic,0.2,401,1.0,128
0004_sparse_grid_lshape_506,deterministic,0.2,409,1.0,128
0004_sparse_grid_lshape_506,deterministic,0.2,419,1.0,128
0004_sparse_grid_lshape_506,deterministic,0.2,421,1.0,128
0004_sparse_grid_lshape_506,deterministic,1.0,401,1.0,128
0004_sparse_grid_lshape_506,deterministic,1.0,409,1.0,128
0004_sparse_grid_lshape_506,deterministic,1.0,419,1.0,128
0004_sparse_grid_lshape_506,deterministic,1.0,421,1.0,128
0004_sparse_grid_lshape_506,poor,0.05,401,1.0,128
0004_sparse_grid_lshape_506,poor,0.05,409,1.0,128
0004_sparse_grid_lshape_506,poor,0.05,419,1.0,128
0004_sparse_grid_lshape_506,poor,0.05,421,1.0,128
0004_sparse_grid_lshape_506,poor,0.2,401,1.0,128
0004_sparse_grid_lshape_506,poor,0.2,409,1.0,128
0004_sparse_grid_lshape_506,poor,0.2,419,1.0,128
0004_sparse_grid_lshape_506,poor,0.2,421,1.0,128
0004_sparse_grid_lshape_506,poor,1.0,401,1.0,128
0004_sparse_grid_lshape_506,poor,1.0,409,1.0,128
0004_sparse_grid_lshape_506,poor,1.0,419,1.0,128
0004_sparse_grid_lshape_506,poor,1.0,421,1.0,128
0004_sparse_grid_lshape_506,random,0.05,401,1.0,128
0004_sparse_grid_lshape_506,random,0.05,409,1.0,128
0004_sparse_grid_lshape_506,random,0.05,419,1.0,128
0004_sparse_grid_lshape_506,random,0.05,421,1.0,128
0004_sparse_grid_lshape_506,random,0.2,401,1.0,128
0004_sparse_grid_lshape_506,random,0.2,409,1.0,128
0004_sparse_grid_lshape_506,random,0.2,419,1.0,128
0004_sparse_grid_lshape_506,random,0.2,421,1.0,128
0004_sparse_grid_lshape_506,random,1.0,401,1.0,128
0004_sparse_grid_lshape_506,random,1.0,409,1.0,128
0004_sparse_grid_lshape_506,random,1.0,419,1.0,128
0004_sparse_grid_lshape_506,random,1.0,421,1.0,128
0005_dense_grid_lshape_507,deterministic,0.05,401,1.0,128
0005_dense_grid_lshape_507,deterministic,0.05,409,1.0,128
0005_dense_grid_lshape_507,deterministic,0.05,419,1.0,128
0005_dense_grid_lshape_507,deterministic,0.05,421,1.0,128
0005_dense_grid_lshape_507,deterministic,0.2,401,1.0,128
0005_dense_grid_lshape_507,deterministic,0.2,409,1.0,128
0005_dense_grid_lshape_507,deterministic,0.2,419,1.0,128
0005_dense_grid_lshape_507,deterministic,0.2,421,1.0,128
0005_dense_grid_lshape_507,deterministic,1.0,401,1.0,128
0005_dense_grid_lshape_507,deterministic,1.0,409,1.0,128
0005_dense_grid_lshape_507,deterministic,1.0,419,1.0,128
0005_dense_grid_lshape_507,deterministic,1.0,421,1.0,128
0005_dense_grid_lshape_507,poor,0.05,401,1.0,128
0005_dense_grid_lshape_507,poor,0.05,409,1.0,128
0005_dense_grid_lshape_507,poor,0.05,419,1.0,128
0005_dense_grid_lshape_507,poor,0.05,421,1.0,128
0005_dense_grid_lshape_507,poor,0.2,401,1.0,128
0005_dense_grid_lshape_507,poor,0.2,409,1.0,128
0005_dense_grid_lshape_507,poor,0.2,419,1.0,128
0005_dense_grid_lshape_507,poor,0.2,421,1.0,128
0005_dense_grid_lshape_507,poor,1.0,401,1.0,128
0005_dense_grid_lshape_507,poor,1.0,409,1.0,128
0005_dense_grid_lshape_507,poor,1.0,419,1.0,128
0005_dense_grid_lshape_507,poor,1.0,421,1.0,128
0005_dense_grid_lshape_507,random,0.05,401,1.0,128
0005_dense_grid_lshape_507,random,0.05,409,1.0,128
0005_dense_grid_lshape_507,random,0.05,419,1.0,128
0005_dense_grid_lshape_507,random,0.05,421,1.0,128
0005_dense_grid_lshape_507,random,0.2,401,1.0,128
0005_dense_grid_lshape_507,random,0.2,409,1.0,128
0005_dense_grid_lshape_507,random,0.2,419,1.0,128
0005_dense_grid_lshape_507,random,0.2,421,1.0,128
0005_dense_grid_lshape_507,random,1.0,401,1.0,128
0005_dense_grid_lshape_507,random,1.0,409,1.0,128
0005_dense_grid_lshape_507,random,1.0,419,1.0,128
0005_dense_grid_lshape_507,random,1.0,421,1.0,128
