selection_stratum,method,windows_all,windows_with_opportunity,mean_gap_closed_improving,bootstrap_95_low,bootstrap_95_high,optimal_hit_rate_improving,mean_improvement_dbu_all,mean_optimal_probability_all,mean_probability_beating_initial_improving
high_connectivity,unchanged,12,9,0.0,0.0,0.0,0.0,0.0,,
high_connectivity,random_search,12,9,0.31154261491348084,0.11665324690430949,0.5064174216946533,0.0,2555.5416666666665,,
high_connectivity,simulated_annealing,12,9,0.775315140886733,0.6257940163067581,0.9151160682458173,0.6666666666666666,3801.0416666666665,,
high_connectivity,greedy,12,9,0.8888888888888888,0.6666666666666666,1.0,0.8888888888888888,4525.833333333333,,
high_connectivity,token_qaoa,12,9,0.6567412507171544,0.3333333333333333,0.8888888888888888,0.5555555555555556,4164.833333333333,0.18692029877897218,0.15814016243711576
high_connectivity,exact,12,9,1.0,1.0,1.0,1.0,4657.333333333333,,
low_connectivity,unchanged,12,8,0.0,0.0,0.0,0.0,0.0,,
low_connectivity,random_search,12,8,0.6410371831548815,0.3510940288249347,0.8910435191198202,0.4375,835.0,,
low_connectivity,simulated_annealing,12,8,0.774340832123851,0.6175919206579584,0.9310897435897436,0.625,992.75,,
low_connectivity,greedy,12,8,0.875,0.625,1.0,0.875,978.0,,
low_connectivity,token_qaoa,12,8,0.4784030356854513,0.1875,0.75,0.375,915.4166666666666,0.1901138207569533,0.07969603853686207
low_connectivity,exact,12,8,1.0,1.0,1.0,1.0,1149.6666666666667,,
medium_connectivity,unchanged,12,10,0.0,0.0,0.0,0.0,0.0,,
medium_connectivity,random_search,12,10,0.46773172838737664,0.29256229530362576,0.6462554312069516,0.15,3400.5,,
medium_connectivity,simulated_annealing,12,10,0.8095623362982115,0.6035318859377365,0.9614044102659346,0.65,4906.666666666667,,
medium_connectivity,greedy,12,10,1.0,1.0,1.0,1.0,5332.166666666667,,
medium_connectivity,token_qaoa,12,10,0.6665057338768695,0.4279456223022479,0.8765838570360657,0.4,4217.625,0.11161954375993537,0.14299720772520086
medium_connectivity,exact,12,10,1.0,1.0,1.0,1.0,5332.166666666667,,
