design,method,windows_all,windows_with_opportunity,mean_gap_closed_improving,bootstrap_95_low,bootstrap_95_high,optimal_hit_rate_improving,mean_improvement_dbu_all,mean_optimal_probability_all,mean_probability_beating_initial_improving
aes,unchanged,12,8,0.0,0.0,0.0,0.0,0.0,,
aes,random_search,12,8,0.31279812340706187,0.10019816885830159,0.5354823292651012,0.125,1122.1666666666667,,
aes,simulated_annealing,12,8,0.7210206451635236,0.5883530183727035,0.8627892932526611,0.625,2213.875,,
aes,greedy,12,8,0.875,0.625,1.0,0.875,2556.0833333333335,,
aes,token_qaoa,12,8,0.4473393142435787,0.125,0.7696786284871574,0.375,1930.5,0.20326549771157157,0.07332719305523884
aes,exact,12,8,1.0,1.0,1.0,1.0,2687.5833333333335,,
gcd,unchanged,12,9,0.0,0.0,0.0,0.0,0.0,,
gcd,random_search,12,9,0.5534884861198965,0.309470023818584,0.8017132202249639,0.2222222222222222,3338.625,,
gcd,simulated_annealing,12,9,0.8385958919723797,0.6853717633851988,0.9794138703777259,0.6111111111111112,4211.166666666667,,
gcd,greedy,12,9,1.0,1.0,1.0,1.0,4782.833333333333,,
gcd,token_qaoa,12,9,0.6542893932012284,0.3950622625439127,0.8962234513644035,0.5,4230.291666666667,0.16064803397285357,0.10654993514845379
gcd,exact,12,9,1.0,1.0,1.0,1.0,4782.833333333333,,
ibex,unchanged,12,10,0.0,0.0,0.0,0.0,0.0,,
ibex,random_search,12,10,0.5125716920998583,0.31777999202545726,0.6995093602518441,0.2,2330.25,,
ibex,simulated_annealing,12,10,0.7952658098893914,0.57936155878902,0.9621716599442183,0.7,3275.4166666666665,,
ibex,greedy,12,10,0.9,0.7,1.0,0.9,3497.0833333333335,,
ibex,token_qaoa,12,10,0.6935633827947009,0.45,0.9108409542463398,0.45,3137.0833333333335,0.1247401316114357,0.19452348867029526
ibex,exact,12,10,1.0,1.0,1.0,1.0,3668.75,,
